path_id,gamma,strategy,terminal_profit,terminal_inventory,negative_delta_count,bernoulli_violation_count
0,0.01,inventory_full,60.387024725211404,4,0,0
1,0.01,inventory_full,70.49584627713422,1,0,0
2,0.01,inventory_full,72.21599753334277,-1,0,0
3,0.01,inventory_full,71.0369955303616,2,0,0
4,0.01,inventory_full,81.83977741403646,-7,0,0
5,0.01,inventory_full,63.91560857710499,-1,0,0
6,0.01,inventory_full,61.37131063102845,2,0,0
7,0.01,inventory_full,76.52418851493525,5,0,0
8,0.01,inventory_full,78.09915832358803,4,0,0
9,0.01,inventory_full,87.75372360066302,-3,0,0
10,0.01,inventory_full,63.237494562432516,8,0,0
11,0.01,inventory_full,59.73133299994305,2,0,0
12,0.01,inventory_full,64.86528922384866,6,0,0
13,0.01,inventory_full,67.25607993643945,2,0,0
14,0.01,inventory_full,86.41028192943361,-6,0,0
15,0.01,inventory_full,56.92020459351741,0,0,0
16,0.01,inventory_full,81.09692092732291,-9,0,0
17,0.01,inventory_full,66.98358973328433,-1,0,0
18,0.01,inventory_full,66.14294806205544,-4,0,0
19,0.01,inventory_full,74.94974449221283,0,0,0
20,0.01,inventory_full,75.4097638740372,4,0,0
21,0.01,inventory_full,84.43067314526645,1,0,0
22,0.01,inventory_full,68.78303071178027,10,0,0
23,0.01,inventory_full,52.916888999595244,4,0,0
24,0.01,inventory_full,67.24050257435607,4,0,0
25,0.01,inventory_full,64.89460836523926,5,0,0
26,0.01,inventory_full,66.9000287087992,3,0,0
27,0.01,inventory_full,55.441844822143366,7,0,0
28,0.01,inventory_full,67.2807975557169,2,0,0
29,0.01,inventory_full,65.08244104043519,-3,0,0
30,0.01,inventory_full,76.99551734509225,7,0,0
31,0.01,inventory_full,69.30884275203988,-3,0,0
32,0.01,inventory_full,67.05703722396481,2,0,0
33,0.01,inventory_full,64.98779202764091,1,0,0
34,0.01,inventory_full,65.84523369887029,8,0,0
35,0.01,inventory_full,60.637706064688345,1,0,0
36,0.01,inventory_full,74.86912593976854,-5,0,0
37,0.01,inventory_full,63.64555582735153,-1,0,0
38,0.01,inventory_full,70.18141838014424,-6,0,0
39,0.01,inventory_full,70.79298397096932,5,0,0
40,0.01,inventory_full,62.919709377917,7,0,0
41,0.01,inventory_full,79.80960608327014,1,0,0
42,0.01,inventory_full,62.644675180607805,-4,0,0
43,0.01,inventory_full,64.73351663997119,11,0,0
44,0.01,inventory_full,64.49190030237361,-3,0,0
45,0.01,inventory_full,56.880703311837976,2,0,0
46,0.01,inventory_full,54.223014922172865,-5,0,0
47,0.01,inventory_full,64.10555887157807,-5,0,0
48,0.01,inventory_full,61.499463140348126,-1,0,0
49,0.01,inventory_full,59.6347103620264,2,0,0
50,0.01,inventory_full,64.37014101186668,4,0,0
51,0.01,inventory_full,70.5910462771343,5,0,0
52,0.01,inventory_full,63.01075056827813,4,0,0
53,0.01,inventory_full,58.04019808133283,0,0,0
54,0.01,inventory_full,68.93770132124496,-1,0,0
55,0.01,inventory_full,65.68543148402375,-3,0,0
56,0.01,inventory_full,70.97007417412414,-4,0,0
57,0.01,inventory_full,59.98658574969659,-2,0,0
58,0.01,inventory_full,68.04312569314074,0,0,0
59,0.01,inventory_full,63.919761086424614,4,0,0
60,0.01,inventory_full,67.49710257435595,-10,0,0
61,0.01,inventory_full,62.23886209910211,-2,0,0
62,0.01,inventory_full,54.50262800367784,9,0,0
63,0.01,inventory_full,66.04450534958092,0,0,0
64,0.01,inventory_full,67.85478799930553,4,0,0
65,0.01,inventory_full,56.476205634763346,7,0,0
66,0.01,inventory_full,69.710805298639,8,0,0
67,0.01,inventory_full,63.29189047695991,-5,0,0
68,0.01,inventory_full,74.3156653675826,-8,0,0
69,0.01,inventory_full,57.97776762098363,7,0,0
70,0.01,inventory_full,73.29718472083908,-1,0,0
71,0.01,inventory_full,68.6956849836468,-5,0,0
72,0.01,inventory_full,67.7111601023156,-3,0,0
73,0.01,inventory_full,67.8909731838209,3,0,0
74,0.01,inventory_full,65.53238247123039,-1,0,0
75,0.01,inventory_full,59.28287394987058,-4,0,0
76,0.01,inventory_full,58.08801663377716,5,0,0
77,0.01,inventory_full,68.13344926422417,-9,0,0
78,0.01,inventory_full,72.07459601122906,-4,0,0
79,0.01,inventory_full,76.3265194275836,5,0,0
80,0.01,inventory_full,54.40408622437053,-8,0,0
81,0.01,inventory_full,69.31187542723569,1,0,0
82,0.01,inventory_full,83.66701105096718,-7,0,0
83,0.01,inventory_full,69.0359377334005,1,0,0
84,0.01,inventory_full,69.62515933007148,2,0,0
85,0.01,inventory_full,82.03246131687234,4,0,0
86,0.01,inventory_full,78.53096358266134,-3,0,0
87,0.01,inventory_full,58.26066564657074,1,0,0
88,0.01,inventory_full,85.10245507368954,0,0,0
89,0.01,inventory_full,68.20067190214142,1,0,0
90,0.01,inventory_full,63.74406236810421,-6,0,0
91,0.01,inventory_full,80.26759500474566,4,0,0
92,0.01,inventory_full,55.10922696243233,-2,0,0
93,0.01,inventory_full,66.05129683441544,3,0,0
94,0.01,inventory_full,64.88767219351746,4,0,0
95,0.01,inventory_full,56.153328724979474,-10,0,0
96,0.01,inventory_full,66.10182670581817,0,0,0
97,0.01,inventory_full,71.879196011229,-4,0,0
98,0.01,inventory_full,76.92297113609165,0,0,0
99,0.01,inventory_full,75.00617716740868,4,0,0
100,0.01,inventory_full,57.305257343270966,4,0,0
101,0.01,inventory_full,54.23608248741044,4,0,0
102,0.01,inventory_full,61.034709108915024,1,0,0
103,0.01,inventory_full,58.8000560901596,1,0,0
104,0.01,inventory_full,79.05506008613509,-2,0,0
105,0.01,inventory_full,60.21207290862509,5,0,0
106,0.01,inventory_full,62.66935534648371,1,0,0
107,0.01,inventory_full,66.01651386474637,3,0,0
108,0.01,inventory_full,61.51826535519439,6,0,0
109,0.01,inventory_full,64.97044325528175,0,0,0
110,0.01,inventory_full,84.09838772031719,-3,0,0
111,0.01,inventory_full,66.21882670581817,-6,0,0
112,0.01,inventory_full,57.95501546017704,-9,0,0
113,0.01,inventory_full,90.00180860188078,-5,0,0
114,0.01,inventory_full,81.04348825212749,1,0,0
115,0.01,inventory_full,53.03798398095546,8,0,0
116,0.01,inventory_full,57.97805035021861,10,0,0
117,0.01,inventory_full,72.75707513585951,6,0,0
118,0.01,inventory_full,55.23379580935,-5,0,0
119,0.01,inventory_full,53.15396321366461,-8,0,0
120,0.01,inventory_full,68.00686816518156,1,0,0
121,0.01,inventory_full,57.22866364359004,-2,0,0
122,0.01,inventory_full,53.57834327146202,-7,0,0
123,0.01,inventory_full,60.87152392439975,-4,0,0
124,0.01,inventory_full,76.58338442946263,4,0,0
125,0.01,inventory_full,52.77180661887246,6,0,0
126,0.01,inventory_full,66.5123580993345,-4,0,0
127,0.01,inventory_full,68.24568823973942,-5,0,0
128,0.01,inventory_full,61.16313174683171,-1,0,0
129,0.01,inventory_full,70.50815129577347,3,0,0
130,0.01,inventory_full,63.924767386743895,-4,0,0
131,0.01,inventory_full,77.47390100749476,3,0,0
132,0.01,inventory_full,57.842759105818004,-4,0,0
133,0.01,inventory_full,59.97921060246057,-5,0,0
134,0.01,inventory_full,78.05289927351521,8,0,0
135,0.01,inventory_full,69.68046282659765,5,0,0
136,0.01,inventory_full,67.51724878335693,5,0,0
137,0.01,inventory_full,67.01017969600542,3,0,0
138,0.01,inventory_full,68.95475884920394,0,0,0
139,0.01,inventory_full,69.0289276961214,-9,0,0
140,0.01,inventory_full,74.61342943629427,-6,0,0
141,0.01,inventory_full,69.55798044587505,-7,0,0
142,0.01,inventory_full,59.259296587787446,4,0,0
143,0.01,inventory_full,65.69868118955077,3,0,0
144,0.01,inventory_full,73.26131459224186,0,0,0
145,0.01,inventory_full,72.77466662069389,-5,0,0
146,0.01,inventory_full,87.93255232703285,-5,0,0
147,0.01,inventory_full,72.8716354676116,0,0,0
148,0.01,inventory_full,65.33430230535424,0,0,0
149,0.01,inventory_full,78.05181059247377,-6,0,0
150,0.01,inventory_full,66.84454072049095,5,0,0
151,0.01,inventory_full,67.52234528683073,-4,0,0
152,0.01,inventory_full,72.29976007994105,4,0,0
153,0.01,inventory_full,73.3650485491172,8,0,0
154,0.01,inventory_full,75.62029374544022,-9,0,0
155,0.01,inventory_full,65.21071712083891,1,0,0
156,0.01,inventory_full,82.09907565148978,13,0,0
157,0.01,inventory_full,77.82496157968058,12,0,0
158,0.01,inventory_full,75.04207692697491,5,0,0
159,0.01,inventory_full,69.46181159895752,-4,0,0
160,0.01,inventory_full,68.81693247432713,2,0,0
161,0.01,inventory_full,58.77367090564405,2,0,0
162,0.01,inventory_full,80.57282137962255,-2,0,0
163,0.01,inventory_full,76.37463192014309,7,0,0
164,0.01,inventory_full,62.1116060932564,2,0,0
165,0.01,inventory_full,80.34304249542572,-9,0,0
166,0.01,inventory_full,67.08503722396495,-2,0,0
167,0.01,inventory_full,52.73483777195514,-3,0,0
168,0.01,inventory_full,61.99837341806102,4,0,0
169,0.01,inventory_full,73.81778997991216,-4,0,0
170,0.01,inventory_full,67.24740129267667,2,0,0
171,0.01,inventory_full,56.42980411264989,6,0,0
172,0.01,inventory_full,62.221327449493856,-6,0,0
173,0.01,inventory_full,65.49342843979753,9,0,0
174,0.01,inventory_full,59.84697419030442,9,0,0
175,0.01,inventory_full,75.80414428034712,0,0,0
176,0.01,inventory_full,55.60880106842319,-6,0,0
177,0.01,inventory_full,76.75669505568794,4,0,0
178,0.01,inventory_full,75.22719198289292,-11,0,0
179,0.01,inventory_full,65.76136765574574,6,0,0
180,0.01,inventory_full,76.65144604289446,6,0,0
181,0.01,inventory_full,69.67953447730824,-1,0,0
182,0.01,inventory_full,56.17927271913322,4,0,0
183,0.01,inventory_full,57.246587563186495,2,0,0
184,0.01,inventory_full,76.36225303594654,4,0,0
185,0.01,inventory_full,83.1277497860481,2,0,0
186,0.01,inventory_full,75.71727041479016,-1,0,0
187,0.01,inventory_full,58.31298548069469,10,0,0
188,0.01,inventory_full,62.38132744949371,10,0,0
189,0.01,inventory_full,51.307544043705775,6,0,0
190,0.01,inventory_full,63.49059175863965,5,0,0
191,0.01,inventory_full,71.18248421140322,6,0,0
192,0.01,inventory_full,68.63136141256314,-6,0,0
193,0.01,inventory_full,76.24294801730741,-8,0,0
194,0.01,inventory_full,77.22355632060697,-3,0,0
195,0.01,inventory_full,65.34734128086905,-4,0,0
196,0.01,inventory_full,78.86680408028944,0,0,0
197,0.01,inventory_full,65.90518773030364,0,0,0
198,0.01,inventory_full,61.194076433719616,1,0,0
199,0.01,inventory_full,61.82789103733819,2,0,0
200,0.01,inventory_full,67.88278169898632,4,0,0
201,0.01,inventory_full,73.09326114975465,-2,0,0
202,0.01,inventory_full,75.78698547070852,1,0,0
203,0.01,inventory_full,70.71904475502049,6,0,0
204,0.01,inventory_full,70.190634717742,-2,0,0
205,0.01,inventory_full,64.3130987802599,-2,0,0
206,0.01,inventory_full,76.07545407719192,5,0,0
207,0.01,inventory_full,69.62742793655502,8,0,0
208,0.01,inventory_full,72.93678797693099,-7,0,0
209,0.01,inventory_full,76.45356283279204,-3,0,0
210,0.01,inventory_full,64.27694779305347,-2,0,0
211,0.01,inventory_full,66.87753220532528,-4,0,0
212,0.01,inventory_full,64.14577520917584,-3,0,0
213,0.01,inventory_full,85.99884773212477,7,0,0
214,0.01,inventory_full,69.34384905235873,-3,0,0
215,0.01,inventory_full,56.83013446492026,-1,0,0
216,0.01,inventory_full,67.20331738984089,7,0,0
217,0.01,inventory_full,75.96320028619311,-12,0,0
218,0.01,inventory_full,76.82253624604917,3,0,0
219,0.01,inventory_full,70.59266413684543,-2,0,0
220,0.01,inventory_full,71.9884598395073,-1,0,0
221,0.01,inventory_full,79.146680160693,-4,0,0
222,0.01,inventory_full,80.57343771722017,0,0,0
223,0.01,inventory_full,75.03671811733562,-4,0,0
224,0.01,inventory_full,68.50315359013081,5,0,0
225,0.01,inventory_full,65.50696613363237,1,0,0
226,0.01,inventory_full,73.95901413994233,-3,0,0
227,0.01,inventory_full,69.38883645172075,-7,0,0
228,0.01,inventory_full,76.233444520781,-1,0,0
229,0.01,inventory_full,71.21650054900128,2,0,0
230,0.01,inventory_full,69.79575559311185,0,0,0
231,0.01,inventory_full,74.98956082981076,0,0,0
232,0.01,inventory_full,69.84860682075177,3,0,0
233,0.01,inventory_full,76.64559225189511,1,0,0
234,0.01,inventory_full,57.674227712301615,-2,0,0
235,0.01,inventory_full,66.04473802477696,-2,0,0
236,0.01,inventory_full,91.55289976677109,2,0,0
237,0.01,inventory_full,80.0118799488274,0,0,0
238,0.01,inventory_full,85.6474851855263,4,0,0
239,0.01,inventory_full,59.748157852706726,1,0,0
240,0.01,inventory_full,70.82450159024665,-7,0,0
241,0.01,inventory_full,63.45525080871221,1,0,0
242,0.01,inventory_full,70.32109224570081,-9,0,0
243,0.01,inventory_full,57.532306356064566,-4,0,0
244,0.01,inventory_full,90.89783067941954,-4,0,0
245,0.01,inventory_full,63.165193280752646,4,0,0
246,0.01,inventory_full,68.29215428286402,1,0,0
247,0.01,inventory_full,54.974441777916695,-1,0,0
248,0.01,inventory_full,66.79777443693206,-2,0,0
249,0.01,inventory_full,65.43472494327125,2,0,0
250,0.01,inventory_full,78.65867490161963,3,0,0
251,0.01,inventory_full,59.84439052790259,3,0,0
252,0.01,inventory_full,59.9016005651813,-5,0,0
253,0.01,inventory_full,61.93342873117348,-2,0,0
254,0.01,inventory_full,65.50544629950821,-2,0,0
255,0.01,inventory_full,72.65028295829173,1,0,0
256,0.01,inventory_full,57.225038790826716,-3,0,0
257,0.01,inventory_full,60.967235243358004,-6,0,0
258,0.01,inventory_full,67.70356383927515,-7,0,0
259,0.01,inventory_full,69.49274929279258,2,0,0
260,0.01,inventory_full,65.88072494327105,8,0,0
261,0.01,inventory_full,61.869343306224124,2,0,0
262,0.01,inventory_full,89.4959143132537,-1,0,0
263,0.01,inventory_full,77.81600277004151,-3,0,0
264,0.01,inventory_full,70.41306109261889,0,0,0
265,0.01,inventory_full,66.21975809933441,0,0,0
266,0.01,inventory_full,77.00547941082289,-8,0,0
267,0.01,inventory_full,72.73708925861081,-9,0,0
268,0.01,inventory_full,61.5970304651525,-3,0,0
269,0.01,inventory_full,68.60936362740946,3,0,0
270,0.01,inventory_full,67.35082240847993,5,0,0
271,0.01,inventory_full,72.18332518989877,1,0,0
272,0.01,inventory_full,58.678502058726224,5,0,0
273,0.01,inventory_full,60.18214199597648,1,0,0
274,0.01,inventory_full,67.6352914958315,3,0,0
275,0.01,inventory_full,66.18850687169436,5,0,0
276,0.01,inventory_full,61.00506009612138,1,0,0
277,0.01,inventory_full,75.70572012031704,-5,0,0
278,0.01,inventory_full,59.977613165819434,-3,0,0
279,0.01,inventory_full,68.62017996500751,-1,0,0
280,0.01,inventory_full,69.37745687479122,-2,0,0
281,0.01,inventory_full,90.17119821608958,14,0,0
282,0.01,inventory_full,68.67258848017309,4,0,0
283,0.01,inventory_full,59.28315411574671,1,0,0
284,0.01,inventory_full,78.0401460714628,5,0,0
285,0.01,inventory_full,60.96239253088356,6,0,0
286,0.01,inventory_full,60.44982998428452,-3,0,0
287,0.01,inventory_full,56.00777995261967,7,0,0
288,0.01,inventory_full,68.02129675490471,6,0,0
289,0.01,inventory_full,65.67292016506543,1,0,0
290,0.01,inventory_full,71.9285681142394,-11,0,0
291,0.01,inventory_full,55.72704634425668,-8,0,0
292,0.01,inventory_full,80.66303923933339,5,0,0
293,0.01,inventory_full,76.05109678966699,-5,0,0
294,0.01,inventory_full,72.9640206521268,-7,0,0
295,0.01,inventory_full,68.36718474321299,-2,0,0
296,0.01,inventory_full,74.17448018306715,5,0,0
297,0.01,inventory_full,68.1074719021413,-3,0,0
298,0.01,inventory_full,71.70026461771283,10,0,0
299,0.01,inventory_full,90.47457792966594,-4,0,0
300,0.01,inventory_full,74.47327319001477,11,0,0
301,0.01,inventory_full,74.54658194561421,1,0,0
302,0.01,inventory_full,69.45490810243143,-1,0,0
303,0.01,inventory_full,67.78095788746919,12,0,0
304,0.01,inventory_full,67.03225308069545,-10,0,0
305,0.01,inventory_full,74.52310808005748,0,0,0
306,0.01,inventory_full,77.59651187415356,0,0,0
307,0.01,inventory_full,71.60939075215593,1,0,0
308,0.01,inventory_full,74.15213771102617,-6,0,0
309,0.01,inventory_full,69.87465583354566,-1,0,0
310,0.01,inventory_full,70.0675545518659,-7,0,0
311,0.01,inventory_full,68.90349979913128,8,0,0
312,0.01,inventory_full,73.39537842051976,3,0,0
313,0.01,inventory_full,71.95693848326994,7,0,0
314,0.01,inventory_full,86.92076735438332,10,0,0
315,0.01,inventory_full,72.69998645481814,-12,0,0
316,0.01,inventory_full,77.3247741803182,2,0,0
317,0.01,inventory_full,75.20177238920303,-3,0,0
318,0.01,inventory_full,71.02186787380526,-2,0,0
319,0.01,inventory_full,82.73615082729373,9,0,0
320,0.01,inventory_full,78.64350383985607,-9,0,0
321,0.01,inventory_full,69.79106434871102,2,0,0
322,0.01,inventory_full,78.85287268677291,-6,0,0
323,0.01,inventory_full,48.5178119003198,-2,0,0
324,0.01,inventory_full,68.64148976185243,4,0,0
325,0.01,inventory_full,87.01091287065088,-5,0,0
326,0.01,inventory_full,60.93782520607908,-8,0,0
327,0.01,inventory_full,63.50040331803177,-6,0,0
328,0.01,inventory_full,70.77732339878366,-8,0,0
329,0.01,inventory_full,65.40842366159143,-2,0,0
330,0.01,inventory_full,68.33776210529629,2,0,0
331,0.01,inventory_full,65.26029074596198,-5,0,0
332,0.01,inventory_full,69.48096410827736,-7,0,0
333,0.01,inventory_full,77.12566763956545,3,0,0
334,0.01,inventory_full,59.67159052790214,-1,0,0
335,0.01,inventory_full,64.02860857710539,5,0,0
336,0.01,inventory_full,67.75903548998576,7,0,0
337,0.01,inventory_full,72.71925810552827,2,0,0
338,0.01,inventory_full,80.52482137962248,0,0,0
339,0.01,inventory_full,59.04097114607788,1,0,0
340,0.01,inventory_full,54.571592765123285,-3,0,0
341,0.01,inventory_full,56.447193034125135,1,0,0
342,0.01,inventory_full,79.88928472703253,-3,0,0
343,0.01,inventory_full,85.24575379201009,2,0,0
344,0.01,inventory_full,58.772944771201026,-3,0,0
345,0.01,inventory_full,64.6042379962085,5,0,0
346,0.01,inventory_full,70.96063367649612,-1,0,0
347,0.01,inventory_full,64.37824277441405,-8,0,0
348,0.01,inventory_full,69.58903797383437,0,0,0
349,0.01,inventory_full,64.45840532101272,-3,0,0
350,0.01,inventory_full,89.69756810425281,-8,0,0
351,0.01,inventory_full,83.0479055514603,-9,0,0
352,0.01,inventory_full,94.0619255812694,-9,0,0
353,0.01,inventory_full,67.5217764399132,-5,0,0
354,0.01,inventory_full,75.88240250103956,-5,0,0
355,0.01,inventory_full,71.77134478358906,1,0,0
356,0.01,inventory_full,65.26393345843655,-1,0,0
357,0.01,inventory_full,68.97797996500742,-7,0,0
358,0.01,inventory_full,59.829310362026376,-6,0,0
359,0.01,inventory_full,70.1460985460198,5,0,0
360,0.01,inventory_full,71.86535482086798,1,0,0
361,0.01,inventory_full,57.83356540613693,-4,0,0
362,0.01,inventory_full,56.8750895375988,-10,0,0
363,0.01,inventory_full,66.84309953012973,4,0,0
364,0.01,inventory_full,61.533073177627045,-3,0,0
365,0.01,inventory_full,79.78460608327026,3,0,0
366,0.01,inventory_full,69.17127716121536,-6,0,0
367,0.01,inventory_full,67.69846664306806,-6,0,0
368,0.01,inventory_full,62.75563772720653,-1,0,0
369,0.01,inventory_full,70.78136763337136,-3,0,0
370,0.01,inventory_full,71.34319075215615,3,0,0
371,0.01,inventory_full,63.206913114876784,3,0,0
372,0.01,inventory_full,59.16577592428348,8,0,0
373,0.01,inventory_full,77.71596940211269,1,0,0
374,0.01,inventory_full,79.155743988971,1,0,0
375,0.01,inventory_full,76.99801011160594,2,0,0
376,0.01,inventory_full,75.86730530483247,0,0,0
377,0.01,inventory_full,52.639370206716876,-10,0,0
378,0.01,inventory_full,63.094344267959386,0,0,0
379,0.01,inventory_full,63.11343703447314,1,0,0
380,0.01,inventory_full,47.72773755389534,5,0,0
381,0.01,inventory_full,68.8655098364103,0,0,0
382,0.01,inventory_full,89.65475550361509,6,0,0
383,0.01,inventory_full,65.88596135542662,2,0,0
384,0.01,inventory_full,66.56868727800409,1,0,0
385,0.01,inventory_full,71.77408095531078,2,0,0
386,0.01,inventory_full,60.83191388712092,2,0,0
387,0.01,inventory_full,66.9179236901598,3,0,0
388,0.01,inventory_full,75.57388523027464,6,0,0
389,0.01,inventory_full,62.36737867713407,3,0,0
390,0.01,inventory_full,75.4413786895218,3,0,0
391,0.01,inventory_full,70.65985479229983,-6,0,0
392,0.01,inventory_full,63.29386562419677,-6,0,0
393,0.01,inventory_full,75.48017868952189,-5,0,0
394,0.01,inventory_full,85.3319226389275,-1,0,0
395,0.01,inventory_full,66.31592237991185,-10,0,0
396,0.01,inventory_full,74.4948342145002,-9,0,0
397,0.01,inventory_full,68.83131613672936,-4,0,0
398,0.01,inventory_full,83.44645480468739,10,0,0
399,0.01,inventory_full,66.50071843108657,2,0,0
400,0.01,inventory_full,62.36219757809067,-3,0,0
401,0.01,inventory_full,59.60092669962431,0,0,0
402,0.01,inventory_full,70.60199878645375,2,0,0
403,0.01,inventory_full,83.56187487924574,2,0,0
404,0.01,inventory_full,68.12911717797495,1,0,0
405,0.01,inventory_full,74.20924902998489,2,0,0
406,0.01,inventory_full,66.90013220532518,-4,0,0
407,0.01,inventory_full,59.001777446396886,3,0,0
408,0.01,inventory_full,72.93714830868339,-5,0,0
409,0.01,inventory_full,63.32283447111416,-3,0,0
410,0.01,inventory_full,65.76959403062244,4,0,0
411,0.01,inventory_full,55.63755357774255,-3,0,0
412,0.01,inventory_full,67.45731261163507,6,0,0
413,0.01,inventory_full,74.5281633931699,-2,0,0
414,0.01,inventory_full,67.77338799930556,4,0,0
415,0.01,inventory_full,62.43447144364802,-6,0,0
416,0.01,inventory_full,74.57607692697496,-1,0,0
417,0.01,inventory_full,64.30022269985625,8,0,0
418,0.01,inventory_full,52.82757394367661,6,0,0
419,0.01,inventory_full,52.09463099076822,-5,0,0
420,0.01,inventory_full,65.06929856839432,0,0,0
421,0.01,inventory_full,71.23833543904345,3,0,0
422,0.01,inventory_full,93.41237411319617,-9,0,0
423,0.01,inventory_full,68.46433095221386,1,0,0
424,0.01,inventory_full,81.20956059557068,-7,0,0
425,0.01,inventory_full,71.04379179340185,-2,0,0
426,0.01,inventory_full,66.25427793345835,3,0,0
427,0.01,inventory_full,48.905493588309355,-4,0,0
428,0.01,inventory_full,63.17292523464698,-13,0,0
429,0.01,inventory_full,76.05467671510883,-11,0,0
430,0.01,inventory_full,76.78537743641061,-4,0,0
431,0.01,inventory_full,74.42625906726377,2,0,0
432,0.01,inventory_full,66.5196942710563,1,0,0
433,0.01,inventory_full,87.31562792656894,1,0,0
434,0.01,inventory_full,78.63980103606309,-8,0,0
435,0.01,inventory_full,58.707942556354666,0,0,0
436,0.01,inventory_full,60.69624002156365,-1,0,0
437,0.01,inventory_full,58.25017918037588,4,0,0
438,0.01,inventory_full,63.20358324347421,6,0,0
439,0.01,inventory_full,76.4037558397394,-5,0,0
440,0.01,inventory_full,63.05740657412423,-4,0,0
441,0.01,inventory_full,60.191563111780056,10,0,0
442,0.01,inventory_full,64.26429878026028,-4,0,0
443,0.01,inventory_full,73.89152497803326,-3,0,0
444,0.01,inventory_full,65.26846332983956,2,0,0
445,0.01,inventory_full,60.405332999943084,8,0,0
446,0.01,inventory_full,74.22735404862419,-2,0,0
447,0.01,inventory_full,64.5010691492912,4,0,0
448,0.01,inventory_full,61.07429907163606,5,0,0
449,0.01,inventory_full,79.78890957979604,4,0,0
450,0.01,inventory_full,63.934200061939464,4,0,0
451,0.01,inventory_full,78.19542367397938,2,0,0
452,0.01,inventory_full,48.93867046952505,-12,0,0
453,0.01,inventory_full,60.750192530883396,-4,0,0
454,0.01,inventory_full,81.52268721088134,2,0,0
455,0.01,inventory_full,51.20615885919017,3,0,0
456,0.01,inventory_full,60.13909706865519,-4,0,0
457,0.01,inventory_full,79.93361307632247,3,0,0
458,0.01,inventory_full,66.93850735256188,-1,0,0
459,0.01,inventory_full,84.97741457606173,-1,0,0
460,0.01,inventory_full,69.70497566766949,-2,0,0
461,0.01,inventory_full,71.15344932136077,5,0,0
462,0.01,inventory_full,54.5429352371641,-4,0,0
463,0.01,inventory_full,61.650442024544645,-6,0,0
464,0.01,inventory_full,76.06027415175005,1,0,0
465,0.01,inventory_full,57.86081511166384,-4,0,0
466,0.01,inventory_full,59.36489880263434,9,0,0
467,0.01,inventory_full,68.84492243704847,-10,0,0
468,0.01,inventory_full,71.94964350190952,3,0,0
469,0.01,inventory_full,65.77353650266332,-3,0,0
470,0.01,inventory_full,64.36076260853804,5,0,0
471,0.01,inventory_full,40.51025444567813,14,0,0
472,0.01,inventory_full,60.32710862804731,3,0,0
473,0.01,inventory_full,73.4763472674374,6,0,0
474,0.01,inventory_full,70.67376133305252,1,0,0
475,0.01,inventory_full,72.85712193380618,3,0,0
476,0.01,inventory_full,76.42046937354425,2,0,0
477,0.01,inventory_full,77.59220055519499,0,0,0
478,0.01,inventory_full,79.27950757681526,-7,0,0
479,0.01,inventory_full,73.3808897394785,-3,0,0
480,0.01,inventory_full,64.57578898341507,3,0,0
481,0.01,inventory_full,62.355889996092344,-5,0,0
482,0.01,inventory_full,68.42658799930541,-14,0,0
483,0.01,inventory_full,78.07135680147428,-3,0,0
484,0.01,inventory_full,71.59388573351657,-9,0,0
485,0.01,inventory_full,60.498543518089775,4,0,0
486,0.01,inventory_full,56.609050562084235,-4,0,0
487,0.01,inventory_full,49.880889290971254,-9,0,0
488,0.01,inventory_full,59.314723655397415,-2,0,0
489,0.01,inventory_full,62.192272136381234,6,0,0
490,0.01,inventory_full,64.56625433380628,1,0,0
491,0.01,inventory_full,67.4562012926765,0,0,0
492,0.01,inventory_full,59.71512669962425,2,0,0
493,0.01,inventory_full,70.53897241157705,4,0,0
494,0.01,inventory_full,76.01330939030493,-7,0,0
495,0.01,inventory_full,51.8938093940975,8,0,0
496,0.01,inventory_full,61.15606161823479,4,0,0
497,0.01,inventory_full,74.1159176364684,4,0,0
498,0.01,inventory_full,55.14366441583354,9,0,0
499,0.01,inventory_full,69.24583271476106,3,0,0
500,0.01,inventory_full,87.91324322292115,-4,0,0
501,0.01,inventory_full,70.5836362398552,-7,0,0
502,0.01,inventory_full,74.36460153930409,9,0,0
503,0.01,inventory_full,67.7258993182638,2,0,0
504,0.01,inventory_full,73.47679475811765,-1,0,0
505,0.01,inventory_full,65.94418773030344,2,0,0
506,0.01,inventory_full,62.27830481157707,-4,0,0
507,0.01,inventory_full,65.24344477739521,5,0,0
508,0.01,inventory_full,67.33440759299577,2,0,0
509,0.01,inventory_full,74.00913397406623,-10,0,0
510,0.01,inventory_full,64.20941792165053,-3,0,0
511,0.01,inventory_full,57.67479025890054,1,0,0
512,0.01,inventory_full,72.94921282969494,-6,0,0
513,0.01,inventory_full,72.93775308688896,-4,0,0
514,0.01,inventory_full,66.27688423377714,3,0,0
515,0.01,inventory_full,59.33640534338696,-2,0,0
516,0.01,inventory_full,47.35937196307009,10,0,0
517,0.01,inventory_full,65.72755131814819,-4,0,0
518,0.01,inventory_full,76.87613846089539,2,0,0
519,0.01,inventory_full,80.29276710775545,1,0,0
520,0.01,inventory_full,82.2427377457885,1,0,0
521,0.01,inventory_full,57.76458873678712,10,0,0
522,0.01,inventory_full,75.84757764827617,0,0,0
523,0.01,inventory_full,66.01378142998425,2,0,0
524,0.01,inventory_full,64.8279920276415,-1,0,0
525,0.01,inventory_full,77.80293042659787,-9,0,0
526,0.01,inventory_full,62.52652897160738,-5,0,0
527,0.01,inventory_full,61.83383724633896,-1,0,0
528,0.01,inventory_full,62.89755534648407,-11,0,0
529,0.01,inventory_full,82.20325127959336,-6,0,0
530,0.01,inventory_full,65.33549226807543,-2,0,0
531,0.01,inventory_full,76.32839703010072,2,0,0
532,0.01,inventory_full,63.48407344662874,1,0,0
533,0.01,inventory_full,63.13768674000028,-3,0,0
534,0.01,inventory_full,75.37156235192407,-1,0,0
535,0.01,inventory_full,53.703551786627685,0,0,0
536,0.01,inventory_full,71.19894803968123,-1,0,0
537,0.01,inventory_full,72.53061760790041,3,0,0
538,0.01,inventory_full,75.81960880135858,5,0,0
539,0.01,inventory_full,80.02419196051909,-2,0,0
540,0.01,inventory_full,76.91173472393587,8,0,0
541,0.01,inventory_full,74.97594857768507,1,0,0
542,0.01,inventory_full,67.36917270295322,-3,0,0
543,0.01,inventory_full,52.49525736564544,1,0,0
544,0.01,inventory_full,75.35140354228514,4,0,0
545,0.01,inventory_full,68.28476840561511,2,0,0
546,0.01,inventory_full,63.17909677727906,1,0,0
547,0.01,inventory_full,58.834272427757355,-1,0,0
548,0.01,inventory_full,57.59190005574588,0,0,0
549,0.01,inventory_full,81.88031358575843,0,0,0
550,0.01,inventory_full,66.46834328385006,-5,0,0
551,0.01,inventory_full,62.205524405267056,10,0,0
552,0.01,inventory_full,80.3627289616208,-2,0,0
553,0.01,inventory_full,69.65347169027518,-11,0,0
554,0.01,inventory_full,64.70651816208431,-6,0,0
555,0.01,inventory_full,61.13822894303905,-2,0,0
556,0.01,inventory_full,69.59461312107084,-1,0,0
557,0.01,inventory_full,81.04143923933367,5,0,0
558,0.01,inventory_full,87.1877811286223,4,0,0
559,0.01,inventory_full,72.2070513243417,-4,0,0
560,0.01,inventory_full,61.42999301175095,0,0,0
561,0.01,inventory_full,65.65781514642583,-1,0,0
562,0.01,inventory_full,66.07267267438544,2,0,0
563,0.01,inventory_full,75.57338394859505,4,0,0
564,0.01,inventory_full,71.44114326147576,2,0,0
565,0.01,inventory_full,74.26895404862398,0,0,0
566,0.01,inventory_full,77.26733520480337,2,0,0
567,0.01,inventory_full,68.15492091493496,-1,0,0
568,0.01,inventory_full,71.72246461771267,2,0,0
569,0.01,inventory_full,72.82769299557057,3,0,0
570,0.01,inventory_full,54.63842869641098,11,0,0
571,0.01,inventory_full,75.34738498984063,9,0,0
572,0.01,inventory_full,87.9714394859613,2,0,0
573,0.01,inventory_full,72.1772862143838,-7,0,0
574,0.01,inventory_full,61.353920668307126,-2,0,0
575,0.01,inventory_full,57.55741137470386,-2,0,0
576,0.01,inventory_full,64.27700006193948,8,0,0
577,0.01,inventory_full,70.43722993953651,-1,0,0
578,0.01,inventory_full,64.8171467518078,1,0,0
579,0.01,inventory_full,82.3365547761199,-9,0,0
580,0.01,inventory_full,72.68244398277729,1,0,0
581,0.01,inventory_full,76.50339855221415,-5,0,0
582,0.01,inventory_full,67.0521010522429,-5,0,0
583,0.01,inventory_full,71.48514326147563,8,0,0
584,0.01,inventory_full,91.00459952633696,-3,0,0
585,0.01,inventory_full,61.48029803039037,-2,0,0
586,0.01,inventory_full,79.70092287316703,-2,0,0
587,0.01,inventory_full,61.441696508277005,3,0,0
588,0.01,inventory_full,82.3809493051807,-2,0,0
589,0.01,inventory_full,64.41872446240347,6,0,0
590,0.01,inventory_full,69.41307390512256,2,0,0
591,0.01,inventory_full,79.23837514205331,-6,0,0
592,0.01,inventory_full,73.17930455496275,6,0,0
593,0.01,inventory_full,59.65903171826358,4,0,0
594,0.01,inventory_full,72.81725180520914,-6,0,0
595,0.01,inventory_full,66.96734072049105,-7,0,0
596,0.01,inventory_full,80.06339978295125,-1,0,0
597,0.01,inventory_full,88.8880741641376,-7,0,0
598,0.01,inventory_full,60.73260886848118,-4,0,0
599,0.01,inventory_full,60.011779449377855,-2,0,0
600,0.01,inventory_full,69.99273973638145,-2,0,0
601,0.01,inventory_full,68.71875359013086,1,0,0
602,0.01,inventory_full,75.45976387403738,-2,0,0
603,0.01,inventory_full,73.82888122431314,8,0,0
604,0.01,inventory_full,74.15325533030386,-4,0,0
605,0.01,inventory_full,57.57281137470403,2,0,0
606,0.01,inventory_full,81.8207198860772,-6,0,0
607,0.01,inventory_full,69.50562163623636,-8,0,0
608,0.01,inventory_full,73.51757842051992,-1,0,0
609,0.01,inventory_full,68.5139847432132,-6,0,0
610,0.01,inventory_full,66.73257969600557,1,0,0
611,0.01,inventory_full,69.96575933007165,4,0,0
612,0.01,inventory_full,68.65693247432722,2,0,0
613,0.01,inventory_full,62.01655860257648,3,0,0
614,0.01,inventory_full,78.50633416355811,9,0,0
615,0.01,inventory_full,58.837693543561045,6,0,0
616,0.01,inventory_full,75.53057391131617,0,0,0
617,0.01,inventory_full,70.95538874917429,-6,0,0
618,0.01,inventory_full,66.79564200217072,-1,0,0
619,0.01,inventory_full,82.46177568005731,-2,0,0
620,0.01,inventory_full,45.517929462460955,0,0,0
621,0.01,inventory_full,45.48838699042028,-5,0,0
622,0.01,inventory_full,56.09815883681614,-2,0,0
623,0.01,inventory_full,71.93746613982643,-3,0,0
624,0.01,inventory_full,77.4594116337197,9,0,0
625,0.01,inventory_full,46.3757192133167,4,0,0
626,0.01,inventory_full,67.65837013959418,-5,0,0
627,0.01,inventory_full,63.673165864630505,-5,0,0
628,0.01,inventory_full,75.66386328509088,8,0,0
629,0.01,inventory_full,62.17241460842223,5,0,0
630,0.01,inventory_full,77.98286659831945,6,0,0
631,0.01,inventory_full,73.68496838324052,9,0,0
632,0.01,inventory_full,51.617907631549656,-10,0,0
633,0.01,inventory_full,63.55283599322726,0,0,0
634,0.01,inventory_full,74.14951915858177,-1,0,0
635,0.01,inventory_full,68.75917366468855,-1,0,0
636,0.01,inventory_full,78.46447337950599,-8,0,0
637,0.01,inventory_full,71.49407721835087,6,0,0
638,0.01,inventory_full,71.23203672072282,1,0,0
639,0.01,inventory_full,61.80754704318417,-2,0,0
640,0.01,inventory_full,68.89114251160612,-2,0,0
641,0.01,inventory_full,50.895635980839586,0,0,0
642,0.01,inventory_full,74.21501635478899,6,0,0
643,0.01,inventory_full,70.25431488361795,-3,0,0
644,0.01,inventory_full,70.56163146164971,2,0,0
645,0.01,inventory_full,73.93602895542699,-2,0,0
646,0.01,inventory_full,65.20299424248844,-4,0,0
647,0.01,inventory_full,61.14960886848138,4,0,0
648,0.01,inventory_full,58.23360181829264,-4,0,0
649,0.01,inventory_full,65.41165481467402,-3,0,0
650,0.01,inventory_full,76.52093541666892,-2,0,0
651,0.01,inventory_full,74.666330717974,12,0,0
652,0.01,inventory_full,51.004301331231204,4,0,0
653,0.01,inventory_full,70.7562236392173,-11,0,0
654,0.01,inventory_full,69.56760308379205,3,0,0
655,0.01,inventory_full,59.101729955716564,2,0,0
656,0.01,inventory_full,72.75952193380641,3,0,0
657,0.01,inventory_full,69.36746760480298,-4,0,0
658,0.01,inventory_full,69.36205908963774,-5,0,0
659,0.01,inventory_full,55.57747119702026,-5,0,0
660,0.01,inventory_full,87.14216257617761,-3,0,0
661,0.01,inventory_full,66.31139928969566,-1,0,0
662,0.01,inventory_full,70.24627590810309,5,0,0
663,0.01,inventory_full,48.648689851349104,-4,0,0
664,0.01,inventory_full,52.630122716036794,-7,0,0
665,0.01,inventory_full,72.10731736746641,2,0,0
666,0.01,inventory_full,58.04148046205546,-4,0,0
667,0.01,inventory_full,58.07733425305446,-7,0,0
668,0.01,inventory_full,65.3566696301582,2,0,0
669,0.01,inventory_full,67.20416010231531,3,0,0
670,0.01,inventory_full,63.51653727490691,4,0,0
671,0.01,inventory_full,76.31667567386353,-2,0,0
672,0.01,inventory_full,69.43763423687444,2,0,0
673,0.01,inventory_full,63.26929525516573,-6,0,0
674,0.01,inventory_full,66.52135332112881,1,0,0
675,0.01,inventory_full,71.97782868642508,4,0,0
676,0.01,inventory_full,73.98319150202582,-5,0,0
677,0.01,inventory_full,77.89878795455729,-8,0,0
678,0.01,inventory_full,59.85928703137654,8,0,0
679,0.01,inventory_full,70.58286261473205,-3,0,0
680,0.01,inventory_full,68.3765209149349,-1,0,0
681,0.01,inventory_full,64.47799528373412,9,0,0
682,0.01,inventory_full,79.09319930208378,1,0,0
683,0.01,inventory_full,64.13449656541303,-3,0,0
684,0.01,inventory_full,67.87187668034716,-4,0,0
685,0.01,inventory_full,71.16057919276324,2,0,0
686,0.01,inventory_full,74.15018298686016,-2,0,0
687,0.01,inventory_full,68.93552617400826,-2,0,0
688,0.01,inventory_full,64.11087392749648,1,0,0
689,0.01,inventory_full,67.13680759299547,-2,0,0
690,0.01,inventory_full,63.30774378709202,16,0,0
691,0.01,inventory_full,67.60933898651194,2,0,0
692,0.01,inventory_full,70.79440660888599,-1,0,0
693,0.01,inventory_full,71.5952397649495,-7,0,0
694,0.01,inventory_full,79.43125052972363,-4,0,0
695,0.01,inventory_full,65.16467219351748,2,0,0
696,0.01,inventory_full,58.17139178101388,10,0,0
697,0.01,inventory_full,78.38028598014432,6,0,0
698,0.01,inventory_full,64.5674739274964,-5,0,0
699,0.01,inventory_full,61.40743524335835,12,0,0
700,0.01,inventory_full,65.1731382366421,-2,0,0
701,0.01,inventory_full,54.74682869641117,-5,0,0
702,0.01,inventory_full,57.701547546425786,-9,0,0
703,0.01,inventory_full,77.32745282408067,0,0,0
704,0.01,inventory_full,60.48308599013046,1,0,0
705,0.01,inventory_full,75.42300354228564,6,0,0
706,0.01,inventory_full,75.2487374991606,2,0,0
707,0.01,inventory_full,64.81085585591961,-4,0,0
708,0.01,inventory_full,85.40433593229886,-1,0,0
709,0.01,inventory_full,65.70207897470397,-2,0,0
710,0.01,inventory_full,79.47959300176444,5,0,0
711,0.01,inventory_full,71.61024828011506,4,0,0
712,0.01,inventory_full,66.57238925241666,-3,0,0
713,0.01,inventory_full,70.95577767065038,7,0,0
714,0.01,inventory_full,65.92917139270554,0,0,0
715,0.01,inventory_full,67.76026816518151,-1,0,0
716,0.01,inventory_full,70.12166587082433,1,0,0
717,0.01,inventory_full,73.36907187976716,0,0,0
718,0.01,inventory_full,71.94174478358889,-3,0,0
719,0.01,inventory_full,65.71123847707622,-5,0,0
720,0.01,inventory_full,70.7048937678145,-4,0,0
721,0.01,inventory_full,69.23901159895763,6,0,0
722,0.01,inventory_full,61.105493812563054,-6,0,0
723,0.01,inventory_full,66.73598599632447,1,0,0
724,0.01,inventory_full,76.45343517623525,-5,0,0
725,0.01,inventory_full,70.84167265201114,-1,0,0
726,0.01,inventory_full,67.2851374643983,3,0,0
727,0.01,inventory_full,55.369110865268,3,0,0
728,0.01,inventory_full,65.63486332983928,6,0,0
729,0.01,inventory_full,74.67352441765513,-8,0,0
730,0.01,inventory_full,69.6073307403484,-7,0,0
731,0.01,inventory_full,64.79981688040506,0,0,0
732,0.01,inventory_full,59.116776965529084,-7,0,0
733,0.01,inventory_full,68.3037008403769,11,0,0
734,0.01,inventory_full,82.2591414827486,1,0,0
735,0.01,inventory_full,65.27564477739497,-1,0,0
736,0.01,inventory_full,74.6688917424591,8,0,0
737,0.01,inventory_full,58.73259856220011,4,0,0
738,0.01,inventory_full,73.97540631750985,-2,0,0
739,0.01,inventory_full,68.132758368336,-6,0,0
740,0.01,inventory_full,68.44251461461602,7,0,0
741,0.01,inventory_full,77.95761910763963,5,0,0
742,0.01,inventory_full,59.79610814717955,-5,0,0
743,0.01,inventory_full,61.651673177626975,-1,0,0
744,0.01,inventory_full,77.09795632060718,-1,0,0
745,0.01,inventory_full,62.370065143329,0,0,0
746,0.01,inventory_full,55.174620662113426,0,0,0
747,0.01,inventory_full,56.73341940900184,-7,0,0
748,0.01,inventory_full,62.89372114917535,-10,0,0
749,0.01,inventory_full,71.28961186795931,4,0,0
750,0.01,inventory_full,93.37275756373216,3,0,0
751,0.01,inventory_full,41.41181643189782,-8,0,0
752,0.01,inventory_full,99.21672534702964,8,0,0
753,0.01,inventory_full,60.59548599013033,-11,0,0
754,0.01,inventory_full,66.81874854292312,4,0,0
755,0.01,inventory_full,60.07677723453125,3,0,0
756,0.01,inventory_full,69.13289024272035,-2,0,0
757,0.01,inventory_full,59.723184227583374,-1,0,0
758,0.01,inventory_full,72.37019905545576,0,0,0
759,0.01,inventory_full,67.74522918966684,-1,0,0
760,0.01,inventory_full,74.78576560801628,11,0,0
761,0.01,inventory_full,69.78250180211231,1,0,0
762,0.01,inventory_full,65.84506637406628,6,0,0
763,0.01,inventory_full,70.56962142437072,2,0,0
764,0.01,inventory_full,93.17877867953564,2,0,0
765,0.01,inventory_full,77.39515479849342,10,0,0
766,0.01,inventory_full,64.53904277441416,-2,0,0
767,0.01,inventory_full,70.29274125849471,3,0,0
768,0.01,inventory_full,87.12372138581622,8,0,0
769,0.01,inventory_full,75.09145733328468,1,0,0
770,0.01,inventory_full,79.8213196170753,0,0,0
771,0.01,inventory_full,83.71533870752336,3,0,0
772,0.01,inventory_full,58.363632278641774,-3,0,0
773,0.01,inventory_full,71.4414382428364,8,0,0
774,0.01,inventory_full,72.63158050301148,1,0,0
775,0.01,inventory_full,66.93415484324225,-4,0,0
776,0.01,inventory_full,60.13015459661433,1,0,0
777,0.01,inventory_full,53.34737068758443,-6,0,0
778,0.01,inventory_full,83.86693171447149,-3,0,0
779,0.01,inventory_full,68.65312091493493,3,0,0
780,0.01,inventory_full,68.55251613672942,-6,0,0
781,0.01,inventory_full,65.66327115227182,5,0,0
782,0.01,inventory_full,64.67100054280702,0,0,0
783,0.01,inventory_full,56.81649957487798,4,0,0
784,0.01,inventory_full,64.30878898341484,3,0,0
785,0.01,inventory_full,65.93652237991205,10,0,0
786,0.01,inventory_full,87.30483491962144,-1,0,0
787,0.01,inventory_full,77.63863392312408,6,0,0
788,0.01,inventory_full,77.29607615473111,4,0,0
789,0.01,inventory_full,61.62031436798816,-2,0,0
790,0.01,inventory_full,73.21354574532404,-3,0,0
791,0.01,inventory_full,73.77293245195315,1,0,0
792,0.01,inventory_full,88.57580576951977,9,0,0
793,0.01,inventory_full,70.76014651756822,0,0,0
794,0.01,inventory_full,50.819627465674046,5,0,0
795,0.01,inventory_full,72.52459275513661,-4,0,0
796,0.01,inventory_full,76.33577287007068,-5,0,0
797,0.01,inventory_full,66.40205308069517,-2,0,0
798,0.01,inventory_full,68.42092569314063,0,0,0
799,0.01,inventory_full,59.84103171826382,10,0,0
800,0.01,inventory_full,78.95099147965118,-2,0,0
801,0.01,inventory_full,73.15869230283761,-7,0,0
802,0.01,inventory_full,70.48474125849458,1,0,0
803,0.01,inventory_full,73.89922265510785,-2,0,0
804,0.01,inventory_full,60.02430558382093,-3,0,0
805,0.01,inventory_full,70.60392644301004,4,0,0
806,0.01,inventory_full,87.8035778725299,4,0,0
807,0.01,inventory_full,66.45672694625199,-3,0,0
808,0.01,inventory_full,67.94322918966668,1,0,0
809,0.01,inventory_full,70.76179878645405,6,0,0
810,0.01,inventory_full,69.14604905235888,5,0,0
811,0.01,inventory_full,51.47986318509655,-1,0,0
812,0.01,inventory_full,59.445716662345035,-6,0,0
813,0.01,inventory_full,79.42771761409438,11,0,0
814,0.01,inventory_full,70.60141138709213,-4,0,0
815,0.01,inventory_full,61.39953548379168,3,0,0
816,0.01,inventory_full,54.00291364049326,-3,0,0
817,0.01,inventory_full,75.3606120574508,-7,0,0
818,0.01,inventory_full,72.97921435180791,-1,0,0
819,0.01,inventory_full,64.83269552416755,-8,0,0
820,0.01,inventory_full,78.99444527065054,7,0,0
821,0.01,inventory_full,71.20720183068045,0,0,0
822,0.01,inventory_full,71.02824302104185,3,0,0
823,0.01,inventory_full,66.04723369887029,8,0,0
824,0.01,inventory_full,67.0105975557168,2,0,0
825,0.01,inventory_full,75.6022151016775,3,0,0
826,0.01,inventory_full,56.949056862403154,-8,0,0
827,0.01,inventory_full,56.56320937172296,-1,0,0
828,0.01,inventory_full,72.00264128706289,-4,0,0
829,0.01,inventory_full,67.04286837704691,-1,0,0
830,0.01,inventory_full,61.785017171780964,7,0,0
831,0.01,inventory_full,83.54620731400735,5,0,0
832,0.01,inventory_full,70.62237241157686,-6,0,0
833,0.01,inventory_full,69.62974929279278,-6,0,0
834,0.01,inventory_full,75.7121053048325,4,0,0
835,0.01,inventory_full,62.212055106049945,-2,0,0
836,0.01,inventory_full,73.08329299557084,-1,0,0
837,0.01,inventory_full,70.03400204254626,2,0,0
838,0.01,inventory_full,52.979551305759855,-10,0,0
839,0.01,inventory_full,68.57153303470511,9,0,0
840,0.01,inventory_full,58.682438230448156,6,0,0
841,0.01,inventory_full,76.28010682694566,3,0,0
842,0.01,inventory_full,60.52927595285132,7,0,0
843,0.01,inventory_full,68.06409301794486,4,0,0
844,0.01,inventory_full,53.97924386040813,3,0,0
845,0.01,inventory_full,78.03148072107092,5,0,0
846,0.01,inventory_full,69.51543645172126,-5,0,0
847,0.01,inventory_full,74.1562088808688,-2,0,0
848,0.01,inventory_full,70.6229264430101,-6,0,0
849,0.01,inventory_full,53.61057442454451,0,0,0
850,0.01,inventory_full,69.97653599942147,0,0,0
851,0.01,inventory_full,60.24977467117208,3,0,0
852,0.01,inventory_full,64.81540753585921,8,0,0
853,0.01,inventory_full,61.889961858668585,11,0,0
854,0.01,inventory_full,65.01600206492043,-1,0,0
855,0.01,inventory_full,76.4205495394205,-5,0,0
856,0.01,inventory_full,57.282304833951116,-5,0,0
857,0.01,inventory_full,73.68127340188101,-5,0,0
858,0.01,inventory_full,63.911126196382725,-9,0,0
859,0.01,inventory_full,60.70991015016068,6,0,0
860,0.01,inventory_full,71.49126309559972,3,0,0
861,0.01,inventory_full,74.74283573661324,2,0,0
862,0.01,inventory_full,56.35090130885669,9,0,0
863,0.01,inventory_full,26.93030469919472,-13,0,0
864,0.01,inventory_full,62.85404402752533,7,0,0
865,0.01,inventory_full,64.09516108642498,-4,0,0
866,0.01,inventory_full,68.65660481777104,-6,0,0
867,0.01,inventory_full,69.89209072358784,4,0,0
868,0.01,inventory_full,52.02026692205652,-9,0,0
869,0.01,inventory_full,75.26458090436842,2,0,0
870,0.01,inventory_full,81.07469828940606,1,0,0
871,0.01,inventory_full,59.95842694005779,-3,0,0
872,0.01,inventory_full,63.83131989606346,-1,0,0
873,0.01,inventory_full,71.3716055676407,4,0,0
874,0.01,inventory_full,53.453690521708495,11,0,0
875,0.01,inventory_full,59.764759374819846,10,0,0
876,0.01,inventory_full,61.24576442202749,-7,0,0
877,0.01,inventory_full,76.22452316454394,-3,0,0
878,0.01,inventory_full,53.12006823230399,4,0,0
879,0.01,inventory_full,65.28465959287962,-6,0,0
880,0.01,inventory_full,74.77035930769756,-5,0,0
881,0.01,inventory_full,71.45889681204085,6,0,0
882,0.01,inventory_full,64.60838524645499,9,0,0
883,0.01,inventory_full,75.16185733328439,-7,0,0
884,0.01,inventory_full,63.474588502547306,1,0,0
885,0.01,inventory_full,86.25464925423819,6,0,0
886,0.01,inventory_full,75.67387892995562,2,0,0
887,0.01,inventory_full,67.64283548998566,3,0,0
888,0.01,inventory_full,72.56773044897199,2,0,0
889,0.01,inventory_full,82.65877789490389,3,0,0
890,0.01,inventory_full,60.33393348081074,-2,0,0
891,0.01,inventory_full,63.66619175863889,-7,0,0
892,0.01,inventory_full,75.92016913311073,5,0,0
893,0.01,inventory_full,72.76492041169303,2,0,0
894,0.01,inventory_full,74.39461157658337,5,0,0
895,0.01,inventory_full,61.73660457114312,3,0,0
896,0.01,inventory_full,64.76886437108527,3,0,0
897,0.01,inventory_full,63.437281961794554,4,0,0
898,0.01,inventory_full,82.5404253855842,0,0,0
899,0.01,inventory_full,69.7228543114324,-2,0,0
900,0.01,inventory_full,77.91059577698923,-5,0,0
901,0.01,inventory_full,82.8555326190704,3,0,0
902,0.01,inventory_full,72.57144176793048,-4,0,0
903,0.01,inventory_full,83.16057090185166,-9,0,0
904,0.01,inventory_full,60.553607346367926,-7,0,0
905,0.01,inventory_full,71.46220708975386,-3,0,0
906,0.01,inventory_full,67.64912417102717,1,0,0
907,0.01,inventory_full,70.38214977366027,-4,0,0
908,0.01,inventory_full,70.39048373053538,-4,0,0
909,0.01,inventory_full,66.32079928969569,5,0,0
910,0.01,inventory_full,69.80089910639771,-2,0,0
911,0.01,inventory_full,60.64047117464581,0,0,0
912,0.01,inventory_full,72.91501435180788,-3,0,0
913,0.01,inventory_full,64.48629178720762,-6,0,0
914,0.01,inventory_full,60.4604136466867,-1,0,0
915,0.01,inventory_full,62.2506013150509,1,0,0
916,0.01,inventory_full,52.48665736564516,5,0,0
917,0.01,inventory_full,55.146220662113535,2,0,0
918,0.01,inventory_full,63.563232256267725,2,0,0
919,0.01,inventory_full,64.49048244266157,-8,0,0
920,0.01,inventory_full,60.37357467117209,-1,0,0
921,0.01,inventory_full,58.188296799653244,-6,0,0
922,0.01,inventory_full,66.13330278622192,0,0,0
923,0.01,inventory_full,68.31041811114204,0,0,0
924,0.01,inventory_full,61.8556209087411,1,0,0
925,0.01,inventory_full,63.64960484014517,1,0,0
926,0.01,inventory_full,71.79704980222857,3,0,0
927,0.01,inventory_full,72.65255308688899,-4,0,0
928,0.01,inventory_full,66.14941036822029,-12,0,0
929,0.01,inventory_full,55.455374693546275,-4,0,0
930,0.01,inventory_full,60.60740886848117,2,0,0
931,0.01,inventory_full,71.70696963635224,2,0,0
932,0.01,inventory_full,61.3469829744721,-8,0,0
933,0.01,inventory_full,82.19803016378987,1,0,0
934,0.01,inventory_full,68.25152569314037,-12,0,0
935,0.01,inventory_full,64.2424802278158,-7,0,0
936,0.01,inventory_full,75.63540284955208,2,0,0
937,0.01,inventory_full,74.28447388274793,3,0,0
938,0.01,inventory_full,77.45440055519492,-4,0,0
939,0.01,inventory_full,51.88303203201383,6,0,0
940,0.01,inventory_full,68.91657740164828,5,0,0
941,0.01,inventory_full,50.00809932825021,-1,0,0
942,0.01,inventory_full,55.88912020981408,3,0,0
943,0.01,inventory_full,67.2176799364392,2,0,0
944,0.01,inventory_full,63.7908312150217,1,0,0
945,0.01,inventory_full,80.15270957979635,10,0,0
946,0.01,inventory_full,60.02462694005817,7,0,0
947,0.01,inventory_full,71.78601864914611,4,0,0
948,0.01,inventory_full,90.6891942672637,8,0,0
949,0.01,inventory_full,61.452104330709346,4,0,0
950,0.01,inventory_full,62.630180199247334,0,0,0
951,0.01,inventory_full,82.88281209221293,-2,0,0
952,0.01,inventory_full,79.62664679276418,8,0,0
953,0.01,inventory_full,63.4114904769599,7,0,0
954,0.01,inventory_full,89.08790905418061,6,0,0
955,0.01,inventory_full,93.39377459406296,-7,0,0
956,0.01,inventory_full,66.98668471464498,-1,0,0
957,0.01,inventory_full,74.13420001719123,-8,0,0
958,0.01,inventory_full,78.67484374853733,0,0,0
959,0.01,inventory_full,63.5343558273517,-1,0,0
960,0.01,inventory_full,56.40296035892948,7,0,0
961,0.01,inventory_full,60.54505483704804,4,0,0
962,0.01,inventory_full,55.54177843050624,-2,0,0
963,0.01,inventory_full,66.75336965872668,-1,0,0
964,0.01,inventory_full,67.08465356156267,0,0,0
965,0.01,inventory_full,72.12395855782813,5,0,0
966,0.01,inventory_full,71.39657441455802,-5,0,0
967,0.01,inventory_full,39.144905885183334,-9,0,0
968,0.01,inventory_full,75.09791333913023,5,0,0
969,0.01,inventory_full,74.53579676109882,-8,0,0
970,0.01,inventory_full,58.86094477120119,1,0,0
971,0.01,inventory_full,76.13278699282179,0,0,0
972,0.01,inventory_full,86.05669044459933,-7,0,0
973,0.01,inventory_full,72.01809251470314,-3,0,0
974,0.01,inventory_full,70.47870962454431,-12,0,0
975,0.01,inventory_full,76.75998373672928,6,0,0
976,0.01,inventory_full,91.75566452821579,-4,0,0
977,0.01,inventory_full,88.08747915420918,8,0,0
978,0.01,inventory_full,73.79938997991218,-4,0,0
979,0.01,inventory_full,48.271130212330775,-4,0,0
980,0.01,inventory_full,62.11633222769956,1,0,0
981,0.01,inventory_full,71.52343194251728,-2,0,0
982,0.01,inventory_full,66.51522566457248,-3,0,0
983,0.01,inventory_full,74.14723899270581,-4,0,0
984,0.01,inventory_full,37.221321953779125,3,0,0
985,0.01,inventory_full,62.41680983021672,-4,0,0
986,0.01,inventory_full,74.7763470555717,-2,0,0
987,0.01,inventory_full,70.74682294648417,1,0,0
988,0.01,inventory_full,54.618809102721,5,0,0
989,0.01,inventory_full,88.42601359195227,2,0,0
990,0.01,inventory_full,63.329395495599385,5,0,0
991,0.01,inventory_full,69.86860834286523,0,0,0
992,0.01,inventory_full,70.40379352738046,9,0,0
993,0.01,inventory_full,51.64685058445872,3,0,0
994,0.01,inventory_full,68.48834728981194,-5,0,0
995,0.01,inventory_full,72.59943394549816,3,0,0
996,0.01,inventory_full,60.41528225317052,-5,0,0
997,0.01,inventory_full,64.49182165861072,-5,0,0
998,0.01,inventory_full,73.51844224879824,4,0,0
999,0.01,inventory_full,65.95569752714869,7,0,0
0,0.01,symmetric_full,67.8497211268006,-1,0,0
1,0.01,symmetric_full,85.46200827574307,-7,0,0
2,0.01,symmetric_full,74.73985754515024,-5,0,0
3,0.01,symmetric_full,72.39836112118672,-3,0,0
4,0.01,symmetric_full,59.12775993519858,-19,0,0
5,0.01,symmetric_full,61.867900593749084,2,0,0
6,0.01,symmetric_full,77.69006985441217,-8,0,0
7,0.01,symmetric_full,58.73962071924882,-10,0,0
8,0.01,symmetric_full,85.21312437290635,-8,0,0
9,0.01,symmetric_full,29.48502984952711,-13,0,0
10,0.01,symmetric_full,74.4116601085093,3,0,0
11,0.01,symmetric_full,70.16314929279292,-8,0,0
12,0.01,symmetric_full,61.50310128648289,12,0,0
13,0.01,symmetric_full,90.5895359099244,-10,0,0
14,0.01,symmetric_full,66.45876135542653,-10,0,0
15,0.01,symmetric_full,80.51507434124113,-2,0,0
16,0.01,symmetric_full,71.72009051172222,0,0,0
17,0.01,symmetric_full,61.30879253088335,-6,0,0
18,0.01,symmetric_full,62.61157341806086,10,0,0
19,0.01,symmetric_full,67.36934702080958,-1,0,0
20,0.01,symmetric_full,66.284145017828,22,0,0
21,0.01,symmetric_full,66.83439555273566,-1,0,0
22,0.01,symmetric_full,59.788597520954625,5,0,0
23,0.01,symmetric_full,96.14712224566688,-14,0,0
24,0.01,symmetric_full,79.25296731962044,11,0,0
25,0.01,symmetric_full,64.34311615910372,-7,0,0
26,0.01,symmetric_full,80.01989802040441,7,0,0
27,0.01,symmetric_full,81.75236059557142,-9,0,0
28,0.01,symmetric_full,61.58508273403811,7,0,0
29,0.01,symmetric_full,64.12053097458767,0,0,0
30,0.01,symmetric_full,61.99155812170852,-9,0,0
31,0.01,symmetric_full,69.91672291791588,10,0,0
32,0.01,symmetric_full,71.70229051172217,0,0,0
33,0.01,symmetric_full,77.2323658770186,-3,0,0
34,0.01,symmetric_full,68.6204804173077,-8,0,0
35,0.01,symmetric_full,64.1417183739502,4,0,0
36,0.01,symmetric_full,72.76672518989892,3,0,0
37,0.01,symmetric_full,70.34355081490617,-13,0,0
38,0.01,symmetric_full,57.32566059936289,-4,0,0
39,0.01,symmetric_full,66.09114349571564,11,0,0
40,0.01,symmetric_full,93.11245649391913,11,0,0
41,0.01,symmetric_full,90.01618665669685,-15,0,0
42,0.01,symmetric_full,82.66480378891299,-5,0,0
43,0.01,symmetric_full,61.38565005884254,-9,0,0
44,0.01,symmetric_full,67.91451891195398,0,0,0
45,0.01,symmetric_full,75.08200936173694,-16,0,0
46,0.01,symmetric_full,75.45091181701707,8,0,0
47,0.01,symmetric_full,69.37842115536796,-14,0,0
48,0.01,symmetric_full,85.03422786943224,9,0,0
49,0.01,symmetric_full,72.66534630570186,8,0,0
50,0.01,symmetric_full,61.271662659480285,7,0,0
51,0.01,symmetric_full,67.50809101496381,-1,0,0
52,0.01,symmetric_full,94.82748383053104,-11,0,0
53,0.01,symmetric_full,71.32458397096957,13,0,0
54,0.01,symmetric_full,76.38323143927519,-1,0,0
55,0.01,symmetric_full,74.14066488671494,-4,0,0
56,0.01,symmetric_full,50.51723958544426,-9,0,0
57,0.01,symmetric_full,47.12857452642902,-8,0,0
58,0.01,symmetric_full,67.33413850564418,0,0,0
59,0.01,symmetric_full,80.9235085385505,-1,0,0
60,0.01,symmetric_full,93.56311111429756,-1,0,0
61,0.01,symmetric_full,18.672052051326318,-17,0,0
62,0.01,symmetric_full,59.202289806601016,8,0,0
63,0.01,symmetric_full,60.370272908625,-3,0,0
64,0.01,symmetric_full,76.2816499917198,2,0,0
65,0.01,symmetric_full,79.88752917348643,-12,0,0
66,0.01,symmetric_full,74.3218912615913,-8,0,0
67,0.01,symmetric_full,106.7439230302989,23,0,0
68,0.01,symmetric_full,71.39343146164958,8,0,0
69,0.01,symmetric_full,56.39693876225816,0,0,0
70,0.01,symmetric_full,82.16622968292256,-9,0,0
71,0.01,symmetric_full,92.61459370688544,17,0,0
72,0.01,symmetric_full,63.191281480926136,-16,0,0
73,0.01,symmetric_full,65.2726769717232,3,0,0
74,0.01,symmetric_full,65.12028327204183,3,0,0
75,0.01,symmetric_full,68.96194355285127,-9,0,0
76,0.01,symmetric_full,68.75018322109986,1,0,0
77,0.01,symmetric_full,66.14173498054987,4,0,0
78,0.01,symmetric_full,60.22892669962408,-2,0,0
79,0.01,symmetric_full,62.72820609325663,2,0,0
80,0.01,symmetric_full,62.93487365849455,3,0,0
81,0.01,symmetric_full,52.97439132252043,17,0,0
82,0.01,symmetric_full,61.12500734636751,-7,0,0
83,0.01,symmetric_full,82.57201860439767,4,0,0
84,0.01,symmetric_full,64.47823121502194,-1,0,0
85,0.01,symmetric_full,71.98306939591865,-1,0,0
86,0.01,symmetric_full,64.29933471154794,-2,0,0
87,0.01,symmetric_full,68.67080807386333,-8,0,0
88,0.01,symmetric_full,69.56372617400802,-4,0,0
89,0.01,symmetric_full,56.56357143745436,18,0,0
90,0.01,symmetric_full,55.64277947175185,-5,0,0
91,0.01,symmetric_full,61.621604090275525,-3,0,0
92,0.01,symmetric_full,64.05170833667137,-6,0,0
93,0.01,symmetric_full,57.93996236190992,-12,0,0
94,0.01,symmetric_full,48.70972169716492,-11,0,0
95,0.01,symmetric_full,69.695257567525,-8,0,0
96,0.01,symmetric_full,64.91656039369138,-8,0,0
97,0.01,symmetric_full,73.2364027924159,-6,0,0
98,0.01,symmetric_full,64.65676890885743,21,0,0
99,0.01,symmetric_full,52.87248000356067,21,0,0
100,0.01,symmetric_full,87.77968614726205,-10,0,0
101,0.01,symmetric_full,65.17267697172332,5,0,0
102,0.01,symmetric_full,62.47635078014403,0,0,0
103,0.01,symmetric_full,24.540786118180677,-19,0,0
104,0.01,symmetric_full,69.78071509548329,-9,0,0
105,0.01,symmetric_full,84.78213136595878,-12,0,0
106,0.01,symmetric_full,70.63760204254663,18,0,0
107,0.01,symmetric_full,63.918859323877456,0,0,0
108,0.01,symmetric_full,72.82727991406489,3,0,0
109,0.01,symmetric_full,60.61736089693326,-1,0,0
110,0.01,symmetric_full,44.717530022838446,-15,0,0
111,0.01,symmetric_full,63.13664029056554,-5,0,0
112,0.01,symmetric_full,61.56481890575995,0,0,0
113,0.01,symmetric_full,70.87282620257639,-1,0,0
114,0.01,symmetric_full,53.650486784748864,15,0,0
115,0.01,symmetric_full,72.81107991406509,-9,0,0
116,0.01,symmetric_full,90.95541759791422,12,0,0
117,0.01,symmetric_full,85.51216708538163,-8,0,0
118,0.01,symmetric_full,108.68956227481573,-5,0,0
119,0.01,symmetric_full,58.56601441893042,-8,0,0
120,0.01,symmetric_full,85.3549407105046,8,0,0
121,0.01,symmetric_full,71.71026787380549,8,0,0
122,0.01,symmetric_full,67.85748402191172,1,0,0
123,0.01,symmetric_full,64.09990203635203,4,0,0
124,0.01,symmetric_full,74.31157994263283,0,0,0
125,0.01,symmetric_full,61.77088647099788,7,0,0
126,0.01,symmetric_full,64.04649199907334,2,0,0
127,0.01,symmetric_full,82.49080635227203,1,0,0
128,0.01,symmetric_full,81.39222511658238,8,0,0
129,0.01,symmetric_full,89.69732539177744,16,0,0
130,0.01,symmetric_full,56.87891286824896,4,0,0
131,0.01,symmetric_full,98.12862531846258,15,0,0
132,0.01,symmetric_full,33.999529586719746,15,0,0
133,0.01,symmetric_full,72.39224980222835,1,0,0
134,0.01,symmetric_full,64.08966714630958,5,0,0
135,0.01,symmetric_full,69.52461264020326,13,0,0
136,0.01,symmetric_full,67.89034376471773,7,0,0
137,0.01,symmetric_full,68.66911939282147,8,0,0
138,0.01,symmetric_full,66.97653546141748,-6,0,0
139,0.01,symmetric_full,69.81119152439965,-6,0,0
140,0.01,symmetric_full,64.8615377557744,-4,0,0
141,0.01,symmetric_full,51.55886014086968,-11,0,0
142,0.01,symmetric_full,75.07257412318205,2,0,0
143,0.01,symmetric_full,73.46239427725232,17,0,0
144,0.01,symmetric_full,69.4810126402034,7,0,0
145,0.01,symmetric_full,92.29731984132923,8,0,0
146,0.01,symmetric_full,81.63737506254392,15,0,0
147,0.01,symmetric_full,78.57990709594765,-9,0,0
148,0.01,symmetric_full,68.36773047134625,-7,0,0
149,0.01,symmetric_full,75.58946584844973,0,0,0
150,0.01,symmetric_full,43.454573988424954,-12,0,0
151,0.01,symmetric_full,76.77259550798726,3,0,0
152,0.01,symmetric_full,51.45989129395218,-4,0,0
153,0.01,symmetric_full,58.5616930626943,-4,0,0
154,0.01,symmetric_full,83.3335281893768,-7,0,0
155,0.01,symmetric_full,92.83467130940255,-8,0,0
156,0.01,symmetric_full,56.80932768373373,-3,0,0
157,0.01,symmetric_full,63.62256690587651,-14,0,0
158,0.01,symmetric_full,79.37906008613527,-4,0,0
159,0.01,symmetric_full,88.50353820428177,-6,0,0
160,0.01,symmetric_full,74.10128343915949,-9,0,0
161,0.01,symmetric_full,91.02654525447042,6,0,0
162,0.01,symmetric_full,63.186602837164514,-6,0,0
163,0.01,symmetric_full,80.66461833539566,2,0,0
164,0.01,symmetric_full,74.53026384546911,5,0,0
165,0.01,symmetric_full,69.94194777067878,15,0,0
166,0.01,symmetric_full,75.06251659522263,13,0,0
167,0.01,symmetric_full,55.76649079071012,9,0,0
168,0.01,symmetric_full,70.77483471774205,0,0,0
169,0.01,symmetric_full,71.26596984821799,-18,0,0
170,0.01,symmetric_full,61.74871540923414,-11,0,0
171,0.01,symmetric_full,85.16117186358721,3,0,0
172,0.01,symmetric_full,18.169042706779692,19,0,0
173,0.01,symmetric_full,80.94872896162053,8,0,0
174,0.01,symmetric_full,81.42584775449927,4,0,0
175,0.01,symmetric_full,72.51010954503442,-9,0,0
176,0.01,symmetric_full,86.93466932879596,16,0,0
177,0.01,symmetric_full,83.41649295082311,13,0,0
178,0.01,symmetric_full,103.5416431557993,-7,0,0
179,0.01,symmetric_full,29.1666446650122,12,0,0
180,0.01,symmetric_full,71.45506413684546,-4,0,0
181,0.01,symmetric_full,51.86425536266472,10,0,0
182,0.01,symmetric_full,64.4495161591035,-13,0,0
183,0.01,symmetric_full,67.92436418778743,8,0,0
184,0.01,symmetric_full,49.588027196672044,3,0,0
185,0.01,symmetric_full,63.88208826211337,2,0,0
186,0.01,symmetric_full,67.40383348700482,6,0,0
187,0.01,symmetric_full,67.1155332465708,-5,0,0
188,0.01,symmetric_full,72.80290255198224,7,0,0
189,0.01,symmetric_full,78.49486812043278,1,0,0
190,0.01,symmetric_full,81.3546477544993,-6,0,0
191,0.01,symmetric_full,70.31083575898742,-11,0,0
192,0.01,symmetric_full,82.35887869571621,-1,0,0
193,0.01,symmetric_full,66.12615983331341,-5,0,0
194,0.01,symmetric_full,66.30683778434366,-5,0,0
195,0.01,symmetric_full,75.40030960217018,-13,0,0
196,0.01,symmetric_full,74.97736817137547,-1,0,0
197,0.01,symmetric_full,80.74956454439643,-9,0,0
198,0.01,symmetric_full,64.95445281169295,0,0,0
199,0.01,symmetric_full,59.70058748367589,3,0,0
200,0.01,symmetric_full,72.1536957707952,-1,0,0
201,0.01,symmetric_full,65.2988791865696,-8,0,0
202,0.01,symmetric_full,67.97340759299561,-2,0,0
203,0.01,symmetric_full,66.8195606626939,-18,0,0
204,0.01,symmetric_full,31.63804167792182,12,0,0
205,0.01,symmetric_full,32.544598405069564,9,0,0
206,0.01,symmetric_full,72.15519705247489,1,0,0
207,0.01,symmetric_full,71.92182820555752,-8,0,0
208,0.01,symmetric_full,89.88918887154466,6,0,0
209,0.01,symmetric_full,54.828673972245156,9,0,0
210,0.01,symmetric_full,58.03973120882799,-1,0,0
211,0.01,symmetric_full,81.1538050420247,2,0,0
212,0.01,symmetric_full,65.15877416793023,-10,0,0
213,0.01,symmetric_full,74.06060735875585,3,0,0
214,0.01,symmetric_full,66.57674653994215,1,0,0
215,0.01,symmetric_full,101.69761173371387,8,0,0
216,0.01,symmetric_full,60.66135459661399,-5,0,0
217,0.01,symmetric_full,62.5755671177418,-2,0,0
218,0.01,symmetric_full,84.64873392931793,-6,0,0
219,0.01,symmetric_full,81.86732314216988,6,0,0
220,0.01,symmetric_full,63.49719432199856,5,0,0
221,0.01,symmetric_full,56.418425228453145,3,0,0
222,0.01,symmetric_full,62.474315890101536,5,0,0
223,0.01,symmetric_full,77.89201384856608,4,0,0
224,0.01,symmetric_full,65.71783474011596,-3,0,0
225,0.01,symmetric_full,73.0208713988992,6,0,0
226,0.01,symmetric_full,73.37148925861078,3,0,0
227,0.01,symmetric_full,63.159545309205214,9,0,0
228,0.01,symmetric_full,65.08561944376447,-10,0,0
229,0.01,symmetric_full,54.514427174297566,-10,0,0
230,0.01,symmetric_full,68.11450409646937,-3,0,0
231,0.01,symmetric_full,78.62143696735075,-12,0,0
232,0.01,symmetric_full,52.56623729108742,-15,0,0
233,0.01,symmetric_full,64.3931324967013,1,0,0
234,0.01,symmetric_full,102.08795946482815,-22,0,0
235,0.01,symmetric_full,73.94285706428252,-7,0,0
236,0.01,symmetric_full,64.95703647409528,2,0,0
237,0.01,symmetric_full,67.93145508367581,-9,0,0
238,0.01,symmetric_full,84.40770755444117,-2,0,0
239,0.01,symmetric_full,64.64151359574407,13,0,0
240,0.01,symmetric_full,43.5481179825792,0,0,0
241,0.01,symmetric_full,65.72838946428237,11,0,0
242,0.01,symmetric_full,81.15966887030265,7,0,0
243,0.01,symmetric_full,74.73665311545778,21,0,0
244,0.01,symmetric_full,80.25752439528083,7,0,0
245,0.01,symmetric_full,89.58602888830478,-5,0,0
246,0.01,symmetric_full,70.86849224570142,13,0,0
247,0.01,symmetric_full,65.20994931516748,19,0,0
248,0.01,symmetric_full,74.56087644610744,5,0,0
249,0.01,symmetric_full,77.15728944810223,6,0,0
250,0.01,symmetric_full,70.95923623985564,1,0,0
251,0.01,symmetric_full,72.34226461771294,0,0,0
252,0.01,symmetric_full,71.51958770792885,-7,0,0
253,0.01,symmetric_full,64.14606714631003,-3,0,0
254,0.01,symmetric_full,89.07175128578683,8,0,0
255,0.01,symmetric_full,82.92543016379022,-9,0,0
256,0.01,symmetric_full,90.36668468228459,-9,0,0
257,0.01,symmetric_full,79.95397666416682,3,0,0
258,0.01,symmetric_full,64.8711852464545,9,0,0
259,0.01,symmetric_full,69.07105487181025,1,0,0
260,0.01,symmetric_full,64.5979362336613,-1,0,0
261,0.01,symmetric_full,61.25092870260508,1,0,0
262,0.01,symmetric_full,67.16810209348864,-2,0,0
263,0.01,symmetric_full,70.98976832610458,-7,0,0
264,0.01,symmetric_full,67.69836488052101,-10,0,0
265,0.01,symmetric_full,94.1059761161763,6,0,0
266,0.01,symmetric_full,53.68128048443032,21,0,0
267,0.01,symmetric_full,74.70534401134535,4,0,0
268,0.01,symmetric_full,61.971846802750065,9,0,0
269,0.01,symmetric_full,75.94897238920294,13,0,0
270,0.01,symmetric_full,60.90584479976951,6,0,0
271,0.01,symmetric_full,76.90693950214188,-7,0,0
272,0.01,symmetric_full,65.19719050552806,-8,0,0
273,0.01,symmetric_full,95.72423869134366,-4,0,0
274,0.01,symmetric_full,58.97138700280834,-3,0,0
275,0.01,symmetric_full,111.38757119133766,17,0,0
276,0.01,symmetric_full,40.0642076477302,-15,0,0
277,0.01,symmetric_full,68.49844552726435,-1,0,0
278,0.01,symmetric_full,67.16044830248904,7,0,0
279,0.01,symmetric_full,106.32104764262783,-9,0,0
280,0.01,symmetric_full,82.95789399206774,-2,0,0
281,0.01,symmetric_full,59.23916588700445,-4,0,0
282,0.01,symmetric_full,67.58070735256189,5,0,0
283,0.01,symmetric_full,68.1006877588716,1,0,0
284,0.01,symmetric_full,72.91254152749649,1,0,0
285,0.01,symmetric_full,56.33235136289619,2,0,0
286,0.01,symmetric_full,65.77251116903187,-4,0,0
287,0.01,symmetric_full,72.54184350190889,5,0,0
288,0.01,symmetric_full,80.49061238358951,5,0,0
289,0.01,symmetric_full,56.26023595846584,-1,0,0
290,0.01,symmetric_full,67.38438821117074,-16,0,0
291,0.01,symmetric_full,79.25936358266063,-11,0,0
292,0.01,symmetric_full,73.87812719287977,2,0,0
293,0.01,symmetric_full,66.30343369886998,10,0,0
294,0.01,symmetric_full,67.4812435242838,-2,0,0
295,0.01,symmetric_full,55.36451190651371,8,0,0
296,0.01,symmetric_full,54.04969834414101,12,0,0
297,0.01,symmetric_full,71.25662142437068,-2,0,0
298,0.01,symmetric_full,71.1847987864541,0,0,0
299,0.01,symmetric_full,81.86015581736544,0,0,0
300,0.01,symmetric_full,63.8605995810716,6,0,0
301,0.01,symmetric_full,40.89215842307115,1,0,0
302,0.01,symmetric_full,61.550460096121526,-3,0,0
303,0.01,symmetric_full,82.67074626095393,0,0,0
304,0.01,symmetric_full,43.384885307383,-18,0,0
305,0.01,symmetric_full,55.83306967490705,8,0,0
306,0.01,symmetric_full,100.3052560478119,-6,0,0
307,0.01,symmetric_full,63.599338316152284,7,0,0
308,0.01,symmetric_full,57.62177974075394,7,0,0
309,0.01,symmetric_full,54.00032319690416,-3,0,0
310,0.01,symmetric_full,63.09217867713369,9,0,0
311,0.01,symmetric_full,45.041455116036445,9,0,0
312,0.01,symmetric_full,63.647993973485654,12,0,0
313,0.01,symmetric_full,73.72920175116997,13,0,0
314,0.01,symmetric_full,52.56342095348958,-3,0,0
315,0.01,symmetric_full,87.49917109134321,14,0,0
316,0.01,symmetric_full,123.90267096329217,24,0,0
317,0.01,symmetric_full,67.42242718668575,4,0,0
318,0.01,symmetric_full,69.39833247432728,4,0,0
319,0.01,symmetric_full,75.09613293282041,-11,0,0
320,0.01,symmetric_full,62.33494704318409,2,0,0
321,0.01,symmetric_full,54.14060336277953,6,0,0
322,0.01,symmetric_full,77.95963018616422,2,0,0
323,0.01,symmetric_full,69.10228346153383,-4,0,0
324,0.01,symmetric_full,92.63833361556726,14,0,0
325,0.01,symmetric_full,79.57715880445562,-10,0,0
326,0.01,symmetric_full,115.92442973816787,18,0,0
327,0.01,symmetric_full,88.80821580679799,-7,0,0
328,0.01,symmetric_full,73.16460909273479,-4,0,0
329,0.01,symmetric_full,69.31559630260563,7,0,0
330,0.01,symmetric_full,94.30696130069214,-9,0,0
331,0.01,symmetric_full,57.41790587519654,-2,0,0
332,0.01,symmetric_full,70.42768068630869,6,0,0
333,0.01,symmetric_full,77.65335632060689,-1,0,0
334,0.01,symmetric_full,68.25523396787247,2,0,0
335,0.01,symmetric_full,55.44818833543059,11,0,0
336,0.01,symmetric_full,59.77715633059347,0,0,0
337,0.01,symmetric_full,84.4776949538034,-10,0,0
338,0.01,symmetric_full,107.62105116772307,9,0,0
339,0.01,symmetric_full,60.788787271810065,11,0,0
340,0.01,symmetric_full,51.27412653250684,-2,0,0
341,0.01,symmetric_full,63.41456538376269,7,0,0
342,0.01,symmetric_full,63.14079279988482,10,0,0
343,0.01,symmetric_full,69.23558848017285,10,0,0
344,0.01,symmetric_full,57.76519351499266,1,0,0
345,0.01,symmetric_full,57.30888953759887,2,0,0
346,0.01,symmetric_full,57.11599303412493,3,0,0
347,0.01,symmetric_full,77.43189097021559,9,0,0
348,0.01,symmetric_full,72.65600604850809,0,0,0
349,0.01,symmetric_full,79.50713616653887,2,0,0
350,0.01,symmetric_full,61.421602568162086,-2,0,0
351,0.01,symmetric_full,77.8092676395654,-9,0,0
352,0.01,symmetric_full,73.6615668611276,-2,0,0
353,0.01,symmetric_full,63.30791007065011,11,0,0
354,0.01,symmetric_full,54.20768352865571,-13,0,0
355,0.01,symmetric_full,24.54177608090322,15,0,0
356,0.01,symmetric_full,62.721447283617806,-5,0,0
357,0.01,symmetric_full,80.89399126778528,10,0,0
358,0.01,symmetric_full,68.09592264891394,2,0,0
359,0.01,symmetric_full,66.33339029366209,-6,0,0
360,0.01,symmetric_full,69.7886427520391,-13,0,0
361,0.01,symmetric_full,82.57116481339824,5,0,0
362,0.01,symmetric_full,84.11879471336948,-5,0,0
363,0.01,symmetric_full,78.61390079562887,-5,0,0
364,0.01,symmetric_full,53.93358328822296,16,0,0
365,0.01,symmetric_full,43.76352171953931,8,0,0
366,0.01,symmetric_full,77.48555258364644,-3,0,0
367,0.01,symmetric_full,57.00839303412509,1,0,0
368,0.01,symmetric_full,61.907253103069024,11,0,0
369,0.01,symmetric_full,66.36518399334318,-2,0,0
370,0.01,symmetric_full,64.38290355846561,9,0,0
371,0.01,symmetric_full,67.4360932298107,8,0,0
372,0.01,symmetric_full,58.34413273094117,-2,0,0
373,0.01,symmetric_full,50.072182750218246,2,0,0
374,0.01,symmetric_full,75.74473971400755,5,0,0
375,0.01,symmetric_full,49.67980012906196,13,0,0
376,0.01,symmetric_full,77.00818069250226,14,0,0
377,0.01,symmetric_full,77.17221336769876,8,0,0
378,0.01,symmetric_full,59.61431770359093,-7,0,0
379,0.01,symmetric_full,83.89150229536767,-7,0,0
380,0.01,symmetric_full,76.89551686422453,5,0,0
381,0.01,symmetric_full,64.18286084599097,-1,0,0
382,0.01,symmetric_full,74.8495993244577,-10,0,0
383,0.01,symmetric_full,54.27831841869863,-10,0,0
384,0.01,symmetric_full,85.35731585774073,-3,0,0
385,0.01,symmetric_full,63.906104599711284,-4,0,0
386,0.01,symmetric_full,61.598723924399565,14,0,0
387,0.01,symmetric_full,79.20236358266095,-3,0,0
388,0.01,symmetric_full,77.1669432391015,1,0,0
389,0.01,symmetric_full,89.84735398150002,-5,0,0
390,0.01,symmetric_full,82.47251988607684,2,0,0
391,0.01,symmetric_full,65.90588375290929,-9,0,0
392,0.01,symmetric_full,85.74063465061931,-13,0,0
393,0.01,symmetric_full,56.9071481068039,4,0,0
394,0.01,symmetric_full,59.5157262187563,0,0,0
395,0.01,symmetric_full,56.28951017253496,7,0,0
396,0.01,symmetric_full,67.50480233392295,9,0,0
397,0.01,symmetric_full,61.52650758680113,10,0,0
398,0.01,symmetric_full,70.44584579626627,-5,0,0
399,0.01,symmetric_full,60.378343037221924,2,0,0
400,0.01,symmetric_full,78.91992087018616,-23,0,0
401,0.01,symmetric_full,71.80208421140298,10,0,0
402,0.01,symmetric_full,68.24533268619325,-14,0,0
403,0.01,symmetric_full,84.30529121684333,-8,0,0
404,0.01,symmetric_full,67.30726464008717,-3,0,0
405,0.01,symmetric_full,101.20190775632113,-19,0,0
406,0.01,symmetric_full,75.68942465808891,-5,0,0
407,0.01,symmetric_full,74.97661157658354,-17,0,0
408,0.01,symmetric_full,76.69880180830643,-3,0,0
409,0.01,symmetric_full,55.1015103844006,1,0,0
410,0.01,symmetric_full,63.72860809623711,5,0,0
411,0.01,symmetric_full,70.00978044587492,-3,0,0
412,0.01,symmetric_full,134.88134305012113,-20,0,0
413,0.01,symmetric_full,77.60103496436955,9,0,0
414,0.01,symmetric_full,70.34775081490557,-5,0,0
415,0.01,symmetric_full,65.76212342115755,3,0,0
416,0.01,symmetric_full,71.90056029180653,-8,0,0
417,0.01,symmetric_full,38.403668992159965,13,0,0
418,0.01,symmetric_full,51.295398875949786,-14,0,0
419,0.01,symmetric_full,62.21790806766887,-4,0,0
420,0.01,symmetric_full,23.85405576591029,-20,0,0
421,0.01,symmetric_full,74.06960105843652,-1,0,0
422,0.01,symmetric_full,58.97272317452962,4,0,0
423,0.01,symmetric_full,93.83460948410539,-22,0,0
424,0.01,symmetric_full,61.988968158987745,3,0,0
425,0.01,symmetric_full,64.52380636225872,0,0,0
426,0.01,symmetric_full,75.65309070121373,9,0,0
427,0.01,symmetric_full,71.26599248613479,-12,0,0
428,0.01,symmetric_full,64.60135257125907,-1,0,0
429,0.01,symmetric_full,88.69581206983821,-7,0,0
430,0.01,symmetric_full,79.3081550674957,6,0,0
431,0.01,symmetric_full,69.6104041250378,6,0,0
432,0.01,symmetric_full,70.5375671525037,-1,0,0
433,0.01,symmetric_full,55.647880753431195,9,0,0
434,0.01,symmetric_full,75.76323469536715,7,0,0
435,0.01,symmetric_full,68.25162545270683,5,0,0
436,0.01,symmetric_full,82.18185453568593,2,0,0
437,0.01,symmetric_full,65.31561314344498,4,0,0
438,0.01,symmetric_full,81.44783923933335,-5,0,0
439,0.01,symmetric_full,41.682818995257094,24,0,0
440,0.01,symmetric_full,54.80865763464698,5,0,0
441,0.01,symmetric_full,66.0353023053544,0,0,0
442,0.01,symmetric_full,72.11263824283623,2,0,0
443,0.01,symmetric_full,71.78866787380548,16,0,0
444,0.01,symmetric_full,77.19668944810242,2,0,0
445,0.01,symmetric_full,70.2749656303905,0,0,0
446,0.01,symmetric_full,72.46249729290844,-12,0,0
447,0.01,symmetric_full,77.48499598885519,-5,0,0
448,0.01,symmetric_full,67.85022240848011,-1,0,0
449,0.01,symmetric_full,62.4989633807819,-6,0,0
450,0.01,symmetric_full,71.70660183068047,0,0,0
451,0.01,symmetric_full,80.58973595467323,0,0,0
452,0.01,symmetric_full,72.89098901817715,-4,0,0
453,0.01,symmetric_full,132.18483728161232,-18,0,0
454,0.01,symmetric_full,76.29341510167751,3,0,0
455,0.01,symmetric_full,81.22731006066397,8,0,0
456,0.01,symmetric_full,65.20604429652752,-1,0,0
457,0.01,symmetric_full,64.14933727490705,4,0,0
458,0.01,symmetric_full,74.7186078396233,-3,0,0
459,0.01,symmetric_full,81.31371788309673,9,0,0
460,0.01,symmetric_full,56.052504564949004,5,0,0
461,0.01,symmetric_full,72.97131888957938,-1,0,0
462,0.01,symmetric_full,72.60454630570234,6,0,0
463,0.01,symmetric_full,75.57882465808899,3,0,0
464,0.01,symmetric_full,74.54480001719105,8,0,0
465,0.01,symmetric_full,64.36064603050642,4,0,0
466,0.01,symmetric_full,87.33116105406441,6,0,0
467,0.01,symmetric_full,80.05009802040422,-9,0,0
468,0.01,symmetric_full,60.73610080561508,-4,0,0
469,0.01,symmetric_full,37.75287224825229,-5,0,0
470,0.01,symmetric_full,66.45079624546906,-3,0,0
471,0.01,symmetric_full,66.38603148402387,5,0,0
472,0.01,symmetric_full,67.34253068321232,9,0,0
473,0.01,symmetric_full,73.13202764517996,-11,0,0
474,0.01,symmetric_full,69.71988020544143,6,0,0
475,0.01,symmetric_full,58.41848524026091,-7,0,0
476,0.01,symmetric_full,39.47015746133616,17,0,0
477,0.01,symmetric_full,101.52928034019783,-14,0,0
478,0.01,symmetric_full,49.539783791464515,-15,0,0
479,0.01,symmetric_full,78.18738421759724,-2,0,0
480,0.01,symmetric_full,62.657901074616916,6,0,0
481,0.01,symmetric_full,63.938009618350634,8,0,0
482,0.01,symmetric_full,61.22473500292409,-1,0,0
483,0.01,symmetric_full,51.52257145982867,-17,0,0
484,0.01,symmetric_full,87.49416887649642,-3,0,0
485,0.01,symmetric_full,83.7951994915752,14,0,0
486,0.01,symmetric_full,58.8710244562094,20,0,0
487,0.01,symmetric_full,62.93142616781449,6,0,0
488,0.01,symmetric_full,46.76582049499552,-12,0,0
489,0.01,symmetric_full,81.86260552289286,12,0,0
490,0.01,symmetric_full,62.85994378709108,2,0,0
491,0.01,symmetric_full,33.831890611205154,-11,0,0
492,0.01,symmetric_full,55.08658051299756,-10,0,0
493,0.01,symmetric_full,71.0468588777722,-5,0,0
494,0.01,symmetric_full,66.60149904926186,-8,0,0
495,0.01,symmetric_full,89.80013764390401,-17,0,0
496,0.01,symmetric_full,56.76493398405262,5,0,0
497,0.01,symmetric_full,84.10715982332688,2,0,0
498,0.01,symmetric_full,74.024984720839,-1,0,0
499,0.01,symmetric_full,59.30580707736584,-1,0,0
500,0.01,symmetric_full,77.3899711360915,-10,0,0
501,0.01,symmetric_full,56.680692793691264,10,0,0
502,0.01,symmetric_full,66.75652542413877,14,0,0
503,0.01,symmetric_full,64.3663324967016,3,0,0
504,0.01,symmetric_full,76.41710530483238,-4,0,0
505,0.01,symmetric_full,65.86670860567308,0,0,0
506,0.01,symmetric_full,68.19205660578905,2,0,0
507,0.01,symmetric_full,67.77068623675859,4,0,0
508,0.01,symmetric_full,68.62249675490483,0,0,0
509,0.01,symmetric_full,71.07270636845215,-8,0,0
510,0.01,symmetric_full,87.6988427420531,-4,0,0
511,0.01,symmetric_full,62.86961613053552,-10,0,0
512,0.01,symmetric_full,42.45574713268138,16,0,0
513,0.01,symmetric_full,69.1041947804921,8,0,0
514,0.01,symmetric_full,79.44822893305263,-7,0,0
515,0.01,symmetric_full,62.65847622185379,15,0,0
516,0.01,symmetric_full,65.41900684312589,-6,0,0
517,0.01,symmetric_full,84.507181419998,-11,0,0
518,0.01,symmetric_full,92.82957259108207,12,0,0
519,0.01,symmetric_full,73.96973314468642,19,0,0
520,0.01,symmetric_full,69.88222011412302,5,0,0
521,0.01,symmetric_full,69.60295254888496,0,0,0
522,0.01,symmetric_full,71.26926261473193,-7,0,0
523,0.01,symmetric_full,81.54080400077828,-15,0,0
524,0.01,symmetric_full,78.80037466118563,6,0,0
525,0.01,symmetric_full,72.21302564219832,-6,0,0
526,0.01,symmetric_full,62.079438287584594,-2,0,0
527,0.01,symmetric_full,70.11229176483351,3,0,0
528,0.01,symmetric_full,71.65033800240244,3,0,0
529,0.01,symmetric_full,92.66576255380369,16,0,0
530,0.01,symmetric_full,63.92106340934981,-7,0,0
531,0.01,symmetric_full,75.01914553345853,3,0,0
532,0.01,symmetric_full,78.33559425487579,2,0,0
533,0.01,symmetric_full,71.996397052475,-5,0,0
534,0.01,symmetric_full,65.61773823664237,4,0,0
535,0.01,symmetric_full,72.96003020853834,-5,0,0
536,0.01,symmetric_full,64.9896591120118,-2,0,0
537,0.01,symmetric_full,82.8939188448312,15,0,0
538,0.01,symmetric_full,63.34003772720632,-9,0,0
539,0.01,symmetric_full,57.54162093111495,-8,0,0
540,0.01,symmetric_full,92.03252053406209,-8,0,0
541,0.01,symmetric_full,78.9832136367005,-4,0,0
542,0.01,symmetric_full,45.937364701015895,12,0,0
543,0.01,symmetric_full,69.01873946737896,-8,0,0
544,0.01,symmetric_full,55.88992720286598,3,0,0
545,0.01,symmetric_full,75.17010808005705,-2,0,0
546,0.01,symmetric_full,73.27706662069397,-3,0,0
547,0.01,symmetric_full,62.64145358393699,-3,0,0
548,0.01,symmetric_full,68.55275054590402,-11,0,0
549,0.01,symmetric_full,53.20325888775824,10,0,0
550,0.01,symmetric_full,56.881053125443145,8,0,0
551,0.01,symmetric_full,86.6628904445995,-13,0,0
552,0.01,symmetric_full,53.368866710190616,3,0,0
553,0.01,symmetric_full,66.7926615958599,5,0,0
554,0.01,symmetric_full,59.40264383803412,-4,0,0
555,0.01,symmetric_full,68.4135015331102,-9,0,0
556,0.01,symmetric_full,63.26591415612293,2,0,0
557,0.01,symmetric_full,64.22136586463034,7,0,0
558,0.01,symmetric_full,87.72359746621999,0,0,0
559,0.01,symmetric_full,89.69352539177794,-12,0,0
560,0.01,symmetric_full,76.73801184558533,-7,0,0
561,0.01,symmetric_full,6.047006070370799,19,0,0
562,0.01,symmetric_full,57.076522905528236,-4,0,0
563,0.01,symmetric_full,73.85783851183805,8,0,0
564,0.01,symmetric_full,40.96053578515432,-5,0,0
565,0.01,symmetric_full,60.47215937481998,0,0,0
566,0.01,symmetric_full,70.07659899831941,-2,0,0
567,0.01,symmetric_full,55.178926721998096,11,0,0
568,0.01,symmetric_full,82.42871358575735,12,0,0
569,0.01,symmetric_full,60.979442584922936,15,0,0
570,0.01,symmetric_full,50.874412169321886,-14,0,0
571,0.01,symmetric_full,64.35753879702042,-13,0,0
572,0.01,symmetric_full,75.97835383675829,-2,0,0
573,0.01,symmetric_full,75.3071593076973,-5,0,0
574,0.01,symmetric_full,58.773948375805276,20,0,0
575,0.01,symmetric_full,73.42324550489093,-18,0,0
576,0.01,symmetric_full,74.99162791418112,1,0,0
577,0.01,symmetric_full,59.958083987149735,-2,0,0
578,0.01,symmetric_full,84.78210277623577,9,0,0
579,0.01,symmetric_full,77.58175479849353,-6,0,0
580,0.01,symmetric_full,66.86794176173657,8,0,0
581,0.01,symmetric_full,48.361254131927,0,0,0
582,0.01,symmetric_full,73.78844702700354,1,0,0
583,0.01,symmetric_full,57.808263643589726,6,0,0
584,0.01,symmetric_full,78.61697943939123,11,0,0
585,0.01,symmetric_full,72.25074699843594,-20,0,0
586,0.01,symmetric_full,67.32836965872656,-5,0,0
587,0.01,symmetric_full,41.12328981658743,-3,0,0
588,0.01,symmetric_full,62.970673658494775,-7,0,0
589,0.01,symmetric_full,91.41774269111102,8,0,0
590,0.01,symmetric_full,75.11338672381999,10,0,0
591,0.01,symmetric_full,66.50535505510777,4,0,0
592,0.01,symmetric_full,63.762783243474175,0,0,0
593,0.01,symmetric_full,83.66286179773988,4,0,0
594,0.01,symmetric_full,78.25011408899968,7,0,0
595,0.01,symmetric_full,58.98799330312738,-9,0,0
596,0.01,symmetric_full,77.01666937354435,-4,0,0
597,0.01,symmetric_full,71.11496389641155,3,0,0
598,0.01,symmetric_full,77.23091208601898,6,0,0
599,0.01,symmetric_full,72.5619711584655,-1,0,0
600,0.01,symmetric_full,64.22438850254707,-5,0,0
601,0.01,symmetric_full,80.40175707047638,-7,0,0
602,0.01,symmetric_full,69.02216840561528,4,0,0
603,0.01,symmetric_full,35.14274162697984,-16,0,0
604,0.01,symmetric_full,79.58458144237215,8,0,0
605,0.01,symmetric_full,52.120949651291426,-6,0,0
606,0.01,symmetric_full,75.46328066393477,-5,0,0
607,0.01,symmetric_full,88.3320992287679,-16,0,0
608,0.01,symmetric_full,73.14279275513695,-4,0,0
609,0.01,symmetric_full,73.36647665797273,11,0,0
610,0.01,symmetric_full,56.21763000665851,20,0,0
611,0.01,symmetric_full,85.93063617273242,-10,0,0
612,0.01,symmetric_full,72.66111736746609,-10,0,0
613,0.01,symmetric_full,78.96639099878365,4,0,0
614,0.01,symmetric_full,64.31739853982481,-21,0,0
615,0.01,symmetric_full,71.68286787380492,4,0,0
616,0.01,symmetric_full,72.1917907521559,-3,0,0
617,0.01,symmetric_full,51.283392575631524,6,0,0
618,0.01,symmetric_full,87.99519898833364,-11,0,0
619,0.01,symmetric_full,71.50828268928986,1,0,0
620,0.01,symmetric_full,61.778690556470565,10,0,0
621,0.01,symmetric_full,84.38557359756578,-6,0,0
622,0.01,symmetric_full,68.57548671762572,-6,0,0
623,0.01,symmetric_full,68.10797422506698,-18,0,0
624,0.01,symmetric_full,61.69774026199741,-4,0,0
625,0.01,symmetric_full,85.29243569186451,-12,0,0
626,0.01,symmetric_full,56.26979885357707,9,0,0
627,0.01,symmetric_full,50.00530258434253,7,0,0
628,0.01,symmetric_full,69.27809349881329,-10,0,0
629,0.01,symmetric_full,42.331396838207496,-2,0,0
630,0.01,symmetric_full,43.04456242903336,-9,0,0
631,0.01,symmetric_full,93.04612253704227,17,0,0
632,0.01,symmetric_full,58.0294551284245,5,0,0
633,0.01,symmetric_full,68.18909779615012,7,0,0
634,0.01,symmetric_full,63.36999023652598,2,0,0
635,0.01,symmetric_full,58.53547042477638,0,0,0
636,0.01,symmetric_full,83.3148005328203,15,0,0
637,0.01,symmetric_full,55.90476244142093,5,0,0
638,0.01,symmetric_full,59.330728782115784,12,0,0
639,0.01,symmetric_full,64.25205454567191,5,0,0
640,0.01,symmetric_full,63.190170161968354,-8,0,0
641,0.01,symmetric_full,68.65241437418194,-14,0,0
642,0.01,symmetric_full,65.10853297756898,7,0,0
643,0.01,symmetric_full,47.58581876101675,-11,0,0
644,0.01,symmetric_full,73.14998015449942,-12,0,0
645,0.01,symmetric_full,66.11289379018854,15,0,0
646,0.01,symmetric_full,91.05276380691475,9,0,0
647,0.01,symmetric_full,66.26031012778628,9,0,0
648,0.01,symmetric_full,94.32972384729123,-10,0,0
649,0.01,symmetric_full,70.42686434871109,-6,0,0
650,0.01,symmetric_full,68.90429606217185,14,0,0
651,0.01,symmetric_full,60.93044479976936,-2,0,0
652,0.01,symmetric_full,57.34026468483546,7,0,0
653,0.01,symmetric_full,78.42111782596018,3,0,0
654,0.01,symmetric_full,59.93589028746828,16,0,0
655,0.01,symmetric_full,52.52357976312828,-12,0,0
656,0.01,symmetric_full,62.59574226497875,-11,0,0
657,0.01,symmetric_full,86.73102440147522,7,0,0
658,0.01,symmetric_full,70.30791813971064,-11,0,0
659,0.01,symmetric_full,80.51914225499195,-12,0,0
660,0.01,symmetric_full,77.71046133924636,3,0,0
661,0.01,symmetric_full,71.26268525264874,5,0,0
662,0.01,symmetric_full,64.44179223950749,-5,0,0
663,0.01,symmetric_full,69.22187494636817,1,0,0
664,0.01,symmetric_full,57.10707950032027,0,0,0
665,0.01,symmetric_full,56.129801068422836,0,0,0
666,0.01,symmetric_full,57.605833183240975,-13,0,0
667,0.01,symmetric_full,72.07586939591852,5,0,0
668,0.01,symmetric_full,68.48503548998565,-3,0,0
669,0.01,symmetric_full,74.95181787690177,-5,0,0
670,0.01,symmetric_full,79.28979847270386,-4,0,0
671,0.01,symmetric_full,77.25006238049252,10,0,0
672,0.01,symmetric_full,70.40359830558627,0,0,0
673,0.01,symmetric_full,59.3037595866856,-4,0,0
674,0.01,symmetric_full,58.451565406137206,2,0,0
675,0.01,symmetric_full,67.15912064593249,-15,0,0
676,0.01,symmetric_full,46.9853604036781,7,0,0
677,0.01,symmetric_full,73.69378319872544,6,0,0
678,0.01,symmetric_full,65.20045433380625,5,0,0
679,0.01,symmetric_full,80.60839978295144,-13,0,0
680,0.01,symmetric_full,60.81856463389363,5,0,0
681,0.01,symmetric_full,106.91557425793803,-16,0,0
682,0.01,symmetric_full,51.60200634987041,18,0,0
683,0.01,symmetric_full,74.19448752463154,-10,0,0
684,0.01,symmetric_full,50.46859430961052,-3,0,0
685,0.01,symmetric_full,68.60379173626507,10,0,0
686,0.01,symmetric_full,63.23740913748338,10,0,0
687,0.01,symmetric_full,65.86435609635419,11,0,0
688,0.01,symmetric_full,62.979032468133255,4,0,0
689,0.01,symmetric_full,77.64050509296672,2,0,0
690,0.01,symmetric_full,91.30634047626506,-7,0,0
691,0.01,symmetric_full,97.06914314960505,-3,0,0
692,0.01,symmetric_full,68.9537294301008,14,0,0
693,0.01,symmetric_full,74.29860888086966,-6,0,0
694,0.01,symmetric_full,73.54900431452904,-5,0,0
695,0.01,symmetric_full,90.9709062789558,8,0,0
696,0.01,symmetric_full,58.74827194689004,-3,0,0
697,0.01,symmetric_full,76.3575015678723,8,0,0
698,0.01,symmetric_full,69.17148976185263,0,0,0
699,0.01,symmetric_full,64.01705080871182,-5,0,0
700,0.01,symmetric_full,35.569064505330516,17,0,0
701,0.01,symmetric_full,84.76552541415245,3,0,0
702,0.01,symmetric_full,47.49189961962611,14,0,0
703,0.01,symmetric_full,34.264283618153286,13,0,0
704,0.01,symmetric_full,43.5884704918999,-23,0,0
705,0.01,symmetric_full,56.10148379765769,27,0,0
706,0.01,symmetric_full,63.22678649956629,10,0,0
707,0.01,symmetric_full,59.53832995571652,0,0,0
708,0.01,symmetric_full,58.91648198416874,5,0,0
709,0.01,symmetric_full,94.92410646844769,-5,0,0
710,0.01,symmetric_full,80.00930023525075,-12,0,0
711,0.01,symmetric_full,68.6795256931407,4,0,0
712,0.01,symmetric_full,77.61959377400825,4,0,0
713,0.01,symmetric_full,64.51436738674363,8,0,0
714,0.01,symmetric_full,83.24814895666782,-9,0,0
715,0.01,symmetric_full,80.79915229227089,2,0,0
716,0.01,symmetric_full,70.03285278931921,-1,0,0
717,0.01,symmetric_full,81.54426409209725,-4,0,0
718,0.01,symmetric_full,86.33292637588784,-7,0,0
719,0.01,symmetric_full,74.53046010850929,-1,0,0
720,0.01,symmetric_full,61.132312365007124,11,0,0
721,0.01,symmetric_full,67.77466138399518,15,0,0
722,0.01,symmetric_full,60.935756118727454,6,0,0
723,0.01,symmetric_full,76.63214019487486,-13,0,0
724,0.01,symmetric_full,60.43559835033443,14,0,0
725,0.01,symmetric_full,41.91883685496782,-15,0,0
726,0.01,symmetric_full,79.18803371125898,-6,0,0
727,0.01,symmetric_full,80.99640725687084,7,0,0
728,0.01,symmetric_full,89.7102801159441,10,0,0
729,0.01,symmetric_full,62.10747317762679,-5,0,0
730,0.01,symmetric_full,63.9729806801148,-10,0,0
731,0.01,symmetric_full,59.97260382127337,5,0,0
732,0.01,symmetric_full,65.69208853111536,12,0,0
733,0.01,symmetric_full,73.84181587392123,4,0,0
734,0.01,symmetric_full,72.80366136162047,4,0,0
735,0.01,symmetric_full,74.78985533030368,-4,0,0
736,0.01,symmetric_full,93.83609221334012,-3,0,0
737,0.01,symmetric_full,73.60077316144645,10,0,0
738,0.01,symmetric_full,57.20945464755647,5,0,0
739,0.01,symmetric_full,62.75180609325645,4,0,0
740,0.01,symmetric_full,62.56281460842206,-1,0,0
741,0.01,symmetric_full,71.99716811423917,-5,0,0
742,0.01,symmetric_full,57.12275184376381,10,0,0
743,0.01,symmetric_full,58.87786973204288,12,0,0
744,0.01,symmetric_full,65.86789448292177,-1,0,0
745,0.01,symmetric_full,51.543717668828435,-4,0,0
746,0.01,symmetric_full,32.64157985262432,-14,0,0
747,0.01,symmetric_full,61.93169429343061,-6,0,0
748,0.01,symmetric_full,58.95848198416883,5,0,0
749,0.01,symmetric_full,100.57837705553743,-9,0,0
750,0.01,symmetric_full,96.06458642245718,6,0,0
751,0.01,symmetric_full,66.7635254241388,0,0,0
752,0.01,symmetric_full,84.75449647591643,7,0,0
753,0.01,symmetric_full,64.10766714630995,-3,0,0
754,0.01,symmetric_full,65.70755457424013,-6,0,0
755,0.01,symmetric_full,75.88761987988255,14,0,0
756,0.01,symmetric_full,64.16323599322754,-16,0,0
757,0.01,symmetric_full,67.9133189119541,6,0,0
758,0.01,symmetric_full,71.58792796512341,-3,0,0
759,0.01,symmetric_full,66.63838142998429,-4,0,0
760,0.01,symmetric_full,73.39296533901415,9,0,0
761,0.01,symmetric_full,66.61414653994257,-9,0,0
762,0.01,symmetric_full,67.46451365288078,9,0,0
763,0.01,symmetric_full,92.41187456549505,6,0,0
764,0.01,symmetric_full,67.03323196489144,1,0,0
765,0.01,symmetric_full,66.17287115227202,-3,0,0
766,0.01,symmetric_full,75.41220458353109,-7,0,0
767,0.01,symmetric_full,71.58805153620733,6,0,0
768,0.01,symmetric_full,59.58070136599258,-15,0,0
769,0.01,symmetric_full,60.40857571241804,14,0,0
770,0.01,symmetric_full,80.01688168280668,-9,0,0
771,0.01,symmetric_full,72.04639075215596,3,0,0
772,0.01,symmetric_full,64.29761114046391,-1,0,0
773,0.01,symmetric_full,79.93181785452794,-8,0,0
774,0.01,symmetric_full,63.09141765264877,3,0,0
775,0.01,symmetric_full,72.84905727614864,21,0,0
776,0.01,symmetric_full,77.99591256688666,-8,0,0
777,0.01,symmetric_full,78.58446812043297,-3,0,0
778,0.01,symmetric_full,63.81071941519576,7,0,0
779,0.01,symmetric_full,81.44240026381905,3,0,0
780,0.01,symmetric_full,74.55221261782935,-10,0,0
781,0.01,symmetric_full,66.47053650266344,-11,0,0
782,0.01,symmetric_full,54.66364759736777,3,0,0
783,0.01,symmetric_full,78.4854042921549,2,0,0
784,0.01,symmetric_full,75.23616560801639,5,0,0
785,0.01,symmetric_full,72.77816264329999,2,0,0
786,0.01,symmetric_full,73.35599427725003,-5,0,0
787,0.01,symmetric_full,67.06346311797392,8,0,0
788,0.01,symmetric_full,62.335083214905524,-5,0,0
789,0.01,symmetric_full,72.14775959907355,0,0,0
790,0.01,symmetric_full,57.03008801548586,1,0,0
791,0.01,symmetric_full,78.12981537067981,9,0,0
792,0.01,symmetric_full,49.50029102495034,-4,0,0
793,0.01,symmetric_full,85.79792111681445,-26,0,0
794,0.01,symmetric_full,52.896416175284,-8,0,0
795,0.01,symmetric_full,53.698832993748965,8,0,0
796,0.01,symmetric_full,70.97252492089677,1,0,0
797,0.01,symmetric_full,53.513765428510965,9,0,0
798,0.01,symmetric_full,51.990712890623286,3,0,0
799,0.01,symmetric_full,67.70689253707747,-8,0,0
800,0.01,symmetric_full,73.34567665797249,-15,0,0
801,0.01,symmetric_full,44.19743829757067,15,0,0
802,0.01,symmetric_full,51.11493726251945,-6,0,0
803,0.01,symmetric_full,73.45460431452895,-1,0,0
804,0.01,symmetric_full,65.59771338387844,-3,0,0
805,0.01,symmetric_full,52.11323424686043,13,0,0
806,0.01,symmetric_full,72.11547091803175,4,0,0
807,0.01,symmetric_full,62.812057320896656,-5,0,0
808,0.01,symmetric_full,83.92352493328457,-1,0,0
809,0.01,symmetric_full,73.08079905545583,8,0,0
810,0.01,symmetric_full,79.6787254365264,-4,0,0
811,0.01,symmetric_full,46.91381419467643,18,0,0
812,0.01,symmetric_full,72.45624980222814,1,0,0
813,0.01,symmetric_full,49.790210166340785,-17,0,0
814,0.01,symmetric_full,56.8019978123308,6,0,0
815,0.01,symmetric_full,61.38636137780088,-7,0,0
816,0.01,symmetric_full,94.30027261965051,-9,0,0
817,0.01,symmetric_full,77.73333998300905,11,0,0
818,0.01,symmetric_full,41.963160426052696,6,0,0
819,0.01,symmetric_full,83.20835304214086,-10,0,0
820,0.01,symmetric_full,70.88312339878377,-2,0,0
821,0.01,symmetric_full,85.29184572914437,12,0,0
822,0.01,symmetric_full,92.23281703753537,-13,0,0
823,0.01,symmetric_full,69.17167716121428,0,0,0
824,0.01,symmetric_full,80.75118088199406,11,0,0
825,0.01,symmetric_full,78.83546334222723,-2,0,0
826,0.01,symmetric_full,85.45382087638018,7,0,0
827,0.01,symmetric_full,63.876640771432974,1,0,0
828,0.01,symmetric_full,52.09988582301253,11,0,0
829,0.01,symmetric_full,78.3010892362388,-12,0,0
830,0.01,symmetric_full,58.94817066521037,-1,0,0
831,0.01,symmetric_full,89.7476779010974,-13,0,0
832,0.01,symmetric_full,65.64941840251836,-1,0,0
833,0.01,symmetric_full,52.48898197797462,9,0,0
834,0.01,symmetric_full,65.5203857273226,7,0,0
835,0.01,symmetric_full,67.5056249718395,-5,0,0
836,0.01,symmetric_full,58.73945560929201,5,0,0
837,0.01,symmetric_full,77.08514953942029,-7,0,0
838,0.01,symmetric_full,71.34620030856729,-9,0,0
839,0.01,symmetric_full,63.676748353431776,-11,0,0
840,0.01,symmetric_full,54.02089834414065,0,0,0
841,0.01,symmetric_full,73.82932940772639,3,0,0
842,0.01,symmetric_full,88.75785326020014,-4,0,0
843,0.01,symmetric_full,70.88311488361768,-1,0,0
844,0.01,symmetric_full,56.66381262781556,-1,0,0
845,0.01,symmetric_full,86.21077165172159,-1,0,0
846,0.01,symmetric_full,67.46436335840758,15,0,0
847,0.01,symmetric_full,74.4851402743854,0,0,0
848,0.01,symmetric_full,61.0485271804921,-4,0,0
849,0.01,symmetric_full,71.83900778248722,7,0,0
850,0.01,symmetric_full,65.1156691492913,12,0,0
851,0.01,symmetric_full,64.6746802278156,-5,0,0
852,0.01,symmetric_full,51.84825314781665,25,0,0
853,0.01,symmetric_full,68.67394203073877,-10,0,0
854,0.01,symmetric_full,62.68512592738034,27,0,0
855,0.01,symmetric_full,56.91853550616537,2,0,0
856,0.01,symmetric_full,67.4124334870047,8,0,0
857,0.01,symmetric_full,91.72821807878154,8,0,0
858,0.01,symmetric_full,72.79402017125983,-3,0,0
859,0.01,symmetric_full,63.85739958107172,-6,0,0
860,0.01,symmetric_full,70.33831183939128,-15,0,0
861,0.01,symmetric_full,63.602950568278175,-2,0,0
862,0.01,symmetric_full,78.67087185739285,3,0,0
863,0.01,symmetric_full,69.01821963325506,-11,0,0
864,0.01,symmetric_full,72.25446461771263,0,0,0
865,0.01,symmetric_full,55.05599906544205,5,0,0
866,0.01,symmetric_full,70.30360682075172,-3,0,0
867,0.01,symmetric_full,66.30699250850898,-13,0,0
868,0.01,symmetric_full,85.45450104225648,0,0,0
869,0.01,symmetric_full,91.2398191200266,-11,0,0
870,0.01,symmetric_full,52.52753448729436,-4,0,0
871,0.01,symmetric_full,63.65109677727901,7,0,0
872,0.01,symmetric_full,64.03380331803203,4,0,0
873,0.01,symmetric_full,81.37816537377648,-20,0,0
874,0.01,symmetric_full,56.197425921186664,-1,0,0
875,0.01,symmetric_full,75.1272193990153,8,0,0
876,0.01,symmetric_full,65.93795609635342,-1,0,0
877,0.01,symmetric_full,69.47499000228635,-3,0,0
878,0.01,symmetric_full,71.30614908092684,8,0,0
879,0.01,symmetric_full,85.7278160981748,10,0,0
880,0.01,symmetric_full,63.93877064283595,8,0,0
881,0.01,symmetric_full,66.59454653994248,-11,0,0
882,0.01,symmetric_full,68.30644400515126,-4,0,0
883,0.01,symmetric_full,74.50359628023125,2,0,0
884,0.01,symmetric_full,86.50874645044541,7,0,0
885,0.01,symmetric_full,61.4854600961213,7,0,0
886,0.01,symmetric_full,81.5641939634994,-7,0,0
887,0.01,symmetric_full,82.37056737675755,9,0,0
888,0.01,symmetric_full,63.28043772720622,-3,0,0
889,0.01,symmetric_full,92.15687712885438,14,0,0
890,0.01,symmetric_full,75.17517190833536,-3,0,0
891,0.01,symmetric_full,77.93518899580278,-3,0,0
892,0.01,symmetric_full,78.98373720778517,3,0,0
893,0.01,symmetric_full,62.97784880573113,8,0,0
894,0.01,symmetric_full,60.72187595285175,7,0,0
895,0.01,symmetric_full,56.02270235010235,10,0,0
896,0.01,symmetric_full,68.71691939282175,-6,0,0
897,0.01,symmetric_full,90.39695072540871,-9,0,0
898,0.01,symmetric_full,62.26296185866886,9,0,0
899,0.01,symmetric_full,65.79086963015843,0,0,0
900,0.01,symmetric_full,78.23135306451468,-5,0,0
901,0.01,symmetric_full,45.81872351065414,-3,0,0
902,0.01,symmetric_full,64.25511837395027,-6,0,0
903,0.01,symmetric_full,75.05840306141818,12,0,0
904,0.01,symmetric_full,64.81732141817673,0,0,0
905,0.01,symmetric_full,65.81897091183828,2,0,0
906,0.01,symmetric_full,88.6832695977978,0,0,0
907,0.01,symmetric_full,103.91427735310822,-14,0,0
908,0.01,symmetric_full,84.9658916977105,14,0,0
909,0.01,symmetric_full,68.12590409647032,-9,0,0
910,0.01,symmetric_full,98.91675975620446,1,0,0
911,0.01,symmetric_full,66.83029427105629,-1,0,0
912,0.01,symmetric_full,79.92330432072299,-5,0,0
913,0.01,symmetric_full,70.68419574222708,-12,0,0
914,0.01,symmetric_full,65.99659098639586,10,0,0
915,0.01,symmetric_full,65.4866395183218,-2,0,0
916,0.01,symmetric_full,69.93041159895726,0,0,0
917,0.01,symmetric_full,57.592284759393124,13,0,0
918,0.01,symmetric_full,61.84421412755438,5,0,0
919,0.01,symmetric_full,65.41217569004391,3,0,0
920,0.01,symmetric_full,78.90182215186655,-11,0,0
921,0.01,symmetric_full,72.58541234882682,12,0,0
922,0.01,symmetric_full,62.39707469974019,4,0,0
923,0.01,symmetric_full,47.7075586696983,-12,0,0
924,0.01,symmetric_full,51.02443445872629,-1,0,0
925,0.01,symmetric_full,73.16077011721973,-8,0,0
926,0.01,symmetric_full,48.047102663853366,-12,0,0
927,0.01,symmetric_full,72.84986136162047,-2,0,0
928,0.01,symmetric_full,87.9939577979718,6,0,0
929,0.01,symmetric_full,66.75731538685955,-6,0,0
930,0.01,symmetric_full,53.890865668945,0,0,0
931,0.01,symmetric_full,55.39800058755577,14,0,0
932,0.01,symmetric_full,58.211458865384145,-5,0,0
933,0.01,symmetric_full,64.86831511785795,-10,0,0
934,0.01,symmetric_full,67.30628727800416,-3,0,0
935,0.01,symmetric_full,68.55639803658423,0,0,0
936,0.01,symmetric_full,58.59403927169433,-7,0,0
937,0.01,symmetric_full,75.39297343044868,2,0,0
938,0.01,symmetric_full,54.38998003212987,10,0,0
939,0.01,symmetric_full,64.68772771849547,2,0,0
940,0.01,symmetric_full,70.01274777067903,3,0,0
941,0.01,symmetric_full,87.88835779797193,-2,0,0
942,0.01,symmetric_full,92.2025821474931,-10,0,0
943,0.01,symmetric_full,81.68942033837595,9,0,0
944,0.01,symmetric_full,82.46762490471656,-12,0,0
945,0.01,symmetric_full,68.03373524955194,2,0,0
946,0.01,symmetric_full,73.43425402005528,15,0,0
947,0.01,symmetric_full,73.59113197108547,-9,0,0
948,0.01,symmetric_full,89.28484591863503,-13,0,0
949,0.01,symmetric_full,76.0299475364393,0,0,0
950,0.01,symmetric_full,59.150994825240275,2,0,0
951,0.01,symmetric_full,59.334423414963624,-1,0,0
952,0.01,symmetric_full,74.90699523898559,7,0,0
953,0.01,symmetric_full,73.10878645481756,4,0,0
954,0.01,symmetric_full,95.51705350682812,-9,0,0
955,0.01,symmetric_full,73.81069451768394,8,0,0
956,0.01,symmetric_full,69.09571461461579,3,0,0
957,0.01,symmetric_full,63.255998751692175,-3,0,0
958,0.01,symmetric_full,24.65485624677899,-12,0,0
959,0.01,symmetric_full,67.50755484324168,6,0,0
960,0.01,symmetric_full,51.11413726251931,10,0,0
961,0.01,symmetric_full,67.9238075929957,2,0,0
962,0.01,symmetric_full,75.44157343044856,2,0,0
963,0.01,symmetric_full,67.8885274271197,-7,0,0
964,0.01,symmetric_full,68.19213898651182,2,0,0
965,0.01,symmetric_full,39.68704987933779,-21,0,0
966,0.01,symmetric_full,77.99893520480373,12,0,0
967,0.01,symmetric_full,82.0449680694901,25,0,0
968,0.01,symmetric_full,75.74981614292335,8,0,0
969,0.01,symmetric_full,52.47111593484976,-7,0,0
970,0.01,symmetric_full,54.75534631568871,15,0,0
971,0.01,symmetric_full,87.98773516005508,8,0,0
972,0.01,symmetric_full,58.450837749580614,4,0,0
973,0.01,symmetric_full,71.48947638897084,-7,0,0
974,0.01,symmetric_full,55.30439055027705,12,0,0
975,0.01,symmetric_full,68.96852721525431,9,0,0
976,0.01,symmetric_full,73.47458167661239,11,0,0
977,0.01,symmetric_full,56.335233743618815,0,0,0
978,0.01,symmetric_full,75.43949326457266,-7,0,0
979,0.01,symmetric_full,84.36677138271904,5,0,0
980,0.01,symmetric_full,63.059199100204296,-10,0,0
981,0.01,symmetric_full,77.34869727053436,-1,0,0
982,0.01,symmetric_full,63.702744267959474,-6,0,0
983,0.01,symmetric_full,75.69184099568656,15,0,0
984,0.01,symmetric_full,67.69211738984086,7,0,0
985,0.01,symmetric_full,70.91059726434037,-7,0,0
986,0.01,symmetric_full,62.45061087146196,1,0,0
987,0.01,symmetric_full,74.982856852417,3,0,0
988,0.01,symmetric_full,67.6478761994795,2,0,0
989,0.01,symmetric_full,65.05002795892972,-1,0,0
990,0.01,symmetric_full,56.13733502529817,6,0,0
991,0.01,symmetric_full,59.7582060361201,2,0,0
992,0.01,symmetric_full,69.81697892376178,-16,0,0
993,0.01,symmetric_full,67.89979125539719,-8,0,0
994,0.01,symmetric_full,71.89970054900134,0,0,0
995,0.01,symmetric_full,75.82446737056364,9,0,0
996,0.01,symmetric_full,56.70578556020541,-17,0,0
997,0.01,symmetric_full,66.50961258306683,1,0,0
998,0.01,symmetric_full,84.43827010103934,-5,0,0
999,0.01,symmetric_full,82.74189246995519,3,0,0
0,0.1,inventory_full,66.83698606057732,2,0,0
1,0.1,inventory_full,50.99127606455403,2,0,0
2,0.1,inventory_full,53.99035246938803,-3,0,0
3,0.1,inventory_full,60.36184067281654,1,0,0
4,0.1,inventory_full,73.77043117957425,-5,0,0
5,0.1,inventory_full,56.764314671128204,-1,0,0
6,0.1,inventory_full,69.17269113317536,8,1,1
7,0.1,inventory_full,56.87269197825958,-6,0,0
8,0.1,inventory_full,66.33390106277506,4,0,0
9,0.1,inventory_full,72.59829519309619,8,0,0
10,0.1,inventory_full,64.0151737244554,-3,0,0
11,0.1,inventory_full,71.67045990252876,3,0,0
12,0.1,inventory_full,73.22005867627753,0,0,0
13,0.1,inventory_full,57.6432636824523,0,0,0
14,0.1,inventory_full,64.81009449516233,-1,1,0
15,0.1,inventory_full,61.87724601417847,3,0,0
16,0.1,inventory_full,64.5448644355763,-4,2,0
17,0.1,inventory_full,65.64535856387414,-1,0,0
18,0.1,inventory_full,52.223552841345054,4,0,0
19,0.1,inventory_full,68.45855562903472,2,0,0
20,0.1,inventory_full,64.09625872225743,3,0,0
21,0.1,inventory_full,54.02525791394328,-2,0,0
22,0.1,inventory_full,73.2454673244361,2,0,0
23,0.1,inventory_full,64.61176507629688,-1,1,0
24,0.1,inventory_full,70.8106969016844,2,0,0
25,0.1,inventory_full,64.56833629815247,4,0,0
26,0.1,inventory_full,68.29442012489363,-4,0,0
27,0.1,inventory_full,61.31601066842099,1,0,0
28,0.1,inventory_full,60.84070351527737,-4,0,0
29,0.1,inventory_full,62.93560944216976,0,0,0
30,0.1,inventory_full,66.52257906581724,-5,0,0
31,0.1,inventory_full,59.278319957300084,2,0,0
32,0.1,inventory_full,68.59792119276136,-1,0,0
33,0.1,inventory_full,58.11818445315899,0,1,0
34,0.1,inventory_full,54.6817568460755,1,1,1
35,0.1,inventory_full,63.06668915380027,5,1,0
36,0.1,inventory_full,66.10071456995814,-1,0,0
37,0.1,inventory_full,68.87864804874403,-3,1,0
38,0.1,inventory_full,61.6804320246583,1,0,0
39,0.1,inventory_full,66.53298606057737,0,0,0
40,0.1,inventory_full,72.8230603296758,3,0,0
41,0.1,inventory_full,58.960542594978534,0,1,0
42,0.1,inventory_full,59.08686245620112,-1,0,0
43,0.1,inventory_full,61.27443202465827,5,0,0
44,0.1,inventory_full,67.21570763038801,-5,0,0
45,0.1,inventory_full,73.8446883087164,-3,1,0
46,0.1,inventory_full,53.68552363605335,-3,0,0
47,0.1,inventory_full,62.99503822031426,-1,0,0
48,0.1,inventory_full,58.854411894672126,2,1,0
49,0.1,inventory_full,61.677802874556875,-1,0,0
50,0.1,inventory_full,71.89445990252881,-3,1,0
51,0.1,inventory_full,77.86952242822292,-4,0,0
52,0.1,inventory_full,53.330381192342514,3,0,0
53,0.1,inventory_full,60.79975402161625,4,0,0
54,0.1,inventory_full,67.08725706885924,0,0,0
55,0.1,inventory_full,65.12077249820425,-4,0,0
56,0.1,inventory_full,71.4638249839183,-3,0,0
57,0.1,inventory_full,53.42606613495445,-2,0,0
58,0.1,inventory_full,63.21567265658763,4,1,0
59,0.1,inventory_full,60.51519716123789,4,0,0
60,0.1,inventory_full,66.22627885224361,2,0,0
61,0.1,inventory_full,58.4382907520084,1,0,0
62,0.1,inventory_full,63.51468007849462,-5,0,0
63,0.1,inventory_full,65.07627885224368,0,0,0
64,0.1,inventory_full,63.37638894022672,2,0,0
65,0.1,inventory_full,66.00472893143535,-2,0,0
66,0.1,inventory_full,55.75128711923486,-1,0,0
67,0.1,inventory_full,60.7952747371329,-3,0,0
68,0.1,inventory_full,58.78182631133947,0,1,0
69,0.1,inventory_full,65.77565829511042,5,1,0
70,0.1,inventory_full,54.63796512227674,4,0,0
71,0.1,inventory_full,69.2615486894648,-2,0,0
72,0.1,inventory_full,57.84000009607746,5,0,0
73,0.1,inventory_full,64.21681029646413,-4,0,0
74,0.1,inventory_full,60.88059673409083,0,0,0
75,0.1,inventory_full,61.00318279976082,1,0,0
76,0.1,inventory_full,69.06534041326307,-1,0,0
77,0.1,inventory_full,60.03653351967307,-2,0,0
78,0.1,inventory_full,59.24256224262754,2,0,0
79,0.1,inventory_full,56.83042096997755,0,0,0
80,0.1,inventory_full,67.59480698966757,2,0,0
81,0.1,inventory_full,64.76795850868388,2,0,0
82,0.1,inventory_full,71.08997533187366,1,0,0
83,0.1,inventory_full,65.7579494333786,-2,0,0
84,0.1,inventory_full,66.8414701488951,3,1,0
85,0.1,inventory_full,73.54107517349041,5,1,0
86,0.1,inventory_full,68.2815630509418,1,1,1
87,0.1,inventory_full,56.71260004088731,2,0,0
88,0.1,inventory_full,63.189401165968206,-1,0,0
89,0.1,inventory_full,53.423673984008815,1,1,0
90,0.1,inventory_full,69.8526188434524,0,0,0
91,0.1,inventory_full,57.29421317611333,0,1,0
92,0.1,inventory_full,71.13768947977735,1,1,0
93,0.1,inventory_full,54.10455070560943,-6,0,0
94,0.1,inventory_full,70.09797004570191,2,0,0
95,0.1,inventory_full,58.90254739881294,2,0,0
96,0.1,inventory_full,62.34216630254804,4,0,0
97,0.1,inventory_full,66.76767842509665,0,0,0
98,0.1,inventory_full,64.75451536906216,0,0,0
99,0.1,inventory_full,60.032567528799234,-1,1,1
100,0.1,inventory_full,64.16918808593243,-10,0,0
101,0.1,inventory_full,57.52658567941023,3,0,0
102,0.1,inventory_full,58.99657660410463,-1,0,0
103,0.1,inventory_full,62.10357495070632,0,3,0
104,0.1,inventory_full,55.98502139712471,0,0,0
105,0.1,inventory_full,74.01231532308233,3,0,0
106,0.1,inventory_full,66.73512156471821,2,0,0
107,0.1,inventory_full,76.79807880626373,5,0,0
108,0.1,inventory_full,62.62312487151479,2,0,0
109,0.1,inventory_full,57.305335972175385,-4,0,0
110,0.1,inventory_full,62.67100372885113,-3,0,0
111,0.1,inventory_full,60.31892567061894,-1,2,2
112,0.1,inventory_full,55.290972544184115,3,2,0
113,0.1,inventory_full,62.43633101198063,3,0,0
114,0.1,inventory_full,64.48428792754915,0,0,0
115,0.1,inventory_full,65.92471456995827,3,0,0
116,0.1,inventory_full,66.66185749600629,2,0,0
117,0.1,inventory_full,63.17995322251227,1,0,0
118,0.1,inventory_full,62.02921680888687,-2,1,1
119,0.1,inventory_full,64.5872805056419,3,0,0
120,0.1,inventory_full,60.29593309252601,4,0,0
121,0.1,inventory_full,69.57218312573781,1,0,0
122,0.1,inventory_full,61.80971045484736,2,0,0
123,0.1,inventory_full,69.55490421321133,-5,0,0
124,0.1,inventory_full,66.58070020848095,-4,0,0
125,0.1,inventory_full,57.91980618135318,5,0,0
126,0.1,inventory_full,55.089650547226256,-2,0,0
127,0.1,inventory_full,65.1383655034441,-3,0,0
128,0.1,inventory_full,65.0861375795937,2,0,0
129,0.1,inventory_full,61.822417663181085,0,0,0
130,0.1,inventory_full,67.34593555423855,2,0,0
131,0.1,inventory_full,62.278931439127774,1,0,0
132,0.1,inventory_full,72.55543860148146,4,2,0
133,0.1,inventory_full,65.65723742121031,2,0,0
134,0.1,inventory_full,58.332170091681974,3,0,0
135,0.1,inventory_full,68.67564970214232,4,0,0
136,0.1,inventory_full,68.46380005009752,-2,0,0
137,0.1,inventory_full,64.58666571701758,-4,3,1
138,0.1,inventory_full,64.21311579620937,-2,4,0
139,0.1,inventory_full,59.37197617695773,-1,0,0
140,0.1,inventory_full,71.52801889864253,-1,1,0
141,0.1,inventory_full,71.89336054324934,2,0,0
142,0.1,inventory_full,66.84713592619545,-3,2,0
143,0.1,inventory_full,66.59922786356742,-1,0,0
144,0.1,inventory_full,62.16653880584488,5,0,0
145,0.1,inventory_full,50.114646432115364,-5,0,0
146,0.1,inventory_full,66.85034206666137,2,0,0
147,0.1,inventory_full,61.18575930778792,-1,1,0
148,0.1,inventory_full,57.75535561982423,4,1,0
149,0.1,inventory_full,55.96923447716057,1,0,0
150,0.1,inventory_full,58.93166160190694,-1,0,0
151,0.1,inventory_full,64.77493672529948,-4,0,0
152,0.1,inventory_full,79.73524186229827,1,2,0
153,0.1,inventory_full,58.445384342778425,-6,0,0
154,0.1,inventory_full,56.271069767727795,4,3,0
155,0.1,inventory_full,58.05735561982431,-8,0,0
156,0.1,inventory_full,76.01780731564475,-4,0,0
157,0.1,inventory_full,62.52938151831924,1,0,0
158,0.1,inventory_full,68.72574212185168,-1,0,0
159,0.1,inventory_full,72.0839609703965,2,0,0
160,0.1,inventory_full,55.327393900421555,-1,0,0
161,0.1,inventory_full,67.97406198307404,0,0,0
162,0.1,inventory_full,70.5234620382642,1,0,0
163,0.1,inventory_full,77.84799215506348,6,0,0
164,0.1,inventory_full,66.49853549904839,-3,0,0
165,0.1,inventory_full,51.48138284574068,0,0,0
166,0.1,inventory_full,63.22451008289033,-1,0,0
167,0.1,inventory_full,54.976822196228625,-3,0,0
168,0.1,inventory_full,74.07963732004035,0,0,0
169,0.1,inventory_full,66.79125706885918,-4,1,0
170,0.1,inventory_full,63.331745428648105,-3,0,0
171,0.1,inventory_full,66.2794505012464,-7,0,0
172,0.1,inventory_full,58.16463453235065,0,1,0
173,0.1,inventory_full,64.9014648627234,-2,2,0
174,0.1,inventory_full,54.36674462033375,-2,0,0
175,0.1,inventory_full,66.29152327330672,-4,0,0
176,0.1,inventory_full,71.97063897343841,-1,0,0
177,0.1,inventory_full,58.074256742882156,0,0,0
178,0.1,inventory_full,59.36725508948405,5,0,0
179,0.1,inventory_full,70.56391211745591,-1,0,0
180,0.1,inventory_full,61.94007388283853,1,0,0
181,0.1,inventory_full,67.24309284176388,-2,1,0
182,0.1,inventory_full,71.68453267458914,0,1,1
183,0.1,inventory_full,63.17930922859617,3,0,0
184,0.1,inventory_full,53.32617291614103,0,0,0
185,0.1,inventory_full,61.14913923299207,3,0,0
186,0.1,inventory_full,66.00517949296417,-1,0,0
187,0.1,inventory_full,67.9528069896676,0,0,0
188,0.1,inventory_full,66.51739257300017,-2,0,0
189,0.1,inventory_full,66.16581344690019,-3,0,0
190,0.1,inventory_full,72.44560282857697,0,0,0
191,0.1,inventory_full,53.26453105796054,-4,1,0
192,0.1,inventory_full,59.835991020772155,-3,0,0
193,0.1,inventory_full,69.87024105398382,-4,0,0
194,0.1,inventory_full,67.77098606057731,0,0,0
195,0.1,inventory_full,57.554406608500386,-1,0,0
196,0.1,inventory_full,67.48554820712732,-1,1,0
197,0.1,inventory_full,64.1842295169659,-2,0,0
198,0.1,inventory_full,65.6546997261434,3,0,0
199,0.1,inventory_full,57.927835386644944,0,0,0
200,0.1,inventory_full,57.4012349594978,2,0,0
201,0.1,inventory_full,60.18454788115025,3,0,0
202,0.1,inventory_full,56.25965583339786,-1,1,0
203,0.1,inventory_full,63.27559508069254,5,0,0
204,0.1,inventory_full,83.48371735764772,-3,0,0
205,0.1,inventory_full,76.47795766360008,-2,0,0
206,0.1,inventory_full,58.83371953015286,0,0,0
207,0.1,inventory_full,50.75718893101646,-8,0,0
208,0.1,inventory_full,66.6974993541869,-4,0,0
209,0.1,inventory_full,64.46316464914986,3,0,0
210,0.1,inventory_full,59.12302716563363,2,0,0
211,0.1,inventory_full,67.16008541985684,-3,0,0
212,0.1,inventory_full,65.46413757959364,0,0,0
213,0.1,inventory_full,60.78127473713289,-1,2,1
214,0.1,inventory_full,61.57447559142713,3,0,0
215,0.1,inventory_full,74.31233016689669,-1,0,0
216,0.1,inventory_full,61.31769609337027,-3,0,0
217,0.1,inventory_full,59.6656903248612,-7,0,0
218,0.1,inventory_full,65.20791542425218,7,0,0
219,0.1,inventory_full,68.09596956336455,-1,0,0
220,0.1,inventory_full,59.05159838748909,5,0,0
221,0.1,inventory_full,59.84438317171774,2,0,0
222,0.1,inventory_full,70.77947591740423,1,0,0
223,0.1,inventory_full,72.1750114767353,0,0,0
224,0.1,inventory_full,75.61555066883983,-1,1,1
225,0.1,inventory_full,56.81266325530504,2,1,0
226,0.1,inventory_full,61.87835973493503,-3,1,0
227,0.1,inventory_full,65.72731499710528,3,0,0
228,0.1,inventory_full,57.05276475032002,-5,0,0
229,0.1,inventory_full,67.53009978133366,-6,0,0
230,0.1,inventory_full,67.19724270738203,-3,0,0
231,0.1,inventory_full,60.903996306943895,4,2,0
232,0.1,inventory_full,66.16472893143538,2,0,0
233,0.1,inventory_full,66.21492764999402,6,0,0
234,0.1,inventory_full,74.83154538266831,-4,0,0
235,0.1,inventory_full,60.12859625175349,5,0,0
236,0.1,inventory_full,50.84670436036129,6,0,0
237,0.1,inventory_full,63.53257377964542,-2,0,0
238,0.1,inventory_full,56.290972544184115,-5,0,0
239,0.1,inventory_full,67.38749935418693,0,0,0
240,0.1,inventory_full,66.11239999490738,-1,0,0
241,0.1,inventory_full,59.98208295814413,-3,0,0
242,0.1,inventory_full,59.73611216343585,-2,0,0
243,0.1,inventory_full,60.19295439357316,3,0,0
244,0.1,inventory_full,72.92346732443605,-4,0,0
245,0.1,inventory_full,65.62210885663933,-2,0,0
246,0.1,inventory_full,62.06625343608586,0,0,0
247,0.1,inventory_full,60.483618035137965,3,0,0
248,0.1,inventory_full,51.46860334768377,-4,0,0
249,0.1,inventory_full,65.00848664610784,0,0,0
250,0.1,inventory_full,61.48112487151468,4,0,0
251,0.1,inventory_full,60.72360367366093,-2,1,0
252,0.1,inventory_full,58.18645546144084,0,0,0
253,0.1,inventory_full,60.34128381243829,3,0,0
254,0.1,inventory_full,53.37950927457621,0,0,0
255,0.1,inventory_full,62.247909655743314,3,0,0
256,0.1,inventory_full,55.15700126713858,-3,0,0
257,0.1,inventory_full,68.46583405922381,1,0,0
258,0.1,inventory_full,67.39194991571574,-1,1,0
259,0.1,inventory_full,60.24986987810826,6,0,0
260,0.1,inventory_full,66.11115028767267,2,0,0
261,0.1,inventory_full,69.52584890303832,1,0,0
262,0.1,inventory_full,59.734126524912995,-3,0,0
263,0.1,inventory_full,61.233453808042725,3,0,0
264,0.1,inventory_full,69.47383405922372,1,0,0
265,0.1,inventory_full,65.81868007849482,5,0,0
266,0.1,inventory_full,61.99217586019091,5,0,0
267,0.1,inventory_full,62.90336715684231,2,0,0
268,0.1,inventory_full,71.05473998611603,3,0,0
269,0.1,inventory_full,71.38123940058557,-1,0,0
270,0.1,inventory_full,51.929537997530474,-2,0,0
271,0.1,inventory_full,60.770282159040036,0,0,0
272,0.1,inventory_full,57.05708461154245,4,0,0
273,0.1,inventory_full,61.533395879796615,-2,0,0
274,0.1,inventory_full,61.029167955946264,-3,0,0
275,0.1,inventory_full,66.82012898662555,-3,2,0
276,0.1,inventory_full,69.97884148113087,4,0,0
277,0.1,inventory_full,55.41268669208765,1,0,0
278,0.1,inventory_full,59.16639753319485,1,0,0
279,0.1,inventory_full,59.398891661492684,0,0,0
280,0.1,inventory_full,58.30439224702303,-4,0,0
281,0.1,inventory_full,61.53971093718461,1,0,0
282,0.1,inventory_full,63.88245215464451,2,0,0
283,0.1,inventory_full,60.97480981412673,3,0,0
284,0.1,inventory_full,64.36997767399566,9,0,0
285,0.1,inventory_full,59.5031191030057,2,0,0
286,0.1,inventory_full,62.894873510881766,0,0,0
287,0.1,inventory_full,63.97490271617343,1,1,0
288,0.1,inventory_full,63.58156587540111,2,0,0
289,0.1,inventory_full,62.01571093718469,1,0,0
290,0.1,inventory_full,64.21571622335637,2,0,0
291,0.1,inventory_full,71.76745296295877,-1,1,0
292,0.1,inventory_full,73.46265910342476,4,1,0
293,0.1,inventory_full,65.03408013368495,0,0,0
294,0.1,inventory_full,67.32271985612988,2,0,0
295,0.1,inventory_full,55.259229190988805,-2,0,0
296,0.1,inventory_full,72.8977967433014,0,0,0
297,0.1,inventory_full,61.96078109117231,1,0,0
298,0.1,inventory_full,58.82129817391555,0,0,0
299,0.1,inventory_full,62.94554622775219,0,0,0
300,0.1,inventory_full,76.95424351569646,2,0,0
301,0.1,inventory_full,66.76800784396183,0,0,0
302,0.1,inventory_full,59.42801974372642,-1,0,0
303,0.1,inventory_full,58.30949160630257,3,1,0
304,0.1,inventory_full,62.03405952136177,-6,0,0
305,0.1,inventory_full,64.96212321811628,1,0,0
306,0.1,inventory_full,52.59377547902375,-4,0,0
307,0.1,inventory_full,58.580290752008466,-3,0,0
308,0.1,inventory_full,58.175733891630074,-1,0,0
309,0.1,inventory_full,73.49611660452337,-1,0,0
310,0.1,inventory_full,60.254475591427195,5,3,0
311,0.1,inventory_full,59.81899796034196,5,0,0
312,0.1,inventory_full,57.63494910740155,2,0,0
313,0.1,inventory_full,61.02438845788953,5,0,0
314,0.1,inventory_full,59.44271259058297,-2,0,0
315,0.1,inventory_full,70.02073998611621,-3,0,0
316,0.1,inventory_full,73.50137538706392,0,0,0
317,0.1,inventory_full,64.39645792315355,2,1,1
318,0.1,inventory_full,66.05912156471823,4,0,0
319,0.1,inventory_full,65.62432241901257,0,0,0
320,0.1,inventory_full,65.41515028767273,0,0,0
321,0.1,inventory_full,69.42349076121872,3,0,0
322,0.1,inventory_full,63.30585172749723,0,0,0
323,0.1,inventory_full,63.18578851307956,2,0,0
324,0.1,inventory_full,62.346466516121694,-1,4,1
325,0.1,inventory_full,62.015153594468984,4,0,0
326,0.1,inventory_full,60.495197161238025,-4,0,0
327,0.1,inventory_full,62.69853928818213,-2,0,0
328,0.1,inventory_full,68.30847805313965,3,0,0
329,0.1,inventory_full,58.732576604104764,-1,0,0
330,0.1,inventory_full,62.351158880640696,3,6,0
331,0.1,inventory_full,63.239716223356254,-2,1,0
332,0.1,inventory_full,67.07679214585306,-2,3,0
333,0.1,inventory_full,67.73389198746987,0,0,0
334,0.1,inventory_full,61.72527473713279,-3,0,0
335,0.1,inventory_full,60.026247667576754,0,0,0
336,0.1,inventory_full,69.10442012489364,2,0,0
337,0.1,inventory_full,54.56685140152045,0,0,0
338,0.1,inventory_full,61.9769309567905,0,0,0
339,0.1,inventory_full,70.39436219664753,-1,0,0
340,0.1,inventory_full,66.33857906581756,-5,0,0
341,0.1,inventory_full,57.926227537590805,1,2,0
342,0.1,inventory_full,62.58573058483353,-1,0,0
343,0.1,inventory_full,73.39078932139398,-1,0,0
344,0.1,inventory_full,59.84412652491285,1,0,0
345,0.1,inventory_full,65.47836550344401,1,0,0
346,0.1,inventory_full,72.39579626096383,-3,0,0
347,0.1,inventory_full,53.329538479867935,1,0,0
348,0.1,inventory_full,64.40907222944037,4,2,1
349,0.1,inventory_full,56.95926368245216,-2,1,0
350,0.1,inventory_full,62.362446868472716,-3,0,0
351,0.1,inventory_full,61.93558979452099,0,0,0
352,0.1,inventory_full,54.381587332808294,2,0,0
353,0.1,inventory_full,65.1918862189608,-4,0,0
354,0.1,inventory_full,69.78912733322738,6,1,0
355,0.1,inventory_full,59.21231995730005,-2,0,0
356,0.1,inventory_full,58.57452775116404,0,0,0
357,0.1,inventory_full,59.73474659970907,1,0,0
358,0.1,inventory_full,67.96139834150915,-2,0,0
359,0.1,inventory_full,78.28589066004855,3,1,0
360,0.1,inventory_full,66.49252113757126,-4,0,0
361,0.1,inventory_full,57.82063453235065,4,0,0
362,0.1,inventory_full,50.38559063960493,0,0,0
363,0.1,inventory_full,61.68097452355937,-4,0,0
364,0.1,inventory_full,67.4757560009914,7,0,0
365,0.1,inventory_full,59.97133266537895,-2,1,0
366,0.1,inventory_full,70.85219796955222,1,0,0
367,0.1,inventory_full,74.07002466715164,-3,0,0
368,0.1,inventory_full,61.881754021616246,-4,1,0
369,0.1,inventory_full,64.95080122115866,2,1,0
370,0.1,inventory_full,71.19242541106536,5,0,0
371,0.1,inventory_full,58.28471210824566,-1,0,0
372,0.1,inventory_full,57.696842326214906,0,0,0
373,0.1,inventory_full,70.9377330465461,-3,1,0
374,0.1,inventory_full,63.508801221158535,2,0,0
375,0.1,inventory_full,57.07643533145476,1,0,0
376,0.1,inventory_full,71.86558846709983,-3,2,0
377,0.1,inventory_full,62.094238592271495,-6,2,0
378,0.1,inventory_full,63.3127523682179,-1,3,0
379,0.1,inventory_full,72.45372397124072,-1,0,0
380,0.1,inventory_full,67.03377084480596,1,0,0
381,0.1,inventory_full,62.35022423079408,3,0,0
382,0.1,inventory_full,63.912316650503385,2,0,0
383,0.1,inventory_full,53.95952363605352,-3,0,0
384,0.1,inventory_full,71.91958318092804,0,0,0
385,0.1,inventory_full,64.00083042645014,-1,0,0
386,0.1,inventory_full,72.49070218785627,3,0,0
387,0.1,inventory_full,70.50534041326327,3,0,0
388,0.1,inventory_full,73.30158846709969,-1,0,0
389,0.1,inventory_full,78.52674244782872,-1,0,0
390,0.1,inventory_full,69.66358269859069,-1,0,0
391,0.1,inventory_full,72.8343536036794,-4,3,0
392,0.1,inventory_full,68.9774902788813,2,0,0
393,0.1,inventory_full,73.6603876128055,-1,1,0
394,0.1,inventory_full,76.0434587314677,-5,0,0
395,0.1,inventory_full,56.53279875944611,2,0,0
396,0.1,inventory_full,65.12848664610789,2,0,0
397,0.1,inventory_full,59.09725460714674,2,1,0
398,0.1,inventory_full,63.658002075452785,0,1,0
399,0.1,inventory_full,67.310075862214,0,2,0
400,0.1,inventory_full,61.485947454003224,-3,0,0
401,0.1,inventory_full,65.1971938544416,2,0,0
402,0.1,inventory_full,66.80332028327703,0,1,1
403,0.1,inventory_full,66.38454986052552,0,1,0
404,0.1,inventory_full,59.20371953015285,2,0,0
405,0.1,inventory_full,63.76470928378649,0,0,0
406,0.1,inventory_full,67.84858435198889,0,0,0
407,0.1,inventory_full,75.84107138435655,2,0,0
408,0.1,inventory_full,66.88426449076644,-1,0,0
409,0.1,inventory_full,68.26816299575177,-2,0,0
410,0.1,inventory_full,65.66773635334272,3,0,0
411,0.1,inventory_full,54.169451828667434,-2,0,0
412,0.1,inventory_full,60.41173917780168,2,0,0
413,0.1,inventory_full,59.444983598864894,0,1,0
414,0.1,inventory_full,58.341399668930535,5,0,0
415,0.1,inventory_full,56.05342262337581,-5,0,0
416,0.1,inventory_full,59.64970516867558,1,0,0
417,0.1,inventory_full,61.528224230794066,1,0,0
418,0.1,inventory_full,73.27969524828632,-1,1,0
419,0.1,inventory_full,58.656019743726404,3,0,0
420,0.1,inventory_full,61.52308130474603,-2,0,0
421,0.1,inventory_full,71.93427554544735,-6,0,0
422,0.1,inventory_full,60.50598194546639,1,0,0
423,0.1,inventory_full,67.6185843519889,0,1,0
424,0.1,inventory_full,54.76888012447466,-4,0,0
425,0.1,inventory_full,60.24949689247421,2,0,0
426,0.1,inventory_full,54.52354376603961,-2,0,0
427,0.1,inventory_full,71.0569051778858,1,0,0
428,0.1,inventory_full,65.63686443557636,0,0,0
429,0.1,inventory_full,60.209647240429746,2,0,0
430,0.1,inventory_full,63.53708178708325,-1,2,0
431,0.1,inventory_full,69.43828462075265,-2,0,0
432,0.1,inventory_full,69.53306940498129,-3,0,0
433,0.1,inventory_full,52.663915786998984,0,0,0
434,0.1,inventory_full,63.207502660983266,4,0,0
435,0.1,inventory_full,58.942697746768374,2,0,0
436,0.1,inventory_full,62.09640330170396,-3,0,0
437,0.1,inventory_full,67.5694562697555,3,1,1
438,0.1,inventory_full,66.19603656691612,2,0,0
439,0.1,inventory_full,64.755823004543,2,0,0
440,0.1,inventory_full,69.45135477474037,4,0,0
441,0.1,inventory_full,76.09802995332336,-2,0,0
442,0.1,inventory_full,71.44000453716512,-4,0,0
443,0.1,inventory_full,84.3055584167241,0,0,0
444,0.1,inventory_full,68.51965450597652,4,1,0
445,0.1,inventory_full,62.419517022460354,7,0,0
446,0.1,inventory_full,75.00962295856317,1,0,0
447,0.1,inventory_full,55.013650064888736,5,0,0
448,0.1,inventory_full,71.72859012049787,-4,1,0
449,0.1,inventory_full,59.7687609611861,-4,0,0
450,0.1,inventory_full,63.36333843388792,2,0,0
451,0.1,inventory_full,67.32634206666131,-4,0,0
452,0.1,inventory_full,47.998747444792855,3,0,0
453,0.1,inventory_full,62.08112487151476,-4,0,0
454,0.1,inventory_full,71.72865381725305,1,1,0
455,0.1,inventory_full,58.838862456201184,-3,0,0
456,0.1,inventory_full,69.30392647893308,0,1,1
457,0.1,inventory_full,56.265800895181485,-2,0,0
458,0.1,inventory_full,63.49842343169006,0,0,0
459,0.1,inventory_full,76.2241223730328,-1,0,0
460,0.1,inventory_full,67.442506776094,3,2,0
461,0.1,inventory_full,73.54478024608841,5,1,0
462,0.1,inventory_full,61.81100372885089,3,1,0
463,0.1,inventory_full,67.56947063123253,0,0,0
464,0.1,inventory_full,78.66528542906698,-1,0,0
465,0.1,inventory_full,68.0681342727973,0,0,0
466,0.1,inventory_full,76.16422867188186,-2,1,0
467,0.1,inventory_full,61.60259673409092,0,0,0
468,0.1,inventory_full,57.71109897301952,1,0,0
469,0.1,inventory_full,59.60279016647786,-3,0,0
470,0.1,inventory_full,61.579724816324614,1,0,0
471,0.1,inventory_full,63.77743037126015,2,0,0
472,0.1,inventory_full,60.18811168109853,1,0,0
473,0.1,inventory_full,60.11606859666715,0,0,0
474,0.1,inventory_full,62.32852444436776,6,0,0
475,0.1,inventory_full,68.67108376645837,2,0,0
476,0.1,inventory_full,64.8614792242006,5,0,0
477,0.1,inventory_full,60.16154574541463,5,0,0
478,0.1,inventory_full,57.369655833397815,5,0,0
479,0.1,inventory_full,69.46424105398381,0,0,0
480,0.1,inventory_full,68.04814863427441,-3,0,0
481,0.1,inventory_full,76.4877785926902,2,0,0
482,0.1,inventory_full,65.19972150952822,-1,0,0
483,0.1,inventory_full,66.22669540464653,8,0,0
484,0.1,inventory_full,59.662204100807855,2,0,0
485,0.1,inventory_full,61.49886822471004,1,0,0
486,0.1,inventory_full,74.09125904823452,-1,0,0
487,0.1,inventory_full,60.41495487591047,0,0,0
488,0.1,inventory_full,56.0233359721754,2,0,0
489,0.1,inventory_full,68.21717041765874,-9,0,0
490,0.1,inventory_full,79.1815707988261,2,3,0
491,0.1,inventory_full,71.30126812354007,-1,1,0
492,0.1,inventory_full,67.27020656252034,-2,0,0
493,0.1,inventory_full,68.83108328412118,-3,0,0
494,0.1,inventory_full,64.16066571701754,4,0,0
495,0.1,inventory_full,72.15020325572397,4,0,0
496,0.1,inventory_full,52.765131485107645,-4,1,0
497,0.1,inventory_full,55.45937953894415,0,0,0
498,0.1,inventory_full,67.84949935418672,-2,0,0
499,0.1,inventory_full,59.515313017729966,-4,1,1
500,0.1,inventory_full,58.036213176113336,4,0,0
501,0.1,inventory_full,65.26621563782601,-2,0,0
502,0.1,inventory_full,69.04407105837949,0,0,0
503,0.1,inventory_full,72.54095403082641,-4,0,0
504,0.1,inventory_full,80.97054042247356,-1,1,1
505,0.1,inventory_full,64.33979428158867,0,0,0
506,0.1,inventory_full,68.91908376645847,-2,0,0
507,0.1,inventory_full,73.3275305388537,2,0,0
508,0.1,inventory_full,65.46268007849488,-5,0,0
509,0.1,inventory_full,61.61608872665323,1,0,0
510,0.1,inventory_full,65.02633678048964,1,0,0
511,0.1,inventory_full,57.16738482511589,1,0,0
512,0.1,inventory_full,73.84737538706383,-2,0,0
513,0.1,inventory_full,71.78528296735459,-1,0,0
514,0.1,inventory_full,60.26127473713285,-1,0,0
515,0.1,inventory_full,62.69978851307951,0,0,0
516,0.1,inventory_full,69.38042541106545,1,0,0
517,0.1,inventory_full,73.47901724524439,-2,0,0
518,0.1,inventory_full,65.16168750040202,0,0,0
519,0.1,inventory_full,74.74653844309807,-6,1,0
520,0.1,inventory_full,63.40453880584488,5,0,0
521,0.1,inventory_full,61.79778851307974,0,0,0
522,0.1,inventory_full,62.51060202026264,-3,0,0
523,0.1,inventory_full,73.23318147233954,6,0,0
524,0.1,inventory_full,58.72859096558176,-2,0,0
525,0.1,inventory_full,70.78541847149529,-3,1,0
526,0.1,inventory_full,68.49828462075257,2,0,0
527,0.1,inventory_full,71.74790304215048,-1,2,2
528,0.1,inventory_full,64.80053021287677,-6,2,0
529,0.1,inventory_full,74.95070795636514,-1,0,0
530,0.1,inventory_full,67.44748499270952,1,0,0
531,0.1,inventory_full,60.58593309252592,2,0,0
532,0.1,inventory_full,65.57428792754911,-4,0,0
533,0.1,inventory_full,59.25856224262736,0,0,0
534,0.1,inventory_full,72.25636796515658,-1,0,0
535,0.1,inventory_full,63.171551513923674,1,0,0
536,0.1,inventory_full,67.87915605618167,2,0,0
537,0.1,inventory_full,72.62120111998854,6,0,0
538,0.1,inventory_full,60.242988885036425,-3,2,2
539,0.1,inventory_full,60.29155530305742,0,0,0
540,0.1,inventory_full,43.65155945493788,-2,0,0
541,0.1,inventory_full,58.52937046363877,-2,0,0
542,0.1,inventory_full,70.3936262653595,-1,0,0
543,0.1,inventory_full,72.88318195467672,1,0,0
544,0.1,inventory_full,65.70570234421652,2,0,0
545,0.1,inventory_full,58.51984974812211,1,0,0
546,0.1,inventory_full,56.58891461593814,0,1,0
547,0.1,inventory_full,56.1868370400432,-1,0,0
548,0.1,inventory_full,59.19774873544458,-1,0,0
549,0.1,inventory_full,69.1480907060284,0,0,0
550,0.1,inventory_full,67.80387762599256,1,0,0
551,0.1,inventory_full,70.48331169030882,-3,0,0
552,0.1,inventory_full,68.44989198746973,0,0,0
553,0.1,inventory_full,65.85495108677662,-5,0,0
554,0.1,inventory_full,63.61437986492113,0,0,0
555,0.1,inventory_full,72.41528825352611,2,0,0
556,0.1,inventory_full,67.52677826671311,2,0,0
557,0.1,inventory_full,76.63952194588558,5,0,0
558,0.1,inventory_full,62.04634537345788,-2,0,0
559,0.1,inventory_full,64.33024436078028,-2,2,0
560,0.1,inventory_full,59.63794745400318,-1,0,0
561,0.1,inventory_full,56.053200468034504,0,0,0
562,0.1,inventory_full,70.88936054324938,0,0,0
563,0.1,inventory_full,60.161584026011894,-4,0,0
564,0.1,inventory_full,65.14678685968131,1,0,0
565,0.1,inventory_full,58.09260532705906,-1,1,0
566,0.1,inventory_full,60.88599630694384,0,0,0
567,0.1,inventory_full,60.969211522715085,1,0,0
568,0.1,inventory_full,68.55572727803718,-3,0,0
569,0.1,inventory_full,77.84304314373969,-7,0,0
570,0.1,inventory_full,66.62902914500884,3,0,0
571,0.1,inventory_full,61.72124601417852,-5,0,0
572,0.1,inventory_full,54.41510804832512,-5,0,0
573,0.1,inventory_full,60.27913923299181,-1,0,0
574,0.1,inventory_full,59.294053752852435,0,4,2
575,0.1,inventory_full,69.27697698527199,0,0,0
576,0.1,inventory_full,65.69051585139954,-1,0,0
577,0.1,inventory_full,57.24707025006518,3,0,0
578,0.1,inventory_full,80.73711164432916,-6,0,0
579,0.1,inventory_full,61.68393837869783,1,0,0
580,0.1,inventory_full,54.14346619014458,-3,0,0
581,0.1,inventory_full,53.42206613495438,4,0,0
582,0.1,inventory_full,67.39932935858246,-6,0,0
583,0.1,inventory_full,66.20540693447725,5,0,0
584,0.1,inventory_full,64.0835371524467,2,0,0
585,0.1,inventory_full,70.19130640413704,4,0,0
586,0.1,inventory_full,60.85193309252577,8,0,0
587,0.1,inventory_full,66.61522834590498,0,0,0
588,0.1,inventory_full,63.23473800674083,-2,2,0
589,0.1,inventory_full,65.69662263258607,3,0,0
590,0.1,inventory_full,67.71684099879366,3,0,0
591,0.1,inventory_full,63.8393580815368,-2,0,0
592,0.1,inventory_full,60.06295487591041,-2,0,0
593,0.1,inventory_full,68.39515605618155,0,0,0
594,0.1,inventory_full,69.6761342727973,0,2,0
595,0.1,inventory_full,52.52795983610508,1,0,0
596,0.1,inventory_full,60.05680452795497,2,0,0
597,0.1,inventory_full,70.98486161111708,-5,0,0
598,0.1,inventory_full,74.54437373366557,7,1,0
599,0.1,inventory_full,68.71586326451538,0,0,0
600,0.1,inventory_full,76.34289231344664,2,5,0
601,0.1,inventory_full,71.16520490912217,-1,0,0
602,0.1,inventory_full,70.59822669250661,5,0,0
603,0.1,inventory_full,66.86982829071474,-1,0,0
604,0.1,inventory_full,59.524276390531085,0,0,0
605,0.1,inventory_full,68.67059919580356,2,0,0
606,0.1,inventory_full,61.30345380804249,-1,0,0
607,0.1,inventory_full,71.51077447757947,1,0,0
608,0.1,inventory_full,69.00541270298632,1,0,0
609,0.1,inventory_full,68.96881227583926,1,0,0
610,0.1,inventory_full,70.68940362768089,1,0,0
611,0.1,inventory_full,51.01718893101636,0,0,0
612,0.1,inventory_full,53.49349491309886,-1,0,0
613,0.1,inventory_full,51.18959592577656,1,0,0
614,0.1,inventory_full,65.84823528547491,2,1,0
615,0.1,inventory_full,69.30103491351788,1,1,1
616,0.1,inventory_full,67.03739257300025,0,0,0
617,0.1,inventory_full,63.94729486711901,-2,0,0
618,0.1,inventory_full,60.60201066842092,1,0,0
619,0.1,inventory_full,57.30532689686993,2,1,0
620,0.1,inventory_full,60.96760367366096,-6,1,0
621,0.1,inventory_full,65.740114142811,-1,0,0
622,0.1,inventory_full,70.86026118396995,3,0,0
623,0.1,inventory_full,69.11523411441388,2,0,0
624,0.1,inventory_full,70.64216876426053,-4,0,0
625,0.1,inventory_full,59.47784067281668,-1,0,0
626,0.1,inventory_full,62.95851008289043,3,0,0
627,0.1,inventory_full,55.282101108755086,-1,0,0
628,0.1,inventory_full,64.01753715244672,4,1,1
629,0.1,inventory_full,62.24878109117233,3,0,0
630,0.1,inventory_full,77.37307138435654,2,0,0
631,0.1,inventory_full,75.13297896464701,-1,0,0
632,0.1,inventory_full,62.38530922859621,-1,0,0
633,0.1,inventory_full,70.20418312573781,-3,0,0
634,0.1,inventory_full,67.89300570822626,2,0,0
635,0.1,inventory_full,62.02676144352347,-1,0,0
636,0.1,inventory_full,64.2507576543896,0,0,0
637,0.1,inventory_full,61.58480981412657,-5,0,0
638,0.1,inventory_full,73.41426647014177,0,0,0
639,0.1,inventory_full,67.6884196425563,1,0,0
640,0.1,inventory_full,61.79130394242452,6,0,0
641,0.1,inventory_full,66.43667100318942,5,0,0
642,0.1,inventory_full,82.25253086483052,0,0,0
643,0.1,inventory_full,68.01219220104338,3,0,0
644,0.1,inventory_full,65.70300042205437,-1,0,0
645,0.1,inventory_full,71.47468254020743,-3,0,0
646,0.1,inventory_full,73.91265910342463,-4,0,0
647,0.1,inventory_full,65.60647228463063,3,0,0
648,0.1,inventory_full,67.6346279187577,4,1,0
649,0.1,inventory_full,78.75343529468516,0,2,0
650,0.1,inventory_full,66.40967842509667,-4,0,0
651,0.1,inventory_full,54.133451346330105,1,0,0
652,0.1,inventory_full,55.974478898223595,-1,0,0
653,0.1,inventory_full,54.5060230505228,-3,0,0
654,0.1,inventory_full,67.74309284176401,0,1,1
655,0.1,inventory_full,58.13803410520359,4,1,0
656,0.1,inventory_full,55.30280783475145,0,0,0
657,0.1,inventory_full,57.686149961695776,4,0,0
658,0.1,inventory_full,70.51284676730273,-3,0,0
659,0.1,inventory_full,67.79820656252042,-4,2,0
660,0.1,inventory_full,68.55847805313971,3,0,0
661,0.1,inventory_full,65.63573635334271,-1,1,1
662,0.1,inventory_full,70.83770432359182,-3,0,0
663,0.1,inventory_full,76.15110058964808,-3,0,0
664,0.1,inventory_full,64.8829367252996,-4,0,0
665,0.1,inventory_full,73.166595889007,4,0,0
666,0.1,inventory_full,60.891453808042684,3,0,0
667,0.1,inventory_full,66.61057906581732,3,1,0
668,0.1,inventory_full,80.21434170391473,-3,1,1
669,0.1,inventory_full,69.74131120797159,-4,0,0
670,0.1,inventory_full,75.8033083835125,-1,0,0
671,0.1,inventory_full,71.45104068202693,-7,0,0
672,0.1,inventory_full,61.011517022460424,1,1,0
673,0.1,inventory_full,60.90356058922927,3,0,0
674,0.1,inventory_full,63.471953222512354,3,0,0
675,0.1,inventory_full,50.47043335207945,-4,0,0
676,0.1,inventory_full,66.02530063562818,-4,3,0
677,0.1,inventory_full,65.9570923594265,-1,0,0
678,0.1,inventory_full,71.00555397563653,-1,3,0
679,0.1,inventory_full,59.24135610216143,1,0,0
680,0.1,inventory_full,65.91277249820428,-6,0,0
681,0.1,inventory_full,64.42065135554043,1,0,0
682,0.1,inventory_full,53.84653105796069,0,0,0
683,0.1,inventory_full,78.45525093760364,5,0,0
684,0.1,inventory_full,61.18805423518981,3,0,0
685,0.1,inventory_full,68.1200131301336,1,3,0
686,0.1,inventory_full,59.80277580500069,4,0,0
687,0.1,inventory_full,65.40472364526354,-1,0,0
688,0.1,inventory_full,67.27125706885931,2,0,0
689,0.1,inventory_full,53.071823849626824,0,0,0
690,0.1,inventory_full,62.36404515988437,-3,0,0
691,0.1,inventory_full,68.03611991132001,3,1,1
692,0.1,inventory_full,63.502123218116566,-1,0,0
693,0.1,inventory_full,58.32347724482531,-2,0,0
694,0.1,inventory_full,62.41599630694377,0,0,0
695,0.1,inventory_full,69.03309812793574,-1,0,0
696,0.1,inventory_full,70.82371868506903,-6,0,0
697,0.1,inventory_full,67.00122834590475,0,0,0
698,0.1,inventory_full,77.76192942298297,3,0,0
699,0.1,inventory_full,73.03964639534559,2,0,0
700,0.1,inventory_full,48.75029736560117,-3,0,0
701,0.1,inventory_full,71.04337490472659,-3,1,0
702,0.1,inventory_full,65.90779956776021,3,1,1
703,0.1,inventory_full,71.30223197867838,4,1,0
704,0.1,inventory_full,62.99316843828365,4,0,0
705,0.1,inventory_full,74.22733758880395,-2,1,0
706,0.1,inventory_full,65.66322786356766,1,1,0
707,0.1,inventory_full,72.69645990252872,3,2,0
708,0.1,inventory_full,70.7766916155128,1,1,1
709,0.1,inventory_full,62.87736715684241,2,0,0
710,0.1,inventory_full,54.905093686847934,0,1,0
711,0.1,inventory_full,68.14829898222985,3,1,1
712,0.1,inventory_full,63.63042294935275,-3,0,0
713,0.1,inventory_full,65.59805092839326,-1,0,0
714,0.1,inventory_full,67.4279499157156,-3,0,0
715,0.1,inventory_full,70.87625589779827,0,0,0
716,0.1,inventory_full,65.40009401282481,4,0,0
717,0.1,inventory_full,75.18048003251488,-4,0,0
718,0.1,inventory_full,67.59984313452918,-1,0,0
719,0.1,inventory_full,63.144408587875546,2,0,0
720,0.1,inventory_full,63.533173724455395,1,0,0
721,0.1,inventory_full,65.63027885224368,0,0,0
722,0.1,inventory_full,63.818287927549136,2,0,0
723,0.1,inventory_full,62.5422385922713,0,0,0
724,0.1,inventory_full,58.74969032486126,-3,0,0
725,0.1,inventory_full,60.69375402161626,-2,0,0
726,0.1,inventory_full,65.6445934272943,4,1,0
727,0.1,inventory_full,66.05590106277528,0,1,1
728,0.1,inventory_full,58.28890602296991,-3,0,0
729,0.1,inventory_full,64.90564393363314,2,0,0
730,0.1,inventory_full,58.83271210824557,-3,0,0
731,0.1,inventory_full,62.2440887266531,3,0,0
732,0.1,inventory_full,73.06728296735446,-7,0,0
733,0.1,inventory_full,69.50154868946458,0,0,0
734,0.1,inventory_full,64.31788093278897,3,1,0
735,0.1,inventory_full,66.86486443557624,4,0,0
736,0.1,inventory_full,60.86715359446919,-2,0,0
737,0.1,inventory_full,66.20192071042406,0,0,0
738,0.1,inventory_full,54.70148583779354,-3,0,0
739,0.1,inventory_full,54.06886576299739,1,0,0
740,0.1,inventory_full,67.8957708448059,-1,0,0
741,0.1,inventory_full,67.00559177389601,1,0,0
742,0.1,inventory_full,70.77216876426074,0,0,0
743,0.1,inventory_full,64.65678685968152,-3,0,0
744,0.1,inventory_full,56.57210639492672,2,1,1
745,0.1,inventory_full,67.88899134674898,-3,1,0
746,0.1,inventory_full,77.88290715726109,0,0,0
747,0.1,inventory_full,63.30555151392386,1,0,0
748,0.1,inventory_full,76.03341516469897,-1,0,0
749,0.1,inventory_full,71.31147639974131,-2,0,0
750,0.1,inventory_full,72.56078932139405,-3,0,0
751,0.1,inventory_full,57.49524932097512,3,0,0
752,0.1,inventory_full,65.19137292535117,-4,0,0
753,0.1,inventory_full,66.22657906581722,3,1,0
754,0.1,inventory_full,65.80358600538722,-1,0,0
755,0.1,inventory_full,74.85455760840986,3,0,0
756,0.1,inventory_full,57.33580618135329,-1,0,0
757,0.1,inventory_full,64.43725178268767,-1,2,0
758,0.1,inventory_full,64.97764393363332,-4,1,0
759,0.1,inventory_full,56.127471476316316,0,0,0
760,0.1,inventory_full,64.01099465354542,-3,0,0
761,0.1,inventory_full,59.64065417999964,0,0,0
762,0.1,inventory_full,73.02208211306015,5,0,0
763,0.1,inventory_full,60.18076144352348,1,0,0
764,0.1,inventory_full,62.77894580060479,-4,0,0
765,0.1,inventory_full,71.24465333491555,0,2,0
766,0.1,inventory_full,56.09978653370439,5,0,0
767,0.1,inventory_full,60.90613181108472,4,0,0
768,0.1,inventory_full,71.30136054324953,-2,0,0
769,0.1,inventory_full,72.3607457546251,5,0,0
770,0.1,inventory_full,56.70592203784517,3,0,0
771,0.1,inventory_full,63.513595080692596,-1,0,0
772,0.1,inventory_full,56.969128178311166,-6,0,0
773,0.1,inventory_full,68.9394615559269,0,0,0
774,0.1,inventory_full,68.49711777558468,-3,0,0
775,0.1,inventory_full,69.52814911661176,-2,0,0
776,0.1,inventory_full,65.87501478353164,-4,0,0
777,0.1,inventory_full,62.124325725808944,2,0,0
778,0.1,inventory_full,74.52738067323548,-3,0,0
779,0.1,inventory_full,59.375061174759765,-3,0,0
780,0.1,inventory_full,66.50270020848092,-4,2,0
781,0.1,inventory_full,70.78925376206269,-6,1,0
782,0.1,inventory_full,65.93727143033635,-3,0,0
783,0.1,inventory_full,62.952360217272314,-2,0,0
784,0.1,inventory_full,59.48188423958544,5,0,0
785,0.1,inventory_full,65.01469443997189,2,0,0
786,0.1,inventory_full,59.25427639053112,4,0,0
787,0.1,inventory_full,56.89464889382779,-1,1,0
788,0.1,inventory_full,65.79160565303599,1,1,1
789,0.1,inventory_full,65.69630757519798,2,0,0
790,0.1,inventory_full,54.987330686003645,3,0,0
791,0.1,inventory_full,64.81723742121034,0,0,0
792,0.1,inventory_full,62.61785172749728,2,0,0
793,0.1,inventory_full,62.79968173189309,6,0,0
794,0.1,inventory_full,62.318311364331905,1,0,0
795,0.1,inventory_full,52.482022568185585,-4,1,0
796,0.1,inventory_full,83.72336877347084,6,0,0
797,0.1,inventory_full,65.25515936297802,-6,0,0
798,0.1,inventory_full,66.27919914061326,1,0,0
799,0.1,inventory_full,75.17542424000442,-5,0,0
800,0.1,inventory_full,60.34960367366091,-6,0,0
801,0.1,inventory_full,65.19885007409907,1,0,0
802,0.1,inventory_full,60.36549737481158,1,0,0
803,0.1,inventory_full,55.70420740760437,4,0,0
804,0.1,inventory_full,59.657404955102166,0,0,0
805,0.1,inventory_full,63.2079532225122,3,0,0
806,0.1,inventory_full,71.19377661331504,5,0,0
807,0.1,inventory_full,63.96926614416469,2,0,0
808,0.1,inventory_full,53.57089448595187,1,0,0
809,0.1,inventory_full,64.03188093278908,5,1,0
810,0.1,inventory_full,69.34920490912225,1,0,0
811,0.1,inventory_full,66.31683571262194,0,1,0
812,0.1,inventory_full,59.78466902381405,2,0,0
813,0.1,inventory_full,68.78819220104344,-3,3,0
814,0.1,inventory_full,69.51199876865624,0,0,0
815,0.1,inventory_full,70.0339896933508,0,0,0
816,0.1,inventory_full,63.61374494631076,-2,0,0
817,0.1,inventory_full,55.49112289213946,-1,0,0
818,0.1,inventory_full,68.16893341850295,2,1,0
819,0.1,inventory_full,63.1941663025479,2,0,0
820,0.1,inventory_full,57.90872646972298,-2,2,0
821,0.1,inventory_full,75.10751617737628,-3,0,0
822,0.1,inventory_full,68.4655917738961,1,2,0
823,0.1,inventory_full,68.12544190827788,4,0,0
824,0.1,inventory_full,64.26625872225753,-1,0,0
825,0.1,inventory_full,72.66561238621954,1,0,0
826,0.1,inventory_full,65.28550842949224,0,0,0
827,0.1,inventory_full,71.5290603296757,5,0,0
828,0.1,inventory_full,70.06699711525798,3,0,0
829,0.1,inventory_full,54.565887546382044,-3,0,0
830,0.1,inventory_full,67.89443448637057,1,0,0
831,0.1,inventory_full,59.497312535392794,1,0,0
832,0.1,inventory_full,76.07778766799561,6,0,0
833,0.1,inventory_full,58.287326896869914,0,0,0
834,0.1,inventory_full,67.94148499270955,-1,0,0
835,0.1,inventory_full,65.50757164391011,0,0,0
836,0.1,inventory_full,74.2029736784755,2,0,0
837,0.1,inventory_full,54.427587332808244,0,0,0
838,0.1,inventory_full,57.651326896869904,2,0,0
839,0.1,inventory_full,77.2225293677929,0,0,0
840,0.1,inventory_full,70.13135525707769,1,0,0
841,0.1,inventory_full,74.15453796076088,1,1,0
842,0.1,inventory_full,66.51035114196681,0,1,1
843,0.1,inventory_full,79.23684015370975,-1,0,0
844,0.1,inventory_full,57.926513389686875,7,0,0
845,0.1,inventory_full,59.38994697166578,-4,1,1
846,0.1,inventory_full,74.59879460756567,0,0,0
847,0.1,inventory_full,82.19893305575653,-3,1,1
848,0.1,inventory_full,72.17593176510468,5,1,0
849,0.1,inventory_full,60.59277580500077,-2,0,0
850,0.1,inventory_full,56.097771689889896,-5,0,0
851,0.1,inventory_full,67.58694249380851,0,0,0
852,0.1,inventory_full,60.981153594469106,0,0,0
853,0.1,inventory_full,81.84256007012249,3,0,0
854,0.1,inventory_full,66.8614505012464,-7,0,0
855,0.1,inventory_full,59.1610266832962,5,0,0
856,0.1,inventory_full,54.56432326409646,2,0,0
857,0.1,inventory_full,63.74081558263573,1,0,0
858,0.1,inventory_full,73.63686689728881,0,1,0
859,0.1,inventory_full,57.20153517307148,3,0,0
860,0.1,inventory_full,61.664582372613665,-1,0,0
861,0.1,inventory_full,73.22813096600072,4,0,0
862,0.1,inventory_full,68.05637607578745,1,0,0
863,0.1,inventory_full,67.11011942898278,-2,0,0
864,0.1,inventory_full,63.16216630254809,2,0,0
865,0.1,inventory_full,73.93015968895514,-2,1,0
866,0.1,inventory_full,63.72932407241069,5,0,0
867,0.1,inventory_full,64.20885914940456,1,0,0
868,0.1,inventory_full,62.28969657570735,6,2,0
869,0.1,inventory_full,72.0548812587661,-5,0,0
870,0.1,inventory_full,63.6326657170178,-2,0,0
871,0.1,inventory_full,63.25085914940465,-1,0,0
872,0.1,inventory_full,53.16645876823739,-2,0,0
873,0.1,inventory_full,71.86848910782044,2,0,0
874,0.1,inventory_full,71.82629519309603,-2,0,0
875,0.1,inventory_full,67.16367842509652,4,0,0
876,0.1,inventory_full,71.57755397563645,1,0,0
877,0.1,inventory_full,76.14365745002652,-1,3,0
878,0.1,inventory_full,67.63706363647226,1,0,0
879,0.1,inventory_full,57.73039224702325,-2,0,0
880,0.1,inventory_full,76.16442210426885,5,0,0
881,0.1,inventory_full,68.64551419800114,2,0,0
882,0.1,inventory_full,57.490905540632454,0,0,0
883,0.1,inventory_full,65.62393507190137,-1,0,0
884,0.1,inventory_full,68.89028413841561,-3,1,0
885,0.1,inventory_full,66.06927143033641,-1,0,0
886,0.1,inventory_full,67.53425012928916,0,0,0
887,0.1,inventory_full,75.14222338571003,-1,0,0
888,0.1,inventory_full,48.211498219895304,-1,0,0
889,0.1,inventory_full,66.77988621896066,-2,0,0
890,0.1,inventory_full,67.08058435198885,2,0,0
891,0.1,inventory_full,57.31870682207398,-4,0,0
892,0.1,inventory_full,61.97029652051742,-3,0,0
893,0.1,inventory_full,75.62936679409579,1,0,0
894,0.1,inventory_full,72.15411131835197,4,0,0
895,0.1,inventory_full,56.95179133753874,3,0,0
896,0.1,inventory_full,53.27826004967869,-4,0,0
897,0.1,inventory_full,65.91501478353166,-2,0,0
898,0.1,inventory_full,83.82373268379968,6,0,0
899,0.1,inventory_full,65.13412321811643,3,0,0
900,0.1,inventory_full,50.47548914458997,3,1,0
901,0.1,inventory_full,70.50520490912228,3,0,0
902,0.1,inventory_full,60.07211216343569,-4,0,0
903,0.1,inventory_full,65.70851585139955,1,0,0
904,0.1,inventory_full,58.27046982291807,-3,0,0
905,0.1,inventory_full,68.7073207656143,1,0,0
906,0.1,inventory_full,65.779765076297,-5,0,0
907,0.1,inventory_full,57.821569182197436,2,0,0
908,0.1,inventory_full,69.9067203384671,5,0,0
909,0.1,inventory_full,63.18573058483355,5,0,0
910,0.1,inventory_full,77.4833045943785,0,1,0
911,0.1,inventory_full,69.28431334370715,0,0,0
912,0.1,inventory_full,69.59093341850298,2,0,0
913,0.1,inventory_full,71.00648862548314,-1,0,0
914,0.1,inventory_full,70.81865333491567,-2,0,0
915,0.1,inventory_full,61.34276144352357,1,0,0
916,0.1,inventory_full,62.47990965574334,-1,0,0
917,0.1,inventory_full,60.547811949862194,-3,0,0
918,0.1,inventory_full,65.40037986492115,4,0,0
919,0.1,inventory_full,69.7468271196539,1,2,0
920,0.1,inventory_full,77.73059258221038,0,0,0
921,0.1,inventory_full,63.29880122115861,-2,0,0
922,0.1,inventory_full,53.86042956294585,-3,0,0
923,0.1,inventory_full,63.6366312255542,-4,0,0
924,0.1,inventory_full,63.954680078494675,1,1,0
925,0.1,inventory_full,62.737309228596246,-3,0,0
926,0.1,inventory_full,72.96419418041839,2,0,0
927,0.1,inventory_full,64.58298029206833,-2,0,0
928,0.1,inventory_full,58.37777745839901,-1,0,0
929,0.1,inventory_full,57.87004846668077,5,1,0
930,0.1,inventory_full,73.11050875546903,-2,0,0
931,0.1,inventory_full,76.56889231344658,0,0,0
932,0.1,inventory_full,59.8050324518054,-1,0,0
933,0.1,inventory_full,52.5033737704353,-2,0,0
934,0.1,inventory_full,58.318847612386605,-5,0,0
935,0.1,inventory_full,69.65278355288503,1,0,0
936,0.1,inventory_full,70.4733749047265,1,0,0
937,0.1,inventory_full,70.50600405482794,3,0,0
938,0.1,inventory_full,62.445367156842224,-2,0,0
939,0.1,inventory_full,56.62999961374021,4,0,0
940,0.1,inventory_full,58.23027639053103,2,1,0
941,0.1,inventory_full,69.97299182908635,2,0,0
942,0.1,inventory_full,59.02543416039367,-1,0,0
943,0.1,inventory_full,65.75990106277516,4,0,0
944,0.1,inventory_full,68.80179049245476,-3,0,0
945,0.1,inventory_full,73.65022290337282,2,0,0
946,0.1,inventory_full,70.94026070163268,0,0,0
947,0.1,inventory_full,72.76224682249278,8,0,0
948,0.1,inventory_full,64.05164393363313,2,0,0
949,0.1,inventory_full,55.33575732841291,4,0,0
950,0.1,inventory_full,73.93914367407973,2,0,0
951,0.1,inventory_full,57.3072780439295,3,0,0
952,0.1,inventory_full,73.92510918261621,6,0,0
953,0.1,inventory_full,69.44965498831385,-1,0,0
954,0.1,inventory_full,66.43825012928932,-4,0,0
955,0.1,inventory_full,65.47424964695193,5,1,0
956,0.1,inventory_full,58.40755433838308,2,0,0
957,0.1,inventory_full,65.59705835030059,-2,0,0
958,0.1,inventory_full,63.93809401282499,4,0,0
959,0.1,inventory_full,69.70664804874389,-1,0,0
960,0.1,inventory_full,55.62119998569722,-7,0,0
961,0.1,inventory_full,60.52466902381417,-2,0,0
962,0.1,inventory_full,62.872209869316976,-2,0,0
963,0.1,inventory_full,69.26631862987875,3,0,0
964,0.1,inventory_full,70.425190547645,0,0,0
965,0.1,inventory_full,60.513754021616336,0,0,0
966,0.1,inventory_full,65.13152279096934,-1,0,0
967,0.1,inventory_full,65.84615770958004,-3,0,0
968,0.1,inventory_full,66.48689364086806,3,0,0
969,0.1,inventory_full,65.07860778877159,-1,0,0
970,0.1,inventory_full,67.01704398882327,-5,1,0
971,0.1,inventory_full,64.96172150952808,3,1,0
972,0.1,inventory_full,59.56821846228513,-1,0,0
973,0.1,inventory_full,77.20450544867276,-2,0,0
974,0.1,inventory_full,60.97706165709707,-2,0,0
975,0.1,inventory_full,68.70787762599252,-5,0,0
976,0.1,inventory_full,65.23737292535131,2,0,0
977,0.1,inventory_full,55.20885140152029,-4,0,0
978,0.1,inventory_full,66.68184313452917,-3,0,0
979,0.1,inventory_full,73.47228131395623,0,0,0
980,0.1,inventory_full,75.28374410122689,0,0,0
981,0.1,inventory_full,65.14675813672704,1,0,0
982,0.1,inventory_full,67.4036061353734,0,1,0
983,0.1,inventory_full,63.60749358567776,0,0,0
984,0.1,inventory_full,64.97577943777412,-2,0,0
985,0.1,inventory_full,69.51771820273177,3,0,0
986,0.1,inventory_full,62.25948829950602,1,0,0
987,0.1,inventory_full,57.42688589298376,-2,0,0
988,0.1,inventory_full,57.96188375724819,2,0,0
989,0.1,inventory_full,76.73335723645272,4,0,0
990,0.1,inventory_full,64.66913064002387,0,0,0
991,0.1,inventory_full,76.73017074363595,1,0,0
992,0.1,inventory_full,57.77651338968701,-3,0,0
993,0.1,inventory_full,65.05125178268747,-7,0,0
994,0.1,inventory_full,70.11446897783406,3,0,0
995,0.1,inventory_full,63.937745428648185,-1,0,0
996,0.1,inventory_full,63.95275765438984,0,0,0
997,0.1,inventory_full,59.58294003209579,2,0,0
998,0.1,inventory_full,73.14053796076087,3,0,0
999,0.1,inventory_full,75.80757987413153,2,0,0
0,0.1,symmetric_full,59.19295193186065,1,0,0
1,0.1,symmetric_full,69.13213229342227,-9,0,0
2,0.1,symmetric_full,81.16361815472892,1,0,0
3,0.1,symmetric_full,89.60092873425981,-10,0,0
4,0.1,symmetric_full,67.57171045484688,-4,0,0
5,0.1,symmetric_full,60.70948487311881,5,0,0
6,0.1,symmetric_full,51.81589896380865,13,0,0
7,0.1,symmetric_full,95.7080252690796,12,0,0
8,0.1,symmetric_full,52.38948241140611,19,0,0
9,0.1,symmetric_full,82.88045130956057,2,0,0
10,0.1,symmetric_full,67.73241766318142,-12,0,0
11,0.1,symmetric_full,82.71090138875195,-8,0,0
12,0.1,symmetric_full,52.139463728431906,-1,0,0
13,0.1,symmetric_full,57.991237301619776,-10,0,0
14,0.1,symmetric_full,60.90310756598808,8,0,0
15,0.1,symmetric_full,80.1378743191965,19,0,0
16,0.1,symmetric_full,74.8141778395659,-12,0,0
17,0.1,symmetric_full,58.75698113715208,2,0,0
18,0.1,symmetric_full,67.33489214382962,7,0,0
19,0.1,symmetric_full,80.71680464754559,10,0,0
20,0.1,symmetric_full,72.91254937818769,11,0,0
21,0.1,symmetric_full,75.9477129165598,-8,0,0
22,0.1,symmetric_full,79.82560282857753,16,0,0
23,0.1,symmetric_full,28.958240162849506,-20,0,0
24,0.1,symmetric_full,84.63881521988901,-10,0,0
25,0.1,symmetric_full,71.67714596617566,-15,0,0
26,0.1,symmetric_full,71.81562908981869,4,0,0
27,0.1,symmetric_full,55.39334835427712,-8,0,0
28,0.1,symmetric_full,60.683770725215254,-11,0,0
29,0.1,symmetric_full,63.401127695973855,11,0,0
30,0.1,symmetric_full,65.27534125834654,-5,0,0
31,0.1,symmetric_full,60.69593591698526,7,0,0
32,0.1,symmetric_full,71.45864655170624,-5,0,0
33,0.1,symmetric_full,67.51664030085988,-2,0,0
34,0.1,symmetric_full,69.06635973493496,7,0,0
35,0.1,symmetric_full,103.33851181910973,-9,0,0
36,0.1,symmetric_full,75.47133512709138,10,0,0
37,0.1,symmetric_full,76.28735045324288,13,0,0
38,0.1,symmetric_full,65.01839705085763,8,0,0
39,0.1,symmetric_full,77.71577661331492,-1,0,0
40,0.1,symmetric_full,56.874272964144666,12,0,0
41,0.1,symmetric_full,50.25368540143623,3,0,0
42,0.1,symmetric_full,45.323015026687926,13,0,0
43,0.1,symmetric_full,78.89448430398602,-4,0,0
44,0.1,symmetric_full,89.14998356209516,1,0,0
45,0.1,symmetric_full,52.073613111712746,3,0,0
46,0.1,symmetric_full,69.73166785275316,12,0,0
47,0.1,symmetric_full,61.1240857826034,-6,0,0
48,0.1,symmetric_full,78.3554476767863,-10,0,0
49,0.1,symmetric_full,61.75294382122985,5,0,0
50,0.1,symmetric_full,70.38048135993608,3,0,0
51,0.1,symmetric_full,65.50964195425797,7,0,0
52,0.1,symmetric_full,45.88922378522602,5,0,0
53,0.1,symmetric_full,79.33656187988095,9,0,0
54,0.1,symmetric_full,56.60685951215095,2,0,0
55,0.1,symmetric_full,69.22893143912762,1,0,0
56,0.1,symmetric_full,76.49825589779846,8,0,0
57,0.1,symmetric_full,56.305411086357935,7,0,0
58,0.1,symmetric_full,83.21231100158593,-12,0,0
59,0.1,symmetric_full,66.12970516867563,-3,0,0
60,0.1,symmetric_full,54.42805891943324,1,0,0
61,0.1,symmetric_full,64.24840709083765,-4,0,0
62,0.1,symmetric_full,70.78043779316727,3,0,0
63,0.1,symmetric_full,63.90744275336192,2,0,0
64,0.1,symmetric_full,48.21017856505841,-22,0,0
65,0.1,symmetric_full,70.07233101198074,3,0,0
66,0.1,symmetric_full,56.20723201544706,13,0,0
67,0.1,symmetric_full,87.83518441639012,7,0,0
68,0.1,symmetric_full,18.725572612559517,-11,0,0
69,0.1,symmetric_full,81.1337828641615,16,0,0
70,0.1,symmetric_full,64.30852775116409,6,0,0
71,0.1,symmetric_full,64.39621317611329,-4,0,0
72,0.1,symmetric_full,66.2124703052553,-2,0,0
73,0.1,symmetric_full,80.798009823337,-9,0,0
74,0.1,symmetric_full,49.79454199305053,7,0,0
75,0.1,symmetric_full,62.28894382122968,5,0,0
76,0.1,symmetric_full,64.09693474592405,-3,0,0
77,0.1,symmetric_full,94.15141907342422,-20,0,0
78,0.1,symmetric_full,82.73413193067552,-6,0,0
79,0.1,symmetric_full,46.04674401840589,-7,0,0
80,0.1,symmetric_full,55.12519800632191,-4,0,0
81,0.1,symmetric_full,50.77538518786287,6,0,0
82,0.1,symmetric_full,86.3182780071595,4,0,0
83,0.1,symmetric_full,68.62148781716877,4,0,0
84,0.1,symmetric_full,51.99230595856943,-8,0,0
85,0.1,symmetric_full,44.97713616935084,16,0,0
86,0.1,symmetric_full,50.562329877689535,-8,0,0
87,0.1,symmetric_full,60.73375636373788,4,0,0
88,0.1,symmetric_full,65.00836304173174,-5,0,0
89,0.1,symmetric_full,62.92240660850018,-1,0,0
90,0.1,symmetric_full,64.94666854147681,9,0,0
91,0.1,symmetric_full,92.260720940395,-14,0,0
92,0.1,symmetric_full,60.0457999305072,-6,0,0
93,0.1,symmetric_full,72.23253117755121,4,0,0
94,0.1,symmetric_full,69.46286870704728,-2,0,0
95,0.1,symmetric_full,57.571508309901446,-6,0,0
96,0.1,symmetric_full,14.752873997194456,-20,0,0
97,0.1,symmetric_full,65.67913394682029,2,0,0
98,0.1,symmetric_full,75.61888504789982,-2,0,0
99,0.1,symmetric_full,67.74190436957156,-8,0,0
100,0.1,symmetric_full,66.25772001248987,-5,0,0
101,0.1,symmetric_full,65.25846982291768,-5,0,0
102,0.1,symmetric_full,67.818340087286,3,0,0
103,0.1,symmetric_full,73.2196300544935,-4,0,0
104,0.1,symmetric_full,113.05039410283234,-12,0,0
105,0.1,symmetric_full,73.77546534506052,-9,0,0
106,0.1,symmetric_full,68.58429700285444,8,0,0
107,0.1,symmetric_full,71.59161040684461,-2,0,0
108,0.1,symmetric_full,55.28822459354075,2,0,0
109,0.1,symmetric_full,50.22836340447816,12,0,0
110,0.1,symmetric_full,82.55626743481616,6,0,0
111,0.1,symmetric_full,57.1619253446417,-1,0,0
112,0.1,symmetric_full,80.22232007689057,2,0,0
113,0.1,symmetric_full,50.64938518786221,-10,0,0
114,0.1,symmetric_full,67.40563287895213,1,0,0
115,0.1,symmetric_full,72.1346954046466,4,0,0
116,0.1,symmetric_full,65.6449405144333,-1,0,0
117,0.1,symmetric_full,54.864132656168636,10,0,0
118,0.1,symmetric_full,68.69034056962334,-2,0,0
119,0.1,symmetric_full,21.015771813455103,-22,0,0
120,0.1,symmetric_full,62.83212075640404,3,0,0
121,0.1,symmetric_full,86.79463711365383,12,0,0
122,0.1,symmetric_full,54.04703281455204,22,0,0
123,0.1,symmetric_full,58.55881594538141,14,0,0
124,0.1,symmetric_full,73.1124579231536,0,0,0
125,0.1,symmetric_full,37.72262041402905,8,0,0
126,0.1,symmetric_full,74.20549455035184,2,0,0
127,0.1,symmetric_full,68.79154671008905,-11,0,0
128,0.1,symmetric_full,60.79772331928649,-3,0,0
129,0.1,symmetric_full,54.702611940651536,-7,0,0
130,0.1,symmetric_full,95.79388976493806,14,0,0
131,0.1,symmetric_full,86.19362920940875,20,0,0
132,0.1,symmetric_full,76.28163582300232,-4,0,0
133,0.1,symmetric_full,64.84621317611338,0,0,0
134,0.1,symmetric_full,67.56403987371277,4,0,0
135,0.1,symmetric_full,67.96348301333416,4,0,0
136,0.1,symmetric_full,59.265102279816006,-1,0,0
137,0.1,symmetric_full,52.599947816750046,-12,0,0
138,0.1,symmetric_full,55.1147330833154,4,0,0
139,0.1,symmetric_full,82.1151537140604,-6,0,0
140,0.1,symmetric_full,67.34703245180538,-7,0,0
141,0.1,symmetric_full,66.90050479671868,-6,0,0
142,0.1,symmetric_full,68.70327473713317,-1,0,0
143,0.1,symmetric_full,70.29251008289032,-1,0,0
144,0.1,symmetric_full,65.79624718523928,19,0,0
145,0.1,symmetric_full,86.8104728865585,-8,0,0
146,0.1,symmetric_full,65.63399053843455,6,0,0
147,0.1,symmetric_full,79.17896790996645,2,0,0
148,0.1,symmetric_full,68.94096016208215,-1,0,0
149,0.1,symmetric_full,58.029009860106385,-8,0,0
150,0.1,symmetric_full,70.56762428598444,-4,0,0
151,0.1,symmetric_full,72.5242640084291,8,0,0
152,0.1,symmetric_full,74.32075910140179,-11,0,0
153,0.1,symmetric_full,66.75919667890025,-11,0,0
154,0.1,symmetric_full,70.10150314332077,11,0,0
155,0.1,symmetric_full,39.94596254097405,-10,0,0
156,0.1,symmetric_full,61.64722919098915,-10,0,0
157,0.1,symmetric_full,68.74818018168821,-10,0,0
158,0.1,symmetric_full,71.03729534945622,1,0,0
159,0.1,symmetric_full,39.52993333568247,-15,0,0
160,0.1,symmetric_full,54.446669868898425,4,0,0
161,0.1,symmetric_full,54.726282039449586,-2,0,0
162,0.1,symmetric_full,76.94583454156123,12,0,0
163,0.1,symmetric_full,64.14424238140538,-1,0,0
164,0.1,symmetric_full,92.78860508390153,-14,0,0
165,0.1,symmetric_full,72.05125178268747,3,0,0
166,0.1,symmetric_full,85.95770246380722,0,0,0
167,0.1,symmetric_full,79.86930261500362,-3,0,0
168,0.1,symmetric_full,72.77582396921775,10,0,0
169,0.1,symmetric_full,64.0680000960777,-3,0,0
170,0.1,symmetric_full,76.3650205520405,6,0,0
171,0.1,symmetric_full,62.22068669208795,-1,0,0
172,0.1,symmetric_full,55.143038100723174,9,0,0
173,0.1,symmetric_full,60.70259427237829,-4,0,0
174,0.1,symmetric_full,59.36833714323615,-4,0,0
175,0.1,symmetric_full,102.23718357130576,-7,0,0
176,0.1,symmetric_full,57.62073836948707,-9,0,0
177,0.1,symmetric_full,84.97318868786044,5,0,0
178,0.1,symmetric_full,56.60645251739106,15,0,0
179,0.1,symmetric_full,58.29516020806187,-4,0,0
180,0.1,symmetric_full,91.80424597740904,-4,0,0
181,0.1,symmetric_full,80.74721164230527,-15,0,0
182,0.1,symmetric_full,56.89747430077523,-7,0,0
183,0.1,symmetric_full,64.25436304173144,-5,0,0
184,0.1,symmetric_full,56.97523681928192,-11,0,0
185,0.1,symmetric_full,95.80784619816882,-20,0,0
186,0.1,symmetric_full,68.36989000809456,-9,0,0
187,0.1,symmetric_full,73.25412898662546,3,0,0
188,0.1,symmetric_full,84.16839386365197,0,0,0
189,0.1,symmetric_full,35.52308437236036,-6,0,0
190,0.1,symmetric_full,64.24126368245217,2,0,0
191,0.1,symmetric_full,61.505350333652586,7,0,0
192,0.1,symmetric_full,56.05792437996729,-15,0,0
193,0.1,symmetric_full,49.595007398394046,-10,0,0
194,0.1,symmetric_full,36.4350992161753,2,0,0
195,0.1,symmetric_full,87.30627897183473,4,0,0
196,0.1,symmetric_full,69.29040330170392,1,0,0
197,0.1,symmetric_full,48.398478778633034,-1,0,0
198,0.1,symmetric_full,56.85947430077499,17,0,0
199,0.1,symmetric_full,69.75317372445551,-1,0,0
200,0.1,symmetric_full,81.04900288376712,-7,0,0
201,0.1,symmetric_full,67.74021846228527,-5,0,0
202,0.1,symmetric_full,71.77355199626112,-4,0,0
203,0.1,symmetric_full,56.09499021245796,-2,0,0
204,0.1,symmetric_full,66.309482530997,1,0,0
205,0.1,symmetric_full,55.1623160485758,-11,0,0
206,0.1,symmetric_full,66.53766111956952,-8,0,0
207,0.1,symmetric_full,51.16467846186674,13,0,0
208,0.1,symmetric_full,65.18684761238637,-3,0,0
209,0.1,symmetric_full,94.08848922741117,8,0,0
210,0.1,symmetric_full,85.3566653542714,-1,0,0
211,0.1,symmetric_full,52.33015657528864,-2,0,0
212,0.1,symmetric_full,63.5574427533619,2,0,0
213,0.1,symmetric_full,78.12392696127017,19,0,0
214,0.1,symmetric_full,68.82943992890227,21,0,0
215,0.1,symmetric_full,56.33574530905719,-5,0,0
216,0.1,symmetric_full,79.85778238182377,-9,0,0
217,0.1,symmetric_full,85.32168761999264,-10,0,0
218,0.1,symmetric_full,80.94584559624172,3,0,0
219,0.1,symmetric_full,66.57971953015273,0,0,0
220,0.1,symmetric_full,54.23558967493028,4,0,0
221,0.1,symmetric_full,73.78659342729486,8,0,0
222,0.1,symmetric_full,46.65154364644877,12,0,0
223,0.1,symmetric_full,68.56870303294045,-11,0,0
224,0.1,symmetric_full,65.9872258841919,-4,0,0
225,0.1,symmetric_full,57.706380227668035,-3,0,0
226,0.1,symmetric_full,74.00946582739766,-8,0,0
227,0.1,symmetric_full,55.12038449913962,11,0,0
228,0.1,symmetric_full,55.89226816030924,4,0,0
229,0.1,symmetric_full,61.78492897741512,9,0,0
230,0.1,symmetric_full,54.928475954173564,-8,0,0
231,0.1,symmetric_full,67.52384115515383,2,0,0
232,0.1,symmetric_full,64.40723495949806,-4,0,0
233,0.1,symmetric_full,55.14261194065206,1,0,0
234,0.1,symmetric_full,57.284317013250075,-7,0,0
235,0.1,symmetric_full,68.26019022166776,4,0,0
236,0.1,symmetric_full,87.00132947817337,14,0,0
237,0.1,symmetric_full,43.135116039365585,-13,0,0
238,0.1,symmetric_full,67.22017489551672,9,0,0
239,0.1,symmetric_full,91.71596968295577,-1,0,0
240,0.1,symmetric_full,36.0948425693706,3,0,0
241,0.1,symmetric_full,45.88812490828458,1,0,0
242,0.1,symmetric_full,75.27724367205678,-7,0,0
243,0.1,symmetric_full,76.89688985173393,12,0,0
244,0.1,symmetric_full,40.560310642812965,-12,0,0
245,0.1,symmetric_full,75.15322882824204,1,0,0
246,0.1,symmetric_full,66.24314830829746,-3,0,0
247,0.1,symmetric_full,69.02676672969523,-2,0,0
248,0.1,symmetric_full,76.71108376645853,0,0,0
249,0.1,symmetric_full,61.675393900421454,7,0,0
250,0.1,symmetric_full,65.22147724482517,2,0,0
251,0.1,symmetric_full,86.86011329772695,1,0,0
252,0.1,symmetric_full,71.19953715244696,16,0,0
253,0.1,symmetric_full,54.96821978970621,0,0,0
254,0.1,symmetric_full,52.686489350975876,9,0,0
255,0.1,symmetric_full,68.15989000809464,7,0,0
256,0.1,symmetric_full,73.73310720324099,-3,0,0
257,0.1,symmetric_full,49.62153024964675,-7,0,0
258,0.1,symmetric_full,85.35161484793242,1,0,0
259,0.1,symmetric_full,45.40561593617167,14,0,0
260,0.1,symmetric_full,80.66296887464114,-10,0,0
261,0.1,symmetric_full,79.85713310173674,14,0,0
262,0.1,symmetric_full,51.86271198865484,13,0,0
263,0.1,symmetric_full,79.75656187988079,-1,0,0
264,0.1,symmetric_full,92.19543295256244,-22,0,0
265,0.1,symmetric_full,57.28303906539736,11,0,0
266,0.1,symmetric_full,59.87396415760185,4,0,0
267,0.1,symmetric_full,44.965465588216375,18,0,0
268,0.1,symmetric_full,67.28444686847266,1,0,0
269,0.1,symmetric_full,84.23562392323879,-11,0,0
270,0.1,symmetric_full,64.26756389602565,9,0,0
271,0.1,symmetric_full,75.74443448637123,7,0,0
272,0.1,symmetric_full,53.359182680169965,7,0,0
273,0.1,symmetric_full,76.76855611137182,7,0,0
274,0.1,symmetric_full,67.605603673661,0,0,0
275,0.1,symmetric_full,91.46102547546582,6,0,0
276,0.1,symmetric_full,91.76684688689335,-1,0,0
277,0.1,symmetric_full,63.61353469073424,-2,0,0
278,0.1,symmetric_full,66.77542028125384,-1,0,0
279,0.1,symmetric_full,62.950542112641074,-9,0,0
280,0.1,symmetric_full,58.691300516037415,-2,0,0
281,0.1,symmetric_full,91.66857539627426,6,0,0
282,0.1,symmetric_full,69.95771574101906,-3,0,0
283,0.1,symmetric_full,65.71295439357289,-3,0,0
284,0.1,symmetric_full,99.5253429945667,-11,0,0
285,0.1,symmetric_full,64.4540771896352,-3,0,0
286,0.1,symmetric_full,61.09870105356487,2,0,0
287,0.1,symmetric_full,66.11877051882902,-7,0,0
288,0.1,symmetric_full,80.82703208905855,-14,0,0
289,0.1,symmetric_full,67.09268338529131,5,0,0
290,0.1,symmetric_full,64.43762711044315,-9,0,0
291,0.1,symmetric_full,61.36898690566119,2,0,0
292,0.1,symmetric_full,61.43554376603936,4,0,0
293,0.1,symmetric_full,97.18133770839461,-4,0,0
294,0.1,symmetric_full,67.93918279976083,-9,0,0
295,0.1,symmetric_full,48.875728968204555,5,0,0
296,0.1,symmetric_full,45.93671529545145,7,0,0
297,0.1,symmetric_full,68.56096016208204,3,0,0
298,0.1,symmetric_full,82.02688222344074,-1,0,0
299,0.1,symmetric_full,94.03340519428355,-10,0,0
300,0.1,symmetric_full,61.02647361205163,-2,0,0
301,0.1,symmetric_full,73.17191542425235,9,0,0
302,0.1,symmetric_full,66.28644109996367,-5,0,0
303,0.1,symmetric_full,74.66107896262417,8,0,0
304,0.1,symmetric_full,65.99205375285283,-6,0,0
305,0.1,symmetric_full,68.86676672969543,-8,0,0
306,0.1,symmetric_full,60.40417291614074,-4,0,0
307,0.1,symmetric_full,82.88526481674353,-3,0,0
308,0.1,symmetric_full,64.63344803953396,11,0,0
309,0.1,symmetric_full,58.90475369563933,10,0,0
310,0.1,symmetric_full,50.94756425877188,-10,0,0
311,0.1,symmetric_full,79.62996145273394,-3,0,0
312,0.1,symmetric_full,52.369196559309785,13,0,0
313,0.1,symmetric_full,68.59458237261344,-7,0,0
314,0.1,symmetric_full,79.79591788596531,15,0,0
315,0.1,symmetric_full,48.47673590777504,-11,0,0
316,0.1,symmetric_full,58.27096629333755,-6,0,0
317,0.1,symmetric_full,35.38375805390592,-12,0,0
318,0.1,symmetric_full,69.58608872665326,5,0,0
319,0.1,symmetric_full,63.697776976061334,-4,0,0
320,0.1,symmetric_full,68.88918328209832,-8,0,0
321,0.1,symmetric_full,61.62408626494067,-3,0,0
322,0.1,symmetric_full,73.00919385444149,-2,0,0
323,0.1,symmetric_full,49.23240600657232,12,0,0
324,0.1,symmetric_full,78.5148616111187,17,0,0
325,0.1,symmetric_full,68.656538805845,9,0,0
326,0.1,symmetric_full,43.52404636771496,10,0,0
327,0.1,symmetric_full,57.32751883221874,9,0,0
328,0.1,symmetric_full,60.66642956294584,-3,0,0
329,0.1,symmetric_full,72.90818691487141,2,0,0
330,0.1,symmetric_full,91.02696274338541,7,0,0
331,0.1,symmetric_full,64.97586939577116,-5,0,0
332,0.1,symmetric_full,72.46350842949244,6,0,0
333,0.1,symmetric_full,62.30677911179703,-6,0,0
334,0.1,symmetric_full,55.44602587498224,2,0,0
335,0.1,symmetric_full,83.86657293456165,-18,0,0
336,0.1,symmetric_full,71.52795850868415,14,0,0
337,0.1,symmetric_full,39.51234033044216,-16,0,0
338,0.1,symmetric_full,85.38746017847984,-8,0,0
339,0.1,symmetric_full,79.60255183990193,-13,0,0
340,0.1,symmetric_full,74.8257708448051,9,0,0
341,0.1,symmetric_full,75.91670597698992,2,0,0
342,0.1,symmetric_full,63.75130773155831,-7,0,0
343,0.1,symmetric_full,74.57061355728064,1,0,0
344,0.1,symmetric_full,59.27426485351289,0,0,0
345,0.1,symmetric_full,70.07206000369911,-5,0,0
346,0.1,symmetric_full,42.5880166800855,14,0,0
347,0.1,symmetric_full,67.76380190988198,7,0,0
348,0.1,symmetric_full,66.10471259058306,4,0,0
349,0.1,symmetric_full,55.62423943735507,-6,0,0
350,0.1,symmetric_full,70.15288787235909,1,0,0
351,0.1,symmetric_full,59.970550705609526,-4,0,0
352,0.1,symmetric_full,58.92072929418157,7,0,0
353,0.1,symmetric_full,74.96927287734832,8,0,0
354,0.1,symmetric_full,60.28130099837472,-3,0,0
355,0.1,symmetric_full,53.63309074279802,1,0,0
356,0.1,symmetric_full,65.94823282376205,2,0,0
357,0.1,symmetric_full,68.28886822471031,15,0,0
358,0.1,symmetric_full,83.40278121076322,1,0,0
359,0.1,symmetric_full,71.1325005252479,2,0,0
360,0.1,symmetric_full,51.72507109514896,3,0,0
361,0.1,symmetric_full,46.96822164949049,-17,0,0
362,0.1,symmetric_full,67.42748204865973,-6,0,0
363,0.1,symmetric_full,80.61154009649651,1,0,0
364,0.1,symmetric_full,71.23284478792766,-4,0,0
365,0.1,symmetric_full,51.42386975851764,12,0,0
366,0.1,symmetric_full,71.74478685968103,-3,0,0
367,0.1,symmetric_full,75.72757789475622,-15,0,0
368,0.1,symmetric_full,81.06358943177452,7,0,0
369,0.1,symmetric_full,77.74822765718113,-11,0,0
370,0.1,symmetric_full,61.81960649812004,-1,0,0
371,0.1,symmetric_full,71.35885963174178,-8,0,0
372,0.1,symmetric_full,32.745529165381015,-5,0,0
373,0.1,symmetric_full,71.71081606497313,4,0,0
374,0.1,symmetric_full,85.14687411281,-9,0,0
375,0.1,symmetric_full,56.2411736048648,13,0,0
376,0.1,symmetric_full,69.77851008289042,-5,0,0
377,0.1,symmetric_full,76.38998440717887,-7,0,0
378,0.1,symmetric_full,57.293009860106736,6,0,0
379,0.1,symmetric_full,69.84038942256439,-11,0,0
380,0.1,symmetric_full,71.3300940128247,-12,0,0
381,0.1,symmetric_full,77.98349124355593,-8,0,0
382,0.1,symmetric_full,67.62035444876304,2,0,0
383,0.1,symmetric_full,80.67790352448776,10,0,0
384,0.1,symmetric_full,66.35077580500092,-4,0,0
385,0.1,symmetric_full,75.35524318971927,2,0,0
386,0.1,symmetric_full,66.70351125395149,-5,0,0
387,0.1,symmetric_full,65.58511862066854,5,0,0
388,0.1,symmetric_full,86.7303369000806,17,0,0
389,0.1,symmetric_full,74.06615770957978,3,0,0
390,0.1,symmetric_full,34.04071614053487,11,0,0
391,0.1,symmetric_full,85.12522221464945,5,0,0
392,0.1,symmetric_full,72.19788621896112,8,0,0
393,0.1,symmetric_full,64.15210735960153,-4,0,0
394,0.1,symmetric_full,94.38223258060566,11,0,0
395,0.1,symmetric_full,66.18340495510199,-4,0,0
396,0.1,symmetric_full,78.89272610697634,5,0,0
397,0.1,symmetric_full,62.156134635543935,3,0,0
398,0.1,symmetric_full,58.22585305491839,15,0,0
399,0.1,symmetric_full,67.84957495070643,2,0,0
400,0.1,symmetric_full,62.35037211703752,13,0,0
401,0.1,symmetric_full,64.69875471033959,5,0,0
402,0.1,symmetric_full,84.03088799194933,3,0,0
403,0.1,symmetric_full,57.5372037748308,4,0,0
404,0.1,symmetric_full,80.22355974414529,3,0,0
405,0.1,symmetric_full,61.00340826189881,-14,0,0
406,0.1,symmetric_full,74.02893817231211,-15,0,0
407,0.1,symmetric_full,58.65089352127711,5,0,0
408,0.1,symmetric_full,62.3480139752175,3,0,0
409,0.1,symmetric_full,96.44981747521524,-24,0,0
410,0.1,symmetric_full,63.89867761678232,-3,0,0
411,0.1,symmetric_full,58.98932972132866,-15,0,0
412,0.1,symmetric_full,57.3358812955355,-8,0,0
413,0.1,symmetric_full,71.42568750040209,8,0,0
414,0.1,symmetric_full,74.54533032325799,-20,0,0
415,0.1,symmetric_full,62.19631418879101,4,0,0
416,0.1,symmetric_full,87.81668596659443,-3,0,0
417,0.1,symmetric_full,72.93517949296432,3,0,0
418,0.1,symmetric_full,75.95257047284895,22,0,0
419,0.1,symmetric_full,69.70326085799297,3,0,0
420,0.1,symmetric_full,68.72225295374847,-5,0,0
421,0.1,symmetric_full,68.07488210384963,-11,0,0
422,0.1,symmetric_full,69.8315610715664,-2,0,0
423,0.1,symmetric_full,57.95780900581241,2,0,0
424,0.1,symmetric_full,87.39734432198748,14,0,0
425,0.1,symmetric_full,63.64564195425771,3,0,0
426,0.1,symmetric_full,71.93669492230913,3,0,0
427,0.1,symmetric_full,72.82972199186533,2,0,0
428,0.1,symmetric_full,67.58010260579329,-1,0,0
429,0.1,symmetric_full,46.05627909539908,-11,0,0
430,0.1,symmetric_full,97.74691683449441,13,0,0
431,0.1,symmetric_full,102.24522858508624,-10,0,0
432,0.1,symmetric_full,51.96486233661085,-11,0,0
433,0.1,symmetric_full,74.43307848028672,-5,0,0
434,0.1,symmetric_full,79.27596145273378,7,0,0
435,0.1,symmetric_full,67.76604035604981,-5,0,0
436,0.1,symmetric_full,83.99675200547102,2,0,0
437,0.1,symmetric_full,81.47372493591526,1,0,0
438,0.1,symmetric_full,78.99678451755904,17,0,0
439,0.1,symmetric_full,70.00383736601998,-3,0,0
440,0.1,symmetric_full,61.216129831709424,-1,0,0
441,0.1,symmetric_full,65.26842673848614,8,0,0
442,0.1,symmetric_full,72.10492236382198,1,0,0
443,0.1,symmetric_full,52.47827723561511,-4,0,0
444,0.1,symmetric_full,79.47974837269794,6,0,0
445,0.1,symmetric_full,68.34384644132524,-11,0,0
446,0.1,symmetric_full,69.06294580060478,4,0,0
447,0.1,symmetric_full,69.84341552744559,-18,0,0
448,0.1,symmetric_full,66.6349687550503,4,0,0
449,0.1,symmetric_full,69.6399240172206,0,0,0
450,0.1,symmetric_full,71.69862166791154,9,0,0
451,0.1,symmetric_full,58.525402493389436,2,0,0
452,0.1,symmetric_full,51.78217045442818,-6,0,0
453,0.1,symmetric_full,73.63330063562802,-2,0,0
454,0.1,symmetric_full,85.3631886878602,-15,0,0
455,0.1,symmetric_full,77.90212087599434,-15,0,0
456,0.1,symmetric_full,63.892271104359565,9,0,0
457,0.1,symmetric_full,60.79653634413239,-7,0,0
458,0.1,symmetric_full,65.53566111956945,6,0,0
459,0.1,symmetric_full,68.33473272056926,-21,0,0
460,0.1,symmetric_full,62.254779111797234,-6,0,0
461,0.1,symmetric_full,72.86890848468249,-9,0,0
462,0.1,symmetric_full,63.04159261898013,-3,0,0
463,0.1,symmetric_full,104.2913506924267,-15,0,0
464,0.1,symmetric_full,84.0935942356084,-15,0,0
465,0.1,symmetric_full,53.757575313452946,-3,0,0
466,0.1,symmetric_full,72.7112857918138,6,0,0
467,0.1,symmetric_full,62.00963618574855,-5,0,0
468,0.1,symmetric_full,80.57081900902278,7,0,0
469,0.1,symmetric_full,69.82174494631136,18,0,0
470,0.1,symmetric_full,56.96066079359264,4,0,0
471,0.1,symmetric_full,58.444544937100204,-8,0,0
472,0.1,symmetric_full,34.4369292205709,4,0,0
473,0.1,symmetric_full,78.69401889864253,-5,0,0
474,0.1,symmetric_full,62.75702139712507,-12,0,0
475,0.1,symmetric_full,36.51627134751425,24,0,0
476,0.1,symmetric_full,82.91822338571046,9,0,0
477,0.1,symmetric_full,58.64477286095098,-9,0,0
478,0.1,symmetric_full,59.182351504713324,-7,0,0
479,0.1,symmetric_full,41.68101978049617,-12,0,0
480,0.1,symmetric_full,73.15214286576565,-11,0,0
481,0.1,symmetric_full,50.03469330568089,-7,0,0
482,0.1,symmetric_full,62.00082219622891,9,0,0
483,0.1,symmetric_full,76.3645264237428,-3,0,0
484,0.1,symmetric_full,77.6937138812342,6,0,0
485,0.1,symmetric_full,69.7992024474097,7,0,0
486,0.1,symmetric_full,60.60548535545627,2,0,0
487,0.1,symmetric_full,64.7897774583987,-7,0,0
488,0.1,symmetric_full,67.29373917780163,-10,0,0
489,0.1,symmetric_full,86.75074821633746,-5,0,0
490,0.1,symmetric_full,68.78742508508861,-1,0,0
491,0.1,symmetric_full,92.53226130356029,17,0,0
492,0.1,symmetric_full,70.62413757959337,6,0,0
493,0.1,symmetric_full,60.89898690566116,0,0,0
494,0.1,symmetric_full,51.664199177383125,14,0,0
495,0.1,symmetric_full,54.585933455272624,1,0,0
496,0.1,symmetric_full,71.77475765438948,2,0,0
497,0.1,symmetric_full,76.60028462075252,10,0,0
498,0.1,symmetric_full,67.07880501029229,-1,0,0
499,0.1,symmetric_full,63.55584974812268,-7,0,0
500,0.1,symmetric_full,61.26633810791088,8,0,0
501,0.1,symmetric_full,70.78072364526406,11,0,0
502,0.1,symmetric_full,60.61997996609125,14,0,0
503,0.1,symmetric_full,76.40142802913829,6,0,0
504,0.1,symmetric_full,68.10478012649799,-7,0,0
505,0.1,symmetric_full,71.88538728682875,-13,0,0
506,0.1,symmetric_full,81.17954586500491,-7,0,0
507,0.1,symmetric_full,76.5269918290864,4,0,0
508,0.1,symmetric_full,69.5755026609836,-14,0,0
509,0.1,symmetric_full,64.75845497910336,-3,0,0
510,0.1,symmetric_full,60.92089977212379,-6,0,0
511,0.1,symmetric_full,53.53820494589172,2,0,0
512,0.1,symmetric_full,66.7815265801031,8,0,0
513,0.1,symmetric_full,54.58391957613277,1,0,0
514,0.1,symmetric_full,66.98816053403948,-10,0,0
515,0.1,symmetric_full,58.194288772633286,6,0,0
516,0.1,symmetric_full,66.17095391123583,0,0,0
517,0.1,symmetric_full,41.11339612295228,11,0,0
518,0.1,symmetric_full,59.634501852669246,-13,0,0
519,0.1,symmetric_full,79.17623197867795,-10,0,0
520,0.1,symmetric_full,66.96336138833337,0,0,0
521,0.1,symmetric_full,36.47135586298077,17,0,0
522,0.1,symmetric_full,57.60001728201394,1,0,0
523,0.1,symmetric_full,84.42819562743034,11,0,0
524,0.1,symmetric_full,86.17012382004464,-8,0,0
525,0.1,symmetric_full,75.48565066681692,-6,0,0
526,0.1,symmetric_full,89.66416359767913,-19,0,0
527,0.1,symmetric_full,73.91543613976944,10,0,0
528,0.1,symmetric_full,64.53142887422217,-2,0,0
529,0.1,symmetric_full,22.279534814298586,-17,0,0
530,0.1,symmetric_full,62.819471958653594,-1,0,0
531,0.1,symmetric_full,74.63970811272532,6,0,0
532,0.1,symmetric_full,88.48139269259076,-4,0,0
533,0.1,symmetric_full,72.7119781563328,-4,0,0
534,0.1,symmetric_full,58.731809488149736,5,0,0
535,0.1,symmetric_full,69.02826779756356,-9,0,0
536,0.1,symmetric_full,53.01833564619858,8,0,0
537,0.1,symmetric_full,60.00161605576227,-4,0,0
538,0.1,symmetric_full,89.0649909840023,2,0,0
539,0.1,symmetric_full,75.44527719884559,3,0,0
540,0.1,symmetric_full,62.587922037845146,9,0,0
541,0.1,symmetric_full,67.53658140793846,-7,0,0
542,0.1,symmetric_full,64.25036304173152,1,0,0
543,0.1,symmetric_full,64.17810591258967,-7,0,0
544,0.1,symmetric_full,73.26127143033659,-9,0,0
545,0.1,symmetric_full,55.37731914898569,3,0,0
546,0.1,symmetric_full,78.60004810393434,-6,0,0
547,0.1,symmetric_full,73.4584435616764,3,0,0
548,0.1,symmetric_full,93.83056632096843,0,0,0
549,0.1,symmetric_full,79.31971916740576,17,0,0
550,0.1,symmetric_full,66.93540495510194,-6,0,0
551,0.1,symmetric_full,76.53022621016947,0,0,0
552,0.1,symmetric_full,65.0266053270592,5,0,0
553,0.1,symmetric_full,74.73602749161068,-2,0,0
554,0.1,symmetric_full,77.05067773637279,-1,0,0
555,0.1,symmetric_full,69.14606956134162,12,0,0
556,0.1,symmetric_full,63.19070633973655,5,0,0
557,0.1,symmetric_full,73.5760222054389,7,0,0
558,0.1,symmetric_full,69.06097500589664,-1,0,0
559,0.1,symmetric_full,65.07194697166585,-4,0,0
560,0.1,symmetric_full,78.59358318092823,0,0,0
561,0.1,symmetric_full,79.43453267458926,6,0,0
562,0.1,symmetric_full,65.92686245620098,-1,0,0
563,0.1,symmetric_full,80.31993272977911,7,0,0
564,0.1,symmetric_full,70.00623907460843,1,0,0
565,0.1,symmetric_full,57.659537032855496,-16,0,0
566,0.1,symmetric_full,63.56657131793304,-8,0,0
567,0.1,symmetric_full,56.70559592577666,3,0,0
568,0.1,symmetric_full,57.45298065481529,-1,0,0
569,0.1,symmetric_full,74.4614706312325,2,0,0
570,0.1,symmetric_full,60.750758981810876,1,0,0
571,0.1,symmetric_full,63.54297783035565,10,0,0
572,0.1,symmetric_full,88.36251121718101,-20,0,0
573,0.1,symmetric_full,68.77897500589643,-7,0,0
574,0.1,symmetric_full,44.404695647802555,7,0,0
575,0.1,symmetric_full,65.36728381243842,3,0,0
576,0.1,symmetric_full,56.075154921890274,1,0,0
577,0.1,symmetric_full,84.71518868786052,-19,0,0
578,0.1,symmetric_full,70.50457329730835,-5,0,0
579,0.1,symmetric_full,78.96045509869418,7,0,0
580,0.1,symmetric_full,52.95309074279771,7,0,0
581,0.1,symmetric_full,76.02745723442956,-9,0,0
582,0.1,symmetric_full,66.54163287895267,11,0,0
583,0.1,symmetric_full,71.68755680009508,6,0,0
584,0.1,symmetric_full,72.71391542425226,-13,0,0
585,0.1,symmetric_full,71.24359556302988,-8,0,0
586,0.1,symmetric_full,67.96497452355938,0,0,0
587,0.1,symmetric_full,82.78820902423263,18,0,0
588,0.1,symmetric_full,67.39551173628888,-10,0,0
589,0.1,symmetric_full,85.849644053225,-8,0,0
590,0.1,symmetric_full,65.99340495510239,8,0,0
591,0.1,symmetric_full,78.47926860587722,10,0,0
592,0.1,symmetric_full,72.34433629815238,0,0,0
593,0.1,symmetric_full,84.82412285536986,-2,0,0
594,0.1,symmetric_full,89.43050737802218,-4,0,0
595,0.1,symmetric_full,65.30328333010095,0,0,0
596,0.1,symmetric_full,78.58729732883171,-8,0,0
597,0.1,symmetric_full,77.3913116903089,-1,0,0
598,0.1,symmetric_full,83.11007400242937,3,0,0
599,0.1,symmetric_full,71.30776507629685,5,0,0
600,0.1,symmetric_full,46.732100506826896,-6,0,0
601,0.1,symmetric_full,80.41597629654814,-1,0,0
602,0.1,symmetric_full,76.93136961855487,2,0,0
603,0.1,symmetric_full,70.51660250259967,0,0,0
604,0.1,symmetric_full,60.25282171389176,-16,0,0
605,0.1,symmetric_full,63.54535129832733,1,0,0
606,0.1,symmetric_full,115.31023467957311,-16,0,0
607,0.1,symmetric_full,78.94068302254448,6,0,0
608,0.1,symmetric_full,60.1025942723777,-16,0,0
609,0.1,symmetric_full,45.23612874744458,5,0,0
610,0.1,symmetric_full,78.23909957494743,-8,0,0
611,0.1,symmetric_full,33.11650738199705,-23,0,0
612,0.1,symmetric_full,84.7026945595627,8,0,0
613,0.1,symmetric_full,18.797437108418762,-15,0,0
614,0.1,symmetric_full,49.367699280576744,-15,0,0
615,0.1,symmetric_full,69.15765252660134,-5,0,0
616,0.1,symmetric_full,51.441177393998714,-16,0,0
617,0.1,symmetric_full,58.36004648730538,0,0,0
618,0.1,symmetric_full,62.38972812312085,-3,0,0
619,0.1,symmetric_full,77.52106988731924,-2,0,0
620,0.1,symmetric_full,48.36272106396069,-1,0,0
621,0.1,symmetric_full,82.01130406201582,10,0,0
622,0.1,symmetric_full,76.10984890303843,-5,0,0
623,0.1,symmetric_full,70.58385172749684,-10,0,0
624,0.1,symmetric_full,75.39993555423854,-4,0,0
625,0.1,symmetric_full,45.824187158027485,7,0,0
626,0.1,symmetric_full,62.72372812312119,-3,0,0
627,0.1,symmetric_full,94.92945308254957,-17,0,0
628,0.1,symmetric_full,70.88888835469618,10,0,0
629,0.1,symmetric_full,68.2976960933704,3,0,0
630,0.1,symmetric_full,67.36575353927901,7,0,0
631,0.1,symmetric_full,54.00639886061606,-6,0,0
632,0.1,symmetric_full,66.3499761769574,-7,0,0
633,0.1,symmetric_full,58.94538813191224,-5,0,0
634,0.1,symmetric_full,49.626735425437346,8,0,0
635,0.1,symmetric_full,73.98314073003053,-5,0,0
636,0.1,symmetric_full,85.24188105238,-9,0,0
637,0.1,symmetric_full,55.71729042603131,1,0,0
638,0.1,symmetric_full,57.78896677567508,-1,0,0
639,0.1,symmetric_full,61.072822196228685,3,0,0
640,0.1,symmetric_full,77.19159273857082,-3,0,0
641,0.1,symmetric_full,77.53664853108114,10,0,0
642,0.1,symmetric_full,73.56310672090382,-2,0,0
643,0.1,symmetric_full,76.64699134674879,-7,0,0
644,0.1,symmetric_full,65.35041189467205,-2,0,0
645,0.1,symmetric_full,31.0834654686264,18,0,0
646,0.1,symmetric_full,68.47528958094728,-1,0,0
647,0.1,symmetric_full,80.95970960976366,0,0,0
648,0.1,symmetric_full,54.4502054282292,7,0,0
649,0.1,symmetric_full,63.73084232621471,-4,0,0
650,0.1,symmetric_full,73.22298606057745,-6,0,0
651,0.1,symmetric_full,64.48869726443098,-5,0,0
652,0.1,symmetric_full,68.76196278015482,-4,0,0
653,0.1,symmetric_full,43.65812346127291,14,0,0
654,0.1,symmetric_full,62.36452294732976,-12,0,0
655,0.1,symmetric_full,74.65731596178011,-3,0,0
656,0.1,symmetric_full,62.76007190346331,-10,0,0
657,0.1,symmetric_full,88.91243412362422,4,0,0
658,0.1,symmetric_full,52.206712953329315,5,0,0
659,0.1,symmetric_full,58.05757152431943,-6,0,0
660,0.1,symmetric_full,67.75589000809435,-5,0,0
661,0.1,symmetric_full,71.93783736601989,-5,0,0
662,0.1,symmetric_full,54.74137755956917,13,0,0
663,0.1,symmetric_full,67.28841718084345,1,0,0
664,0.1,symmetric_full,74.87279262819024,1,0,0
665,0.1,symmetric_full,72.47905835030053,-8,0,0
666,0.1,symmetric_full,67.71746816951998,4,0,0
667,0.1,symmetric_full,61.86620740760418,-6,0,0
668,0.1,symmetric_full,72.0381093389766,5,0,0
669,0.1,symmetric_full,69.66172578099895,-11,0,0
670,0.1,symmetric_full,67.23803939137542,1,0,0
671,0.1,symmetric_full,48.475350214061905,7,0,0
672,0.1,symmetric_full,67.15812700725019,-4,0,0
673,0.1,symmetric_full,61.725664908703266,-9,0,0
674,0.1,symmetric_full,62.25532112836083,2,0,0
675,0.1,symmetric_full,63.53952032925645,-9,0,0
676,0.1,symmetric_full,58.218152786154604,-1,0,0
677,0.1,symmetric_full,80.57871703167075,-1,0,0
678,0.1,symmetric_full,52.84958487109577,-8,0,0
679,0.1,symmetric_full,72.62895156911407,-6,0,0
680,0.1,symmetric_full,65.86631995730022,0,0,0
681,0.1,symmetric_full,54.579318666648305,16,0,0
682,0.1,symmetric_full,40.50180263537561,-7,0,0
683,0.1,symmetric_full,71.59216678488553,9,0,0
684,0.1,symmetric_full,78.23344767678685,-2,0,0
685,0.1,symmetric_full,73.1267724982041,-4,0,0
686,0.1,symmetric_full,79.15785467154717,-1,0,0
687,0.1,symmetric_full,52.886126887659884,-12,0,0
688,0.1,symmetric_full,63.45572812312088,5,0,0
689,0.1,symmetric_full,73.50827885224282,-6,0,0
690,0.1,symmetric_full,79.08806343008598,7,0,0
691,0.1,symmetric_full,70.96261734641485,16,0,0
692,0.1,symmetric_full,66.27838317171768,10,0,0
693,0.1,symmetric_full,64.35659048324487,-11,0,0
694,0.1,symmetric_full,74.53408541985675,-7,0,0
695,0.1,symmetric_full,84.34242306894362,19,0,0
696,0.1,symmetric_full,82.20793801595119,10,0,0
697,0.1,symmetric_full,77.10111345408734,-2,0,0
698,0.1,symmetric_full,64.78973340929258,-4,0,0
699,0.1,symmetric_full,83.96475680930541,4,0,0
700,0.1,symmetric_full,77.46424105398381,4,0,0
701,0.1,symmetric_full,71.27448184227342,8,0,0
702,0.1,symmetric_full,55.87606992408803,5,0,0
703,0.1,symmetric_full,71.41932887624534,13,0,0
704,0.1,symmetric_full,59.473257431606385,7,0,0
705,0.1,symmetric_full,68.14909086238868,-9,0,0
706,0.1,symmetric_full,54.26267419039573,-7,0,0
707,0.1,symmetric_full,84.81971586060968,-17,0,0
708,0.1,symmetric_full,78.99332701646017,-18,0,0
709,0.1,symmetric_full,69.11034537345796,-2,0,0
710,0.1,symmetric_full,76.83581969774639,-2,0,0
711,0.1,symmetric_full,101.38700017889823,12,0,0
712,0.1,symmetric_full,62.30444921059484,9,0,0
713,0.1,symmetric_full,55.41163852787099,13,0,0
714,0.1,symmetric_full,64.41277003649157,-6,0,0
715,0.1,symmetric_full,61.786057541986,-9,0,0
716,0.1,symmetric_full,74.18815867425428,1,0,0
717,0.1,symmetric_full,65.0838986010628,-4,0,0
718,0.1,symmetric_full,73.84224964695125,9,0,0
719,0.1,symmetric_full,68.80372529866162,4,0,0
720,0.1,symmetric_full,82.49214629215288,-3,0,0
721,0.1,symmetric_full,58.00998759438494,5,0,0
722,0.1,symmetric_full,80.47178238182369,15,0,0
723,0.1,symmetric_full,80.8624895901578,7,0,0
724,0.1,symmetric_full,57.9961384246775,4,0,0
725,0.1,symmetric_full,68.37315407680647,1,0,0
726,0.1,symmetric_full,72.37084959176161,6,0,0
727,0.1,symmetric_full,58.12680206624253,0,0,0
728,0.1,symmetric_full,65.99158450834926,-1,0,0
729,0.1,symmetric_full,67.02501760799043,5,0,0
730,0.1,symmetric_full,46.50967866825306,-5,0,0
731,0.1,symmetric_full,80.41710486111913,7,0,0
732,0.1,symmetric_full,67.72576838309385,-3,0,0
733,0.1,symmetric_full,89.56704939458541,-6,0,0
734,0.1,symmetric_full,59.22445828590014,5,0,0
735,0.1,symmetric_full,76.68644933018504,-3,0,0
736,0.1,symmetric_full,46.948773706034615,3,0,0
737,0.1,symmetric_full,64.48469246059665,-1,0,0
738,0.1,symmetric_full,62.77244969293179,8,0,0
739,0.1,symmetric_full,66.28826202905384,-13,0,0
740,0.1,symmetric_full,82.42533758880404,4,0,0
741,0.1,symmetric_full,67.09816101637621,1,0,0
742,0.1,symmetric_full,85.88979391884209,-11,0,0
743,0.1,symmetric_full,74.16008541985684,-15,0,0
744,0.1,symmetric_full,59.109161172736776,-10,0,0
745,0.1,symmetric_full,67.77050960055301,0,0,0
746,0.1,symmetric_full,71.93622999930346,-5,0,0
747,0.1,symmetric_full,72.06529967095332,-6,0,0
748,0.1,symmetric_full,62.10175732841276,-4,0,0
749,0.1,symmetric_full,70.084418627856,4,0,0
750,0.1,symmetric_full,53.47464018126925,-12,0,0
751,0.1,symmetric_full,40.40002575539165,-12,0,0
752,0.1,symmetric_full,72.92632241901288,-10,0,0
753,0.1,symmetric_full,58.09591530466163,1,0,0
754,0.1,symmetric_full,68.49976934776805,5,0,0
755,0.1,symmetric_full,78.63938494470659,5,0,0
756,0.1,symmetric_full,61.15029454114199,4,0,0
757,0.1,symmetric_full,81.32053844309814,-6,0,0
758,0.1,symmetric_full,60.712836557706,4,0,0
759,0.1,symmetric_full,71.73666571701744,0,0,0
760,0.1,symmetric_full,72.54549455035243,4,0,0
761,0.1,symmetric_full,71.84425920459472,2,0,0
762,0.1,symmetric_full,62.0848226785658,0,0,0
763,0.1,symmetric_full,62.680555991781034,7,0,0
764,0.1,symmetric_full,67.84811264577274,7,0,0
765,0.1,symmetric_full,83.29578815033301,7,0,0
766,0.1,symmetric_full,86.13161484793204,9,0,0
767,0.1,symmetric_full,40.11291155229742,-11,0,0
768,0.1,symmetric_full,72.60014286576535,-5,0,0
769,0.1,symmetric_full,72.87600784396167,0,0,0
770,0.1,symmetric_full,63.156841843878055,-13,0,0
771,0.1,symmetric_full,27.193396003362295,9,0,0
772,0.1,symmetric_full,66.76876096118622,-10,0,0
773,0.1,symmetric_full,67.19403987371243,6,0,0
774,0.1,symmetric_full,76.41857047284907,-6,0,0
775,0.1,symmetric_full,77.59138494470675,1,0,0
776,0.1,symmetric_full,49.18480867983533,6,0,0
777,0.1,symmetric_full,39.73346841267653,-9,0,0
778,0.1,symmetric_full,71.30098029206857,4,0,0
779,0.1,symmetric_full,64.5344985458728,-15,0,0
780,0.1,symmetric_full,51.53299735841392,-16,0,0
781,0.1,symmetric_full,61.86879395561162,0,0,0
782,0.1,symmetric_full,84.4944374304207,-14,0,0
783,0.1,symmetric_full,75.10297650293455,-5,0,0
784,0.1,symmetric_full,77.01882711965379,5,0,0
785,0.1,symmetric_full,65.19517703125166,-3,0,0
786,0.1,symmetric_full,66.45196133314198,-19,0,0
787,0.1,symmetric_full,75.15959225623351,10,0,0
788,0.1,symmetric_full,76.52395520188662,-2,0,0
789,0.1,symmetric_full,62.290672330610505,14,0,0
790,0.1,symmetric_full,90.07813439238635,26,0,0
791,0.1,symmetric_full,77.38819796955227,-3,0,0
792,0.1,symmetric_full,53.03534690726565,11,0,0
793,0.1,symmetric_full,74.21479262819071,5,0,0
794,0.1,symmetric_full,65.43352561542855,-2,0,0
795,0.1,symmetric_full,46.27937413318185,-1,0,0
796,0.1,symmetric_full,62.96526320011469,-5,0,0
797,0.1,symmetric_full,64.58182150750491,4,0,0
798,0.1,symmetric_full,75.22180053243505,-11,0,0
799,0.1,symmetric_full,71.5870099796972,-10,0,0
800,0.1,symmetric_full,56.61193922378186,9,0,0
801,0.1,symmetric_full,52.99344888461883,-15,0,0
802,0.1,symmetric_full,46.68918070079485,4,0,0
803,0.1,symmetric_full,52.633313380476636,5,0,0
804,0.1,symmetric_full,74.78205669690223,1,0,0
805,0.1,symmetric_full,66.640126524913,-3,0,0
806,0.1,symmetric_full,46.42266740718537,2,0,0
807,0.1,symmetric_full,77.26093390084023,1,0,0
808,0.1,symmetric_full,51.60765716081886,2,0,0
809,0.1,symmetric_full,72.92191542425245,1,0,0
810,0.1,symmetric_full,92.34382078201202,-16,0,0
811,0.1,symmetric_full,66.29042673848666,0,0,0
812,0.1,symmetric_full,72.48880122115861,6,0,0
813,0.1,symmetric_full,69.83045215464415,2,0,0
814,0.1,symmetric_full,74.77157309092172,-9,0,0
815,0.1,symmetric_full,59.22018727761821,-3,0,0
816,0.1,symmetric_full,69.00408872665344,7,0,0
817,0.1,symmetric_full,54.56764856785094,-5,0,0
818,0.1,symmetric_full,55.9432904260311,-1,0,0
819,0.1,symmetric_full,71.66382300454279,2,0,0
820,0.1,symmetric_full,76.51413475513453,-3,0,0
821,0.1,symmetric_full,45.474850317255175,-2,0,0
822,0.1,symmetric_full,76.25834303133593,-4,0,0
823,0.1,symmetric_full,65.47411168109852,-1,0,0
824,0.1,symmetric_full,66.99514879063474,-2,0,0
825,0.1,symmetric_full,57.31953271135944,-17,0,0
826,0.1,symmetric_full,79.06988339450174,-9,0,0
827,0.1,symmetric_full,42.265745189466884,-9,0,0
828,0.1,symmetric_full,74.33483571262218,-4,0,0
829,0.1,symmetric_full,69.25061638173963,6,0,0
830,0.1,symmetric_full,91.88872574422953,18,0,0
831,0.1,symmetric_full,63.55069726443094,11,0,0
832,0.1,symmetric_full,85.646229636557,-4,0,0
833,0.1,symmetric_full,53.80018961974008,-7,0,0
834,0.1,symmetric_full,56.795039065398214,7,0,0
835,0.1,symmetric_full,66.00766160190666,1,0,0
836,0.1,symmetric_full,69.47100372885097,-3,0,0
837,0.1,symmetric_full,92.63365607257902,-9,0,0
838,0.1,symmetric_full,63.933898118726006,9,0,0
839,0.1,symmetric_full,90.85055574862542,8,0,0
840,0.1,symmetric_full,85.65711591580008,2,0,0
841,0.1,symmetric_full,80.56671703167035,-5,0,0
842,0.1,symmetric_full,63.652798759446,-2,0,0
843,0.1,symmetric_full,62.6349438212298,-3,0,0
844,0.1,symmetric_full,76.90539834150923,14,0,0
845,0.1,symmetric_full,77.38840624575448,8,0,0
846,0.1,symmetric_full,80.72403951096567,-11,0,0
847,0.1,symmetric_full,67.40421894462241,-4,0,0
848,0.1,symmetric_full,66.82516795594643,5,0,0
849,0.1,symmetric_full,84.63761004409776,-9,0,0
850,0.1,symmetric_full,55.4027187218385,1,0,0
851,0.1,symmetric_full,78.35306988731827,4,0,0
852,0.1,symmetric_full,72.08858862345971,-10,0,0
853,0.1,symmetric_full,41.508418388674045,-12,0,0
854,0.1,symmetric_full,64.82839224702315,2,0,0
855,0.1,symmetric_full,48.380914496348396,-10,0,0
856,0.1,symmetric_full,98.59988068963321,-24,0,0
857,0.1,symmetric_full,60.27381429198431,-7,0,0
858,0.1,symmetric_full,84.25407880626358,-17,0,0
859,0.1,symmetric_full,73.74575119715678,7,0,0
860,0.1,symmetric_full,69.86765300893853,6,0,0
861,0.1,symmetric_full,61.60974248459826,4,0,0
862,0.1,symmetric_full,70.67341600978261,-11,0,0
863,0.1,symmetric_full,50.8405764845142,5,0,0
864,0.1,symmetric_full,56.68406036644569,-6,0,0
865,0.1,symmetric_full,66.37698408120235,3,0,0
866,0.1,symmetric_full,87.01083054604146,-15,0,0
867,0.1,symmetric_full,66.72891082680428,-3,0,0
868,0.1,symmetric_full,53.05080489070207,-1,0,0
869,0.1,symmetric_full,53.75813217383086,7,0,0
870,0.1,symmetric_full,67.09814569022456,-6,0,0
871,0.1,symmetric_full,65.27056176029008,1,0,0
872,0.1,symmetric_full,63.46537046363858,2,0,0
873,0.1,symmetric_full,64.84705540625146,9,0,0
874,0.1,symmetric_full,68.05904777795723,2,0,0
875,0.1,symmetric_full,81.51843214424912,-11,0,0
876,0.1,symmetric_full,72.60880170349594,9,0,0
877,0.1,symmetric_full,70.1727815735097,2,0,0
878,0.1,symmetric_full,75.56757789475603,7,0,0
879,0.1,symmetric_full,89.4858782279207,12,0,0
880,0.1,symmetric_full,52.49057744918849,-3,0,0
881,0.1,symmetric_full,54.21142448316073,-12,0,0
882,0.1,symmetric_full,81.44188916301039,5,0,0
883,0.1,symmetric_full,54.27967729080541,-1,0,0
884,0.1,symmetric_full,47.106187640364396,8,0,0
885,0.1,symmetric_full,90.0002215259255,-4,0,0
886,0.1,symmetric_full,60.809737198426774,-9,0,0
887,0.1,symmetric_full,62.50235775555984,-8,0,0
888,0.1,symmetric_full,63.75645017526938,-5,0,0
889,0.1,symmetric_full,76.50640624575374,4,0,0
890,0.1,symmetric_full,82.70103737523061,-3,0,0
891,0.1,symmetric_full,72.76135856387401,5,0,0
892,0.1,symmetric_full,80.44647522868047,2,0,0
893,0.1,symmetric_full,56.235082149829395,-10,0,0
894,0.1,symmetric_full,72.40165877744812,-8,0,0
895,0.1,symmetric_full,77.78224153632141,-9,0,0
896,0.1,symmetric_full,66.14068338529125,-9,0,0
897,0.1,symmetric_full,115.91697589703176,7,0,0
898,0.1,symmetric_full,74.84509284176363,-4,0,0
899,0.1,symmetric_full,112.51022891106288,10,0,0
900,0.1,symmetric_full,79.05753961415883,6,0,0
901,0.1,symmetric_full,68.68068867146292,10,0,0
902,0.1,symmetric_full,120.21952032528247,-14,0,0
903,0.1,symmetric_full,67.98067430998549,-9,0,0
904,0.1,symmetric_full,45.82067172868233,15,0,0
905,0.1,symmetric_full,66.3322476675769,6,0,0
906,0.1,symmetric_full,73.74805141073057,0,0,0
907,0.1,symmetric_full,66.86623330609962,-1,0,0
908,0.1,symmetric_full,62.338914615937995,4,0,0
909,0.1,symmetric_full,82.70694543785794,-15,0,0
910,0.1,symmetric_full,78.24544719444958,-5,0,0
911,0.1,symmetric_full,59.48824520586413,14,0,0
912,0.1,symmetric_full,70.41696064441948,0,0,0
913,0.1,symmetric_full,77.53863368726661,-12,0,0
914,0.1,symmetric_full,61.4729581827072,-4,0,0
915,0.1,symmetric_full,71.78409449516226,-1,0,0
916,0.1,symmetric_full,78.99104116436405,-2,0,0
917,0.1,symmetric_full,56.82899501629163,-16,0,0
918,0.1,symmetric_full,63.71602833669465,0,0,0
919,0.1,symmetric_full,73.91569278657386,-3,0,0
920,0.1,symmetric_full,69.84478109117242,7,0,0
921,0.1,symmetric_full,76.66691953936311,12,0,0
922,0.1,symmetric_full,54.204809694536266,-9,0,0
923,0.1,symmetric_full,48.00772319969565,-11,0,0
924,0.1,symmetric_full,81.54971009210044,-3,0,0
925,0.1,symmetric_full,58.33465171828675,4,0,0
926,0.1,symmetric_full,66.96406859666686,2,0,0
927,0.1,symmetric_full,60.90112240980238,-4,0,0
928,0.1,symmetric_full,62.380149479358465,7,0,0
929,0.1,symmetric_full,74.14709284176378,2,0,0
930,0.1,symmetric_full,72.7256295721561,-3,0,0
931,0.1,symmetric_full,65.77230559582301,7,0,0
932,0.1,symmetric_full,67.99605039603,7,0,0
933,0.1,symmetric_full,50.92177733880851,5,0,0
934,0.1,symmetric_full,63.078212693776095,7,0,0
935,0.1,symmetric_full,67.39621846228431,9,0,0
936,0.1,symmetric_full,43.4027195669218,-1,0,0
937,0.1,symmetric_full,66.53699844267909,0,0,0
938,0.1,symmetric_full,38.875996067763026,14,0,0
939,0.1,symmetric_full,69.9110377379771,4,0,0
940,0.1,symmetric_full,51.05664877423692,-15,0,0
941,0.1,symmetric_full,86.50271420721083,-12,0,0
942,0.1,symmetric_full,53.512262874137434,5,0,0
943,0.1,symmetric_full,66.94111958534315,1,0,0
944,0.1,symmetric_full,84.74055905542082,12,0,0
945,0.1,symmetric_full,62.79029934497646,-10,0,0
946,0.1,symmetric_full,66.49910522386597,-4,0,0
947,0.1,symmetric_full,94.56999077761611,-14,0,0
948,0.1,symmetric_full,66.24373437396736,4,0,0
949,0.1,symmetric_full,61.99529144073199,-14,0,0
950,0.1,symmetric_full,85.80123754080114,4,0,0
951,0.1,symmetric_full,67.40307601857421,-7,0,0
952,0.1,symmetric_full,3.8803084242558725,-15,0,0
953,0.1,symmetric_full,60.754235648221425,-7,0,0
954,0.1,symmetric_full,67.348669506151,3,0,0
955,0.1,symmetric_full,76.31434303133608,8,0,0
956,0.1,symmetric_full,76.11599876865614,2,0,0
957,0.1,symmetric_full,68.1442965205174,-7,0,0
958,0.1,symmetric_full,73.4385790658173,11,0,0
959,0.1,symmetric_full,75.08202749161052,0,0,0
960,0.1,symmetric_full,64.41383538664508,-4,0,0
961,0.1,symmetric_full,63.95681312092313,9,0,0
962,0.1,symmetric_full,78.66868205787011,-4,0,0
963,0.1,symmetric_full,64.24180666369034,4,0,0
964,0.1,symmetric_full,79.59346732443629,-2,0,0
965,0.1,symmetric_full,59.20741733720433,-2,0,0
966,0.1,symmetric_full,52.60295475632029,4,0,0
967,0.1,symmetric_full,57.62558204663674,-7,0,0
968,0.1,symmetric_full,61.78336469512965,8,0,0
969,0.1,symmetric_full,91.25572836230253,9,0,0
970,0.1,symmetric_full,67.47100372885097,13,0,0
971,0.1,symmetric_full,65.84326945096122,0,0,0
972,0.1,symmetric_full,68.63308130474599,2,0,0
973,0.1,symmetric_full,67.77303245180536,1,0,0
974,0.1,symmetric_full,64.81830511348551,4,0,0
975,0.1,symmetric_full,62.81047889822372,-5,0,0
976,0.1,symmetric_full,70.7060164369293,5,0,0
977,0.1,symmetric_full,72.86838082959571,-14,0,0
978,0.1,symmetric_full,60.50127227542036,1,0,0
979,0.1,symmetric_full,61.08670105356492,4,0,0
980,0.1,symmetric_full,54.31196794673568,-1,0,0
981,0.1,symmetric_full,48.53796596736038,14,0,0
982,0.1,symmetric_full,87.91895697487598,-13,0,0
983,0.1,symmetric_full,54.14376971051445,10,0,0
984,0.1,symmetric_full,77.8699753318732,9,0,0
985,0.1,symmetric_full,87.94584325412097,-13,0,0
986,0.1,symmetric_full,57.26980900581219,4,0,0
987,0.1,symmetric_full,81.6907462369627,-14,0,0
988,0.1,symmetric_full,82.48208836390648,-2,0,0
989,0.1,symmetric_full,51.96831983771017,12,0,0
990,0.1,symmetric_full,62.82117126274272,-5,0,0
991,0.1,symmetric_full,50.379113697242474,15,0,0
992,0.1,symmetric_full,86.60602136035504,7,0,0
993,0.1,symmetric_full,68.5111540768064,11,0,0
994,0.1,symmetric_full,66.51999102077161,-9,0,0
995,0.1,symmetric_full,56.31189565701271,-3,0,0
996,0.1,symmetric_full,77.6770406820267,5,0,0
997,0.1,symmetric_full,71.28592978572937,-4,0,0
998,0.1,symmetric_full,75.37148499270965,1,0,0
999,0.1,symmetric_full,74.28003753159084,0,0,0
0,0.5,inventory_full,53.35310960432804,-1,14,5
1,0.5,inventory_full,38.12859133049665,-3,8,6
2,0.5,inventory_full,52.84025160889166,-1,19,7
3,0.5,inventory_full,51.976265955367566,0,15,6
4,0.5,inventory_full,48.36051008366434,-4,13,3
5,0.5,inventory_full,57.61528683226862,-1,18,10
6,0.5,inventory_full,39.2812842223571,-4,13,6
7,0.5,inventory_full,46.7798828065349,0,13,6
8,0.5,inventory_full,55.28993797032683,2,14,8
9,0.5,inventory_full,36.51235671665262,3,7,2
10,0.5,inventory_full,47.577346091144136,-3,17,5
11,0.5,inventory_full,48.04197430475955,-2,16,3
12,0.5,inventory_full,54.77067390161491,0,15,6
13,0.5,inventory_full,50.26651678865943,3,12,6
14,0.5,inventory_full,49.63701716961744,0,14,4
15,0.5,inventory_full,47.497768383867424,2,9,1
16,0.5,inventory_full,33.059114635897515,-2,11,2
17,0.5,inventory_full,48.32556059000315,0,11,4
18,0.5,inventory_full,52.19491038843083,0,11,5
19,0.5,inventory_full,57.20032969712645,-3,17,9
20,0.5,inventory_full,52.01596759976468,1,19,7
21,0.5,inventory_full,47.39074563399434,1,10,5
22,0.5,inventory_full,54.64539548642702,3,17,5
23,0.5,inventory_full,49.07830228980015,-2,18,7
24,0.5,inventory_full,55.780800797786355,3,19,6
25,0.5,inventory_full,47.37652443014025,-1,13,4
26,0.5,inventory_full,41.49801921715917,-1,12,4
27,0.5,inventory_full,54.57352425557045,0,14,5
28,0.5,inventory_full,61.837722534981765,-2,10,5
29,0.5,inventory_full,49.59976651089539,2,17,5
30,0.5,inventory_full,41.30508313348791,1,10,7
31,0.5,inventory_full,43.75369700062754,1,16,7
32,0.5,inventory_full,45.84661780133686,3,12,5
33,0.5,inventory_full,46.422632147812806,-2,11,3
34,0.5,inventory_full,46.93092473490668,-5,14,4
35,0.5,inventory_full,49.677895280038825,1,15,6
36,0.5,inventory_full,55.79318769256278,-1,12,4
37,0.5,inventory_full,45.58891896639784,-1,14,7
38,0.5,inventory_full,43.88442529043465,-1,16,2
39,0.5,inventory_full,46.6440106391922,0,15,5
40,0.5,inventory_full,57.83969477851588,1,19,7
41,0.5,inventory_full,51.56195902179769,-2,12,4
42,0.5,inventory_full,58.8957502914476,-1,16,6
43,0.5,inventory_full,41.13036154867572,0,11,3
44,0.5,inventory_full,46.13212412537382,1,10,5
45,0.5,inventory_full,44.230947659349624,-3,19,6
46,0.5,inventory_full,42.78159021944094,1,13,2
47,0.5,inventory_full,47.881167926717694,2,11,1
48,0.5,inventory_full,47.72798865123562,1,15,4
49,0.5,inventory_full,50.053759805900455,-1,14,4
50,0.5,inventory_full,50.743345154658115,0,16,5
51,0.5,inventory_full,42.293147811732695,-3,15,4
52,0.5,inventory_full,41.27370464210841,-1,11,2
53,0.5,inventory_full,48.65798865123544,1,13,6
54,0.5,inventory_full,40.039491079735285,3,10,3
55,0.5,inventory_full,45.12790292151982,-1,18,9
56,0.5,inventory_full,56.97952331908448,-3,14,6
57,0.5,inventory_full,46.47946815529252,1,16,3
58,0.5,inventory_full,47.79671117253362,1,15,4
59,0.5,inventory_full,47.68638989248785,-2,10,2
60,0.5,inventory_full,45.96589715301076,1,12,4
61,0.5,inventory_full,45.60199722920237,-4,15,5
62,0.5,inventory_full,57.6223736730401,-1,17,3
63,0.5,inventory_full,49.32082372222908,1,14,4
64,0.5,inventory_full,57.19878738779647,-1,14,4
65,0.5,inventory_full,49.46743182085976,-1,19,5
66,0.5,inventory_full,48.76229558480517,3,14,5
67,0.5,inventory_full,48.86311724580901,-1,17,6
68,0.5,inventory_full,43.9760762539231,1,15,6
69,0.5,inventory_full,42.60727564439014,-1,20,5
70,0.5,inventory_full,43.750525366626164,2,15,4
71,0.5,inventory_full,39.1909629423114,1,12,4
72,0.5,inventory_full,60.44389305792723,-1,19,9
73,0.5,inventory_full,54.531839767107044,-3,15,5
74,0.5,inventory_full,49.61303151609334,1,18,7
75,0.5,inventory_full,39.6171975561554,1,8,2
76,0.5,inventory_full,50.58124601495247,0,13,7
77,0.5,inventory_full,55.46130117874441,-4,15,5
78,0.5,inventory_full,49.43532503967316,-1,18,4
79,0.5,inventory_full,53.82473128751846,-2,10,4
80,0.5,inventory_full,46.683039157574186,1,15,4
81,0.5,inventory_full,46.98075327547525,-3,9,3
82,0.5,inventory_full,41.77614798630253,2,10,1
83,0.5,inventory_full,37.418355780166806,0,14,5
84,0.5,inventory_full,60.81885783455027,3,18,7
85,0.5,inventory_full,53.98529447374949,-1,20,9
86,0.5,inventory_full,54.782646145149045,5,10,4
87,0.5,inventory_full,47.083588346469014,3,10,5
88,0.5,inventory_full,56.894879822507164,2,21,8
89,0.5,inventory_full,49.60839566099692,0,14,8
90,0.5,inventory_full,60.81803617354646,-1,16,3
91,0.5,inventory_full,51.427118182295004,-2,14,2
92,0.5,inventory_full,49.3451382972799,3,17,7
93,0.5,inventory_full,63.94582073820149,3,11,3
94,0.5,inventory_full,45.09621843305645,0,13,5
95,0.5,inventory_full,47.926703531052624,3,12,5
96,0.5,inventory_full,48.60441764895381,-1,13,5
97,0.5,inventory_full,50.93049480070245,0,16,4
98,0.5,inventory_full,44.704018280673225,0,14,7
99,0.5,inventory_full,48.550282174815266,1,14,4
100,0.5,inventory_full,60.328678733638014,3,16,7
101,0.5,inventory_full,42.525505426211055,-2,13,8
102,0.5,inventory_full,55.98878738779655,-3,10,6
103,0.5,inventory_full,56.901573650853436,0,21,10
104,0.5,inventory_full,57.43845846626971,4,17,8
105,0.5,inventory_full,57.60350133112763,-2,18,9
106,0.5,inventory_full,42.695262234400246,-1,17,5
107,0.5,inventory_full,46.37776074238647,2,13,3
108,0.5,inventory_full,47.113147811732745,-1,14,5
109,0.5,inventory_full,41.07192678244843,-2,13,1
110,0.5,inventory_full,53.21067390161484,0,18,6
111,0.5,inventory_full,47.98872458252356,-3,14,7
112,0.5,inventory_full,46.383453808816625,2,17,4
113,0.5,inventory_full,48.50830993128122,0,12,5
114,0.5,inventory_full,47.5267188140146,1,14,6
115,0.5,inventory_full,43.421167926717715,2,11,4
116,0.5,inventory_full,45.90231086776714,-3,12,3
117,0.5,inventory_full,37.406155627783534,0,6,1
118,0.5,inventory_full,49.43838801951587,0,20,5
119,0.5,inventory_full,44.97117556819862,0,10,2
120,0.5,inventory_full,58.745294473749425,-1,19,5
121,0.5,inventory_full,48.44798100975453,-1,11,3
122,0.5,inventory_full,48.404267828339414,0,16,2
123,0.5,inventory_full,48.51061873782285,-2,12,4
124,0.5,inventory_full,55.97326578079765,-1,20,11
125,0.5,inventory_full,44.9830467990551,1,17,5
126,0.5,inventory_full,37.448127871317695,3,14,6
127,0.5,inventory_full,51.272702594566795,-2,17,6
128,0.5,inventory_full,52.338466107750605,0,17,7
129,0.5,inventory_full,48.19271787752854,-2,9,5
130,0.5,inventory_full,56.93772253498179,-4,18,8
131,0.5,inventory_full,53.6499379703269,0,13,6
132,0.5,inventory_full,53.75668060660982,1,11,4
133,0.5,inventory_full,43.16664072577976,3,15,3
134,0.5,inventory_full,35.0676274903596,2,7,1
135,0.5,inventory_full,64.43654902800847,-1,16,2
136,0.5,inventory_full,42.54012599834573,-1,13,7
137,0.5,inventory_full,50.22303151609327,-3,10,3
138,0.5,inventory_full,45.70052536662632,2,12,5
139,0.5,inventory_full,40.64508313348779,-1,13,6
140,0.5,inventory_full,47.65978179385722,0,16,4
141,0.5,inventory_full,43.3572756443902,-1,15,5
142,0.5,inventory_full,52.676859707522155,1,15,7
143,0.5,inventory_full,49.06261686485095,-2,14,4
144,0.5,inventory_full,42.13581142329497,1,8,4
145,0.5,inventory_full,51.502616864851035,-2,12,6
146,0.5,inventory_full,48.93230322628628,-1,13,6
147,0.5,inventory_full,50.90881031223927,3,14,8
148,0.5,inventory_full,53.6777225349818,-2,17,11
149,0.5,inventory_full,51.18903057960745,-2,19,6
150,0.5,inventory_full,48.473438525854704,-2,18,7
151,0.5,inventory_full,34.99332055678984,0,13,4
152,0.5,inventory_full,43.57549014324928,-2,10,4
153,0.5,inventory_full,49.034503378669356,1,11,3
154,0.5,inventory_full,54.44393890681282,1,13,5
155,0.5,inventory_full,54.473744522938546,1,13,4
156,0.5,inventory_full,45.85248996867949,3,12,5
157,0.5,inventory_full,54.23993797032688,2,16,4
158,0.5,inventory_full,46.2357884988522,1,13,6
159,0.5,inventory_full,51.94700952813642,-2,12,5
160,0.5,inventory_full,46.928496673674374,0,14,5
161,0.5,inventory_full,51.57448809570758,-3,15,5
162,0.5,inventory_full,48.1848246587151,0,14,5
163,0.5,inventory_full,50.989452872330645,1,11,5
164,0.5,inventory_full,56.8131019628472,1,11,4
165,0.5,inventory_full,53.34585894560607,1,11,4
166,0.5,inventory_full,45.52515358024175,-3,13,5
167,0.5,inventory_full,48.77578849885228,1,12,7
168,0.5,inventory_full,46.13386846005892,1,13,5
169,0.5,inventory_full,44.55061873782293,0,12,4
170,0.5,inventory_full,56.0287873877964,-3,12,1
171,0.5,inventory_full,44.625161221722735,1,15,7
172,0.5,inventory_full,47.55281124872516,-4,13,2
173,0.5,inventory_full,55.174174457142726,4,14,5
174,0.5,inventory_full,55.47035262156922,1,18,7
175,0.5,inventory_full,56.709186756076974,-4,16,8
176,0.5,inventory_full,55.227737817943506,0,18,8
177,0.5,inventory_full,52.28984459913016,2,20,8
178,0.5,inventory_full,52.03251585217339,2,17,4
179,0.5,inventory_full,48.563039157574224,1,12,4
180,0.5,inventory_full,49.53889604195484,-1,12,4
181,0.5,inventory_full,44.56970370562249,-2,12,6
182,0.5,inventory_full,51.14838801951595,-4,16,7
183,0.5,inventory_full,41.38426147248413,-1,14,2
184,0.5,inventory_full,43.15581142329502,1,8,1
185,0.5,inventory_full,46.921246014952374,-4,15,7
186,0.5,inventory_full,45.3990535040502,0,10,3
187,0.5,inventory_full,44.38419738158565,0,13,4
188,0.5,inventory_full,47.93566160268078,0,13,5
189,0.5,inventory_full,38.03193442392944,-2,9,3
190,0.5,inventory_full,49.64091709342581,1,19,5
191,0.5,inventory_full,43.46809730539398,1,11,5
192,0.5,inventory_full,47.210940017868595,1,13,6
193,0.5,inventory_full,47.034002997711355,-2,14,5
194,0.5,inventory_full,49.74303915757406,-1,10,2
195,0.5,inventory_full,44.91882559520103,1,15,2
196,0.5,inventory_full,48.43545957732559,-2,16,7
197,0.5,inventory_full,46.9959675997646,1,14,4
198,0.5,inventory_full,46.48328234938515,0,15,5
199,0.5,inventory_full,41.625819064776024,1,11,6
200,0.5,inventory_full,56.493273422278634,-1,19,7
201,0.5,inventory_full,46.85353953853229,-2,18,6
202,0.5,inventory_full,52.899452872330684,1,18,6
203,0.5,inventory_full,59.143822611173405,1,17,8
204,0.5,inventory_full,50.98081608074824,-1,14,2
205,0.5,inventory_full,36.786663650222465,3,10,3
206,0.5,inventory_full,48.03491802991181,-2,12,4
207,0.5,inventory_full,49.802194572127746,-1,16,5
208,0.5,inventory_full,57.73073670688794,-2,16,9
209,0.5,inventory_full,53.17195138031667,2,20,8
210,0.5,inventory_full,44.068739865485284,1,10,2
211,0.5,inventory_full,42.87947579677348,1,12,6
212,0.5,inventory_full,51.95627359684846,2,14,6
213,0.5,inventory_full,50.19481701723427,2,12,5
214,0.5,inventory_full,49.01541841086981,-1,17,4
215,0.5,inventory_full,58.193101962847166,1,11,1
216,0.5,inventory_full,50.66092473490673,1,14,4
217,0.5,inventory_full,54.38983695764914,0,15,3
218,0.5,inventory_full,45.01695436434437,-2,17,7
219,0.5,inventory_full,51.19133174466816,2,13,5
220,0.5,inventory_full,46.718646494288805,3,8,3
221,0.5,inventory_full,43.842004870683354,0,8,5
222,0.5,inventory_full,49.41417445714278,0,14,4
223,0.5,inventory_full,58.41495791074195,2,18,7
224,0.5,inventory_full,48.3258818700489,1,12,3
225,0.5,inventory_full,39.12729092735211,-1,13,4
226,0.5,inventory_full,56.71960904880018,3,12,5
227,0.5,inventory_full,51.36101046462247,1,16,5
228,0.5,inventory_full,53.86245940275573,1,12,8
229,0.5,inventory_full,43.8906263793037,0,14,5
230,0.5,inventory_full,51.73260922336999,2,15,7
231,0.5,inventory_full,47.3557961403331,1,14,4
232,0.5,inventory_full,48.680188803618705,-1,15,6
233,0.5,inventory_full,49.166625442817804,3,16,4
234,0.5,inventory_full,51.28141747438383,0,15,7
235,0.5,inventory_full,56.37057288893732,2,17,10
236,0.5,inventory_full,50.1736817176656,-1,11,4
237,0.5,inventory_full,55.98910102636117,0,20,6
238,0.5,inventory_full,58.93033733860736,1,16,5
239,0.5,inventory_full,55.88870165808078,3,16,3
240,0.5,inventory_full,52.624895105468994,0,18,4
241,0.5,inventory_full,56.550565247456404,0,14,3
242,0.5,inventory_full,55.0953097567114,-3,17,7
243,0.5,inventory_full,67.3071504216442,0,15,5
244,0.5,inventory_full,48.54092473490665,1,10,3
245,0.5,inventory_full,53.49163774175196,-1,25,9
246,0.5,inventory_full,39.21738429854878,-3,10,4
247,0.5,inventory_full,50.3319743047597,0,10,4
248,0.5,inventory_full,48.57848903219356,0,14,7
249,0.5,inventory_full,47.29725271994744,-1,11,8
250,0.5,inventory_full,40.06696200582539,0,17,7
251,0.5,inventory_full,48.610375546011994,1,17,5
252,0.5,inventory_full,54.6451153728371,-1,18,8
253,0.5,inventory_full,57.8102439674106,-1,18,7
254,0.5,inventory_full,51.195138297279925,-1,9,3
255,0.5,inventory_full,45.75011071538388,1,14,4
256,0.5,inventory_full,52.29837273655406,0,18,6
257,0.5,inventory_full,55.856123776234085,-1,15,3
258,0.5,inventory_full,45.769553885008065,5,17,5
259,0.5,inventory_full,44.60263214781281,2,10,3
260,0.5,inventory_full,40.107290927352125,-1,6,1
261,0.5,inventory_full,46.608089663913006,-3,10,5
262,0.5,inventory_full,59.23634404360236,0,22,6
263,0.5,inventory_full,49.535874228568005,1,16,8
264,0.5,inventory_full,53.431809201183384,1,20,10
265,0.5,inventory_full,42.74043963691065,-2,11,2
266,0.5,inventory_full,46.82629652129121,0,10,3
267,0.5,inventory_full,55.70406580298436,-4,13,5
268,0.5,inventory_full,44.73218397159559,-2,19,6
269,0.5,inventory_full,50.84861592836501,-5,17,6
270,0.5,inventory_full,60.38390069940817,-1,20,6
271,0.5,inventory_full,51.546830427224165,4,12,4
272,0.5,inventory_full,41.8957180520984,5,11,5
273,0.5,inventory_full,44.476405175449685,2,13,6
274,0.5,inventory_full,52.13953860204634,-3,15,6
275,0.5,inventory_full,50.61449573718849,1,14,6
276,0.5,inventory_full,51.610681543095836,-4,20,12
277,0.5,inventory_full,42.9461250618598,0,13,5
278,0.5,inventory_full,48.70661015985604,1,14,5
279,0.5,inventory_full,51.34312488729,-3,15,4
280,0.5,inventory_full,48.805646319718846,-2,18,6
281,0.5,inventory_full,57.89130117874451,0,16,5
282,0.5,inventory_full,42.16411165186983,2,18,4
283,0.5,inventory_full,55.93195138031683,-2,13,6
284,0.5,inventory_full,43.8555682314842,2,15,9
285,0.5,inventory_full,57.286665323648066,1,17,7
286,0.5,inventory_full,51.97219457212776,-1,18,6
287,0.5,inventory_full,37.86721283911726,1,12,6
288,0.5,inventory_full,48.60922496348151,0,16,4
289,0.5,inventory_full,60.8527653998396,4,15,6
290,0.5,inventory_full,61.87845846626995,0,18,6
291,0.5,inventory_full,55.549616690281084,-1,15,6
292,0.5,inventory_full,47.358082022432015,1,18,5
293,0.5,inventory_full,55.43415917418088,0,16,5
294,0.5,inventory_full,57.12984459913022,0,13,7
295,0.5,inventory_full,39.96687627610967,2,15,5
296,0.5,inventory_full,50.327110540813976,-4,16,5
297,0.5,inventory_full,49.58018880361857,-1,15,7
298,0.5,inventory_full,49.33491802991159,-4,12,4
299,0.5,inventory_full,51.16937478409582,1,12,6
300,0.5,inventory_full,52.198160110666905,1,14,4
301,0.5,inventory_full,55.427730176462745,0,17,6
302,0.5,inventory_full,39.719498721216226,1,14,3
303,0.5,inventory_full,59.564214337972984,0,22,8
304,0.5,inventory_full,46.40905350405016,0,14,6
305,0.5,inventory_full,53.07293050341573,-1,11,1
306,0.5,inventory_full,32.4446209599345,-2,6,2
307,0.5,inventory_full,53.41415917418084,-2,18,4
308,0.5,inventory_full,41.87695436434444,-2,12,6
309,0.5,inventory_full,43.26108219700194,-2,12,2
310,0.5,inventory_full,46.3641040103889,0,12,6
311,0.5,inventory_full,49.17922496348157,2,16,6
312,0.5,inventory_full,45.72598288272643,1,19,7
313,0.5,inventory_full,50.24669588957171,1,15,4
314,0.5,inventory_full,44.716446341905396,-1,12,2
315,0.5,inventory_full,55.990344980088196,5,17,6
316,0.5,inventory_full,48.42165302471386,-3,12,4
317,0.5,inventory_full,38.584134576312636,0,14,3
318,0.5,inventory_full,42.115725693579236,-3,14,6
319,0.5,inventory_full,46.70111911878098,-5,18,8
320,0.5,inventory_full,52.20585894560614,-1,14,7
321,0.5,inventory_full,56.233407959930986,2,19,5
322,0.5,inventory_full,45.939247887924296,-4,12,6
323,0.5,inventory_full,60.78202946855157,-2,14,5
324,0.5,inventory_full,37.4176198488787,2,16,5
325,0.5,inventory_full,44.35517650468455,1,14,3
326,0.5,inventory_full,61.92715042164423,2,20,7
327,0.5,inventory_full,49.03198194624042,-4,19,6
328,0.5,inventory_full,42.40695436434447,2,11,6
329,0.5,inventory_full,57.142265018881574,5,15,5
330,0.5,inventory_full,51.47220221360871,-1,14,7
331,0.5,inventory_full,40.84031274073901,1,12,7
332,0.5,inventory_full,44.654104010389005,4,11,2
333,0.5,inventory_full,49.210181162137815,1,14,7
334,0.5,inventory_full,46.15621079157556,0,11,6
335,0.5,inventory_full,48.03009543242206,3,15,5
336,0.5,inventory_full,49.5705024421834,2,12,6
337,0.5,inventory_full,43.17076091695628,3,12,3
338,0.5,inventory_full,39.334777136404014,0,9,3
339,0.5,inventory_full,47.64482465871515,2,13,8
340,0.5,inventory_full,45.59832521424306,2,16,4
341,0.5,inventory_full,46.72548250176834,-2,11,5
342,0.5,inventory_full,36.197627490359594,2,17,5
343,0.5,inventory_full,47.143039157574236,1,8,6
344,0.5,inventory_full,45.89768265415155,0,8,4
345,0.5,inventory_full,44.647596924435845,-2,12,4
346,0.5,inventory_full,49.87261686485101,-4,16,3
347,0.5,inventory_full,48.63345380881654,-2,16,5
348,0.5,inventory_full,47.79116028523674,-2,12,5
349,0.5,inventory_full,45.41767501267066,4,16,4
350,0.5,inventory_full,56.353617626767004,4,16,5
351,0.5,inventory_full,47.74628887981021,0,15,6
352,0.5,inventory_full,41.330219369542306,-3,11,3
353,0.5,inventory_full,47.45606097096129,-1,15,6
354,0.5,inventory_full,45.93841094395869,0,13,7
355,0.5,inventory_full,37.62119849264138,-2,10,2
356,0.5,inventory_full,59.07520110255285,-3,13,7
357,0.5,inventory_full,46.35377508886235,1,19,4
358,0.5,inventory_full,46.9130391575743,-1,15,4
359,0.5,inventory_full,46.291253656433355,-2,14,7
360,0.5,inventory_full,49.947667371189766,0,14,6
361,0.5,inventory_full,49.14222513805143,1,10,4
362,0.5,inventory_full,50.5541668156618,-2,10,6
363,0.5,inventory_full,46.57052536662624,-2,10,7
364,0.5,inventory_full,60.92917911459605,2,24,9
365,0.5,inventory_full,45.86166066619472,1,12,5
366,0.5,inventory_full,46.440932376387735,-1,16,4
367,0.5,inventory_full,43.46493331287368,-2,13,7
368,0.5,inventory_full,45.845474860287425,2,13,8
369,0.5,inventory_full,39.117612207397684,-2,14,5
370,0.5,inventory_full,42.905075492006944,-1,8,3
371,0.5,inventory_full,35.47373520803217,3,14,5
372,0.5,inventory_full,53.637730176462725,0,14,3
373,0.5,inventory_full,52.161002823141644,-1,15,3
374,0.5,inventory_full,47.109154516727756,2,11,3
375,0.5,inventory_full,58.44432299213146,0,17,7
376,0.5,inventory_full,36.040384473118536,2,6,2
377,0.5,inventory_full,46.89094001786859,3,10,4
378,0.5,inventory_full,49.16588187004882,1,9,5
379,0.5,inventory_full,53.966781619287474,-1,18,6
380,0.5,inventory_full,58.540979898698765,1,13,6
381,0.5,inventory_full,60.19699424517462,0,17,6
382,0.5,inventory_full,53.62123073199052,2,8,4
383,0.5,inventory_full,50.887424179378684,-1,23,3
384,0.5,inventory_full,42.75938242557676,1,18,6
385,0.5,inventory_full,44.56801157567827,1,15,6
386,0.5,inventory_full,47.365982882726485,-1,14,6
387,0.5,inventory_full,60.48520110255282,-3,18,7
388,0.5,inventory_full,48.93271023604757,-2,14,4
389,0.5,inventory_full,43.585262234400204,-1,9,4
390,0.5,inventory_full,51.37133174466828,2,15,2
391,0.5,inventory_full,60.82348604816576,-2,20,6
392,0.5,inventory_full,48.36758928295495,0,15,7
393,0.5,inventory_full,45.833782730343216,-1,10,4
394,0.5,inventory_full,45.69611742037888,0,11,5
395,0.5,inventory_full,46.92620315009452,-2,22,5
396,0.5,inventory_full,40.33151213120607,-5,16,4
397,0.5,inventory_full,47.34295342785856,-1,15,7
398,0.5,inventory_full,49.59523166847646,-3,17,7
399,0.5,inventory_full,50.23353189705142,0,12,5
400,0.5,inventory_full,38.26152741416797,1,9,2
401,0.5,inventory_full,44.047768383867265,4,17,8
402,0.5,inventory_full,56.35910866784205,0,11,5
403,0.5,inventory_full,44.39231850924807,-3,16,6
404,0.5,inventory_full,47.401660666194914,3,15,7
405,0.5,inventory_full,45.919882806534844,0,10,2
406,0.5,inventory_full,59.70697132073178,-2,19,8
407,0.5,inventory_full,32.01709358442679,-2,11,5
408,0.5,inventory_full,53.17058053041828,0,17,5
409,0.5,inventory_full,51.88521638551475,3,15,8
410,0.5,inventory_full,46.890517725145344,2,14,4
411,0.5,inventory_full,52.321966663278516,-2,19,7
412,0.5,inventory_full,43.037275644390206,-1,14,5
413,0.5,inventory_full,50.65311724580903,-1,17,4
414,0.5,inventory_full,45.960525366626214,0,11,7
415,0.5,inventory_full,44.50159021944093,1,15,6
416,0.5,inventory_full,51.91547486028743,0,14,6
417,0.5,inventory_full,50.471324103187214,2,18,8
418,0.5,inventory_full,48.76061109634196,2,14,3
419,0.5,inventory_full,58.49770725201989,-2,17,8
420,0.5,inventory_full,42.82403356363507,0,12,7
421,0.5,inventory_full,37.27363419535456,-1,12,4
422,0.5,inventory_full,44.910398470454766,-3,18,7
423,0.5,inventory_full,45.66566160268073,0,15,2
424,0.5,inventory_full,53.71123073199067,4,15,4
425,0.5,inventory_full,45.16914687524684,2,17,6
426,0.5,inventory_full,59.59747170169004,-3,20,7
427,0.5,inventory_full,41.08296871082041,1,18,7
428,0.5,inventory_full,45.637361374105865,-1,11,4
429,0.5,inventory_full,56.667722534981735,0,18,8
430,0.5,inventory_full,58.417393613454976,-3,18,5
431,0.5,inventory_full,42.36686099314784,-2,15,8
432,0.5,inventory_full,41.09094765934954,1,17,6
433,0.5,inventory_full,45.769781793857206,0,16,5
434,0.5,inventory_full,45.01508313348785,-3,15,7
435,0.5,inventory_full,53.78628123832931,-2,14,5
436,0.5,inventory_full,51.77083900519109,1,10,2
437,0.5,inventory_full,56.209930328845985,0,17,7
438,0.5,inventory_full,44.176633084298814,1,13,3
439,0.5,inventory_full,48.41621079157554,0,13,6
440,0.5,inventory_full,51.84953860204642,1,19,7
441,0.5,inventory_full,46.140846646671946,-1,15,5
442,0.5,inventory_full,36.68194206541034,-2,9,5
443,0.5,inventory_full,57.241529087593506,-1,17,8
444,0.5,inventory_full,48.0012460149524,0,17,8
445,0.5,inventory_full,49.8519666632786,2,22,5
446,0.5,inventory_full,35.44268563817934,2,8,3
447,0.5,inventory_full,50.541002823141525,-3,28,10
448,0.5,inventory_full,47.68401063919214,-6,15,4
449,0.5,inventory_full,46.139382425576756,1,14,7
450,0.5,inventory_full,54.055387844946054,1,17,5
451,0.5,inventory_full,46.58166830767567,1,13,6
452,0.5,inventory_full,48.53441000747273,3,21,5
453,0.5,inventory_full,48.57449573718847,1,15,7
454,0.5,inventory_full,54.05983695764917,-2,19,8
455,0.5,inventory_full,48.59092473490671,-3,13,5
456,0.5,inventory_full,40.94411929335077,0,13,4
457,0.5,inventory_full,40.246147986302674,-2,11,5
458,0.5,inventory_full,50.663345154658074,0,16,6
459,0.5,inventory_full,43.08254641809714,-2,14,3
460,0.5,inventory_full,39.197526477682075,0,11,6
461,0.5,inventory_full,48.44051772514533,0,12,4
462,0.5,inventory_full,43.201590219440945,1,11,4
463,0.5,inventory_full,54.26394654829363,-3,13,6
464,0.5,inventory_full,43.9685195981173,-2,11,3
465,0.5,inventory_full,46.69158257795999,-3,16,7
466,0.5,inventory_full,49.98219457212764,3,16,6
467,0.5,inventory_full,45.29377508886233,1,17,6
468,0.5,inventory_full,49.46702481109827,-4,10,4
469,0.5,inventory_full,50.939766510895396,0,17,4
470,0.5,inventory_full,37.96752647768204,2,12,5
471,0.5,inventory_full,50.07481701723418,-2,18,4
472,0.5,inventory_full,56.782037110032405,-2,16,8
473,0.5,inventory_full,54.229108667842155,2,17,7
474,0.5,inventory_full,44.38978943533816,0,14,2
475,0.5,inventory_full,49.883267066423386,0,10,5
476,0.5,inventory_full,56.71878738779654,1,12,5
477,0.5,inventory_full,49.082624506331854,-2,14,5
478,0.5,inventory_full,49.314824658715125,0,15,4
479,0.5,inventory_full,47.04946815529246,5,17,5
480,0.5,inventory_full,62.14591410939812,3,16,8
481,0.5,inventory_full,51.02903057960735,0,14,8
482,0.5,inventory_full,50.06270259456666,0,12,7
483,0.5,inventory_full,49.508810312239305,1,12,5
484,0.5,inventory_full,45.87296106933945,-1,6,3
485,0.5,inventory_full,44.70377508886229,1,13,6
486,0.5,inventory_full,51.53661015985608,3,12,5
487,0.5,inventory_full,48.67198194624048,0,10,2
488,0.5,inventory_full,50.607737817943644,0,19,6
489,0.5,inventory_full,45.978097305394,1,15,5
490,0.5,inventory_full,53.79490274694989,0,12,4
491,0.5,inventory_full,51.47206003447525,0,18,7
492,0.5,inventory_full,48.70101810610322,-1,15,5
493,0.5,inventory_full,54.86268731160476,-2,14,5
494,0.5,inventory_full,47.87848903219353,2,17,6
495,0.5,inventory_full,50.32028217481533,1,9,5
496,0.5,inventory_full,53.886579593932254,-3,13,6
497,0.5,inventory_full,43.92232615072888,1,13,2
498,0.5,inventory_full,47.22848903219358,2,15,4
499,0.5,inventory_full,47.23890368343589,-1,14,4
500,0.5,inventory_full,38.922341433690804,3,12,5
501,0.5,inventory_full,47.07661780133691,-1,13,5
502,0.5,inventory_full,56.52461499187899,2,11,3
503,0.5,inventory_full,47.72021936954235,3,9,2
504,0.5,inventory_full,49.33458910838516,3,19,3
505,0.5,inventory_full,54.03530975671134,-3,17,4
506,0.5,inventory_full,45.543046799055105,-5,14,8
507,0.5,inventory_full,50.72164538323295,1,15,4
508,0.5,inventory_full,42.92979707681906,2,14,6
509,0.5,inventory_full,52.87267967012383,-2,17,6
510,0.5,inventory_full,49.58059581338017,-2,15,3
511,0.5,inventory_full,55.189930328846,-2,15,6
512,0.5,inventory_full,40.07046256135334,2,13,4
513,0.5,inventory_full,42.16201251216424,0,9,1
514,0.5,inventory_full,49.8222174965704,1,11,6
515,0.5,inventory_full,50.36863121132697,-1,10,4
516,0.5,inventory_full,48.02473128751849,0,9,3
517,0.5,inventory_full,44.25263214781279,2,14,5
518,0.5,inventory_full,40.149820001261844,-2,12,2
519,0.5,inventory_full,51.53375216441947,1,15,4
520,0.5,inventory_full,45.234331919238,1,8,2
521,0.5,inventory_full,59.619280127273555,2,19,11
522,0.5,inventory_full,51.738059097989236,1,24,5
523,0.5,inventory_full,40.804347202199864,1,18,6
524,0.5,inventory_full,40.28866177725057,1,9,4
525,0.5,inventory_full,51.970603454861035,0,13,6
526,0.5,inventory_full,41.18232615072897,1,18,5
527,0.5,inventory_full,47.79468247958175,3,19,8
528,0.5,inventory_full,49.555552948522234,4,15,5
529,0.5,inventory_full,54.06415917418097,0,14,5
530,0.5,inventory_full,68.07012003029047,3,16,6
531,0.5,inventory_full,46.83116028523668,0,14,8
532,0.5,inventory_full,49.16767501267057,0,13,4
533,0.5,inventory_full,60.77316476812011,1,24,11
534,0.5,inventory_full,44.55158257795996,1,14,6
535,0.5,inventory_full,45.49791056300066,-1,19,3
536,0.5,inventory_full,54.348388019515895,0,11,4
537,0.5,inventory_full,44.82001734418725,-3,17,9
538,0.5,inventory_full,67.93388541644632,1,18,5
539,0.5,inventory_full,44.57043963691055,0,15,6
540,0.5,inventory_full,40.19118320967952,0,8,2
541,0.5,inventory_full,54.02594467532188,-1,10,4
542,0.5,inventory_full,45.563868460058984,1,15,5
543,0.5,inventory_full,45.18473892899941,0,18,6
544,0.5,inventory_full,28.709264456511832,1,9,3
545,0.5,inventory_full,47.352546418097006,4,13,5
546,0.5,inventory_full,41.076640725779725,-1,11,9
547,0.5,inventory_full,51.739673139698766,-6,13,8
548,0.5,inventory_full,45.54515358024179,1,15,4
549,0.5,inventory_full,42.15191149948657,2,9,4
550,0.5,inventory_full,57.873000950169626,-3,13,8
551,0.5,inventory_full,54.06960904880016,1,14,4
552,0.5,inventory_full,45.912781968427055,-3,10,1
553,0.5,inventory_full,50.816516788659385,-1,14,4
554,0.5,inventory_full,40.86160550240277,3,10,2
555,0.5,inventory_full,48.405145938760825,-1,16,7
556,0.5,inventory_full,63.16242883683202,1,22,7
557,0.5,inventory_full,45.83355482149415,-2,10,3
558,0.5,inventory_full,54.03227266036254,-3,15,5
559,0.5,inventory_full,57.116273596848444,0,14,5
560,0.5,inventory_full,43.93873986548539,-1,16,5
561,0.5,inventory_full,62.47264910420023,-4,17,8
562,0.5,inventory_full,45.83694672286353,-2,10,2
563,0.5,inventory_full,37.23689155907154,0,14,5
564,0.5,inventory_full,45.818732224004336,1,14,5
565,0.5,inventory_full,49.83343852585489,2,15,4
566,0.5,inventory_full,49.06358834646903,-1,16,7
567,0.5,inventory_full,54.76383789413521,-1,13,5
568,0.5,inventory_full,56.31562339527605,0,17,6
569,0.5,inventory_full,45.21556059000318,0,16,6
570,0.5,inventory_full,44.74589715301076,-1,15,3
571,0.5,inventory_full,46.20092473490678,-1,15,4
572,0.5,inventory_full,59.27982167468737,0,19,8
573,0.5,inventory_full,50.59058817189914,0,21,6
574,0.5,inventory_full,49.29091709342583,-1,15,5
575,0.5,inventory_full,41.96256170105893,0,4,2
576,0.5,inventory_full,42.026876276109704,2,13,5
577,0.5,inventory_full,53.67838801951598,-2,13,7
578,0.5,inventory_full,38.953626553873676,-1,9,3
579,0.5,inventory_full,36.44194206541033,2,6,4
580,0.5,inventory_full,41.86979707681908,2,13,7
581,0.5,inventory_full,47.60757399999312,2,17,6
582,0.5,inventory_full,54.700352621569095,1,15,5
583,0.5,inventory_full,55.84749462613263,-3,21,7
584,0.5,inventory_full,58.19267967012388,-2,16,4
585,0.5,inventory_full,55.5785594789474,2,14,3
586,0.5,inventory_full,55.674244903896664,2,19,8
587,0.5,inventory_full,45.54116792671773,0,13,8
588,0.5,inventory_full,45.06566160268065,2,18,7
589,0.5,inventory_full,45.245083133487896,-1,10,6
590,0.5,inventory_full,34.48249889578602,2,7,3
591,0.5,inventory_full,50.201645383233,-1,13,5
592,0.5,inventory_full,46.76986752357297,0,14,4
593,0.5,inventory_full,49.006203150094535,0,15,6
594,0.5,inventory_full,44.664111651869845,0,14,4
595,0.5,inventory_full,51.57530975671136,-3,18,7
596,0.5,inventory_full,52.91782354765921,0,21,6
597,0.5,inventory_full,46.178317572762126,-2,9,5
598,0.5,inventory_full,41.31453394459308,-1,9,4
599,0.5,inventory_full,51.75344616733571,2,11,3
600,0.5,inventory_full,50.142295584805225,1,13,4
601,0.5,inventory_full,52.345866587087016,-1,13,7
602,0.5,inventory_full,56.04171582998681,1,18,8
603,0.5,inventory_full,52.91548885762376,-3,15,4
604,0.5,inventory_full,57.075309756711334,1,15,8
605,0.5,inventory_full,49.43376744738137,1,9,4
606,0.5,inventory_full,61.771293537263546,-2,18,5
607,0.5,inventory_full,44.540125998345786,-3,14,3
608,0.5,inventory_full,56.43521638551471,5,15,6
609,0.5,inventory_full,52.4235242555704,0,17,5
610,0.5,inventory_full,57.94202946855165,-2,15,5
611,0.5,inventory_full,38.01890496906158,0,10,3
612,0.5,inventory_full,39.98591243597261,1,8,3
613,0.5,inventory_full,51.866516788659396,-3,23,8
614,0.5,inventory_full,46.21336043761994,-2,13,5
615,0.5,inventory_full,55.43423726241562,0,16,6
616,0.5,inventory_full,47.43823184304637,-4,10,7
617,0.5,inventory_full,40.20939770853849,-1,15,1
618,0.5,inventory_full,41.455404413533614,0,15,6
619,0.5,inventory_full,53.96333751317718,-2,12,2
620,0.5,inventory_full,47.34545957732564,2,16,7
621,0.5,inventory_full,49.44620315009456,2,17,8
622,0.5,inventory_full,45.80776838386737,-2,20,8
623,0.5,inventory_full,41.96485522463888,2,12,4
624,0.5,inventory_full,49.72783883062118,4,12,5
625,0.5,inventory_full,50.01417445714276,-2,15,3
626,0.5,inventory_full,46.99271787752855,0,15,4
627,0.5,inventory_full,44.373274707904216,2,17,5
628,0.5,inventory_full,45.80758928295495,0,14,6
629,0.5,inventory_full,48.77839566099681,2,15,5
630,0.5,inventory_full,37.81289826406653,1,7,1
631,0.5,inventory_full,59.81349368964675,4,17,7
632,0.5,inventory_full,42.242427163406546,-3,13,8
633,0.5,inventory_full,49.775130655798904,3,15,5
634,0.5,inventory_full,56.37245940275574,3,18,8
635,0.5,inventory_full,57.70601512207571,-3,17,2
636,0.5,inventory_full,51.93293050341566,-3,14,4
637,0.5,inventory_full,37.47794877040525,-1,8,3
638,0.5,inventory_full,45.94286005666186,3,15,4
639,0.5,inventory_full,47.93978179385725,0,13,4
640,0.5,inventory_full,49.76196666327861,0,22,9
641,0.5,inventory_full,44.24254641809705,-2,14,5
642,0.5,inventory_full,48.445145938760916,1,13,4
643,0.5,inventory_full,49.8820753174372,0,13,3
644,0.5,inventory_full,57.19213048122903,0,19,8
645,0.5,inventory_full,45.3174394623407,-1,20,7
646,0.5,inventory_full,43.508003934197376,-1,15,3
647,0.5,inventory_full,54.147595638810174,-3,20,7
648,0.5,inventory_full,42.69168359063758,1,13,2
649,0.5,inventory_full,43.977268002909284,-3,15,4
650,0.5,inventory_full,57.242765399839655,0,17,7
651,0.5,inventory_full,54.43425254537755,2,17,7
652,0.5,inventory_full,45.14694672286356,-2,19,8
653,0.5,inventory_full,44.51314781173275,-1,18,6
654,0.5,inventory_full,41.52784011624678,3,12,6
655,0.5,inventory_full,56.83065861865316,0,19,8
656,0.5,inventory_full,48.0623889560018,-1,14,5
657,0.5,inventory_full,51.826273596848424,0,20,8
658,0.5,inventory_full,45.78916215820868,-2,10,3
659,0.5,inventory_full,40.585632322382594,-1,10,1
660,0.5,inventory_full,48.67028217481533,-3,19,4
661,0.5,inventory_full,44.51328999086611,0,9,4
662,0.5,inventory_full,54.63375216441949,3,16,4
663,0.5,inventory_full,52.4455453070413,2,14,6
664,0.5,inventory_full,52.3953097567113,1,15,7
665,0.5,inventory_full,41.38077619991806,1,14,5
666,0.5,inventory_full,50.48986752357297,2,12,1
667,0.5,inventory_full,46.614518661631266,1,16,8
668,0.5,inventory_full,48.10513829727995,-3,17,4
669,0.5,inventory_full,49.57123073199051,2,18,4
670,0.5,inventory_full,52.30521638551474,1,15,4
671,0.5,inventory_full,46.56597524124555,1,12,4
672,0.5,inventory_full,45.47368171766561,1,19,8
673,0.5,inventory_full,39.27299163526318,1,6,1
674,0.5,inventory_full,44.74370464210838,-1,14,4
675,0.5,inventory_full,52.65880267075825,1,21,9
676,0.5,inventory_full,46.63872458252354,-1,21,7
677,0.5,inventory_full,49.25776074238638,4,19,8
678,0.5,inventory_full,51.254488095707586,-1,18,5
679,0.5,inventory_full,51.382795965763336,0,11,5
680,0.5,inventory_full,54.216273596848396,2,13,5
681,0.5,inventory_full,42.07103338906519,1,17,5
682,0.5,inventory_full,44.88125365643339,2,17,6
683,0.5,inventory_full,50.191974304759455,0,12,6
684,0.5,inventory_full,52.81562339527615,0,16,6
685,0.5,inventory_full,50.76472364603751,2,13,8
686,0.5,inventory_full,55.32245176127486,1,15,4
687,0.5,inventory_full,45.58296106933952,1,12,4
688,0.5,inventory_full,53.35310960432804,1,16,10
689,0.5,inventory_full,49.28523930995749,-3,16,5
690,0.5,inventory_full,44.32653971310211,-1,16,7
691,0.5,inventory_full,48.484589108385165,1,14,3
692,0.5,inventory_full,41.70371228358937,3,14,4
693,0.5,inventory_full,48.69197430475957,0,12,4
694,0.5,inventory_full,43.41053300810718,0,13,7
695,0.5,inventory_full,45.31189621652476,4,12,3
696,0.5,inventory_full,41.72979707681907,-2,17,5
697,0.5,inventory_full,41.95589715301077,1,22,7
698,0.5,inventory_full,49.6647236460376,2,16,7
699,0.5,inventory_full,42.741926782448445,-2,17,6
700,0.5,inventory_full,40.01215469129761,-3,10,4
701,0.5,inventory_full,43.03411165186981,2,13,6
702,0.5,inventory_full,51.26311724580907,-1,13,5
703,0.5,inventory_full,44.38126129791425,-2,12,6
704,0.5,inventory_full,51.7692173220006,2,15,5
705,0.5,inventory_full,52.67942994788774,3,20,5
706,0.5,inventory_full,55.314472812745606,1,23,4
707,0.5,inventory_full,59.803713957014935,-1,23,8
708,0.5,inventory_full,51.41279596576334,-2,14,7
709,0.5,inventory_full,48.101660666194846,-1,11,2
710,0.5,inventory_full,56.78886547603122,-1,17,8
711,0.5,inventory_full,54.76405816150344,2,15,5
712,0.5,inventory_full,55.57585894560606,-5,15,5
713,0.5,inventory_full,53.60585894560603,3,18,5
714,0.5,inventory_full,49.42134702763002,-4,13,5
715,0.5,inventory_full,37.07859133049669,1,17,2
716,0.5,inventory_full,53.05678161928756,-3,11,5
717,0.5,inventory_full,38.22281253435085,3,8,3
718,0.5,inventory_full,49.64586658708711,1,16,3
719,0.5,inventory_full,53.32384553561617,1,17,7
720,0.5,inventory_full,44.08784011624681,-1,15,4
721,0.5,inventory_full,55.38742417937888,1,15,3
722,0.5,inventory_full,38.83109747996383,-2,12,4
723,0.5,inventory_full,45.47965489768575,3,14,5
724,0.5,inventory_full,52.16535856464802,0,14,5
725,0.5,inventory_full,42.38305444053607,1,14,4
726,0.5,inventory_full,46.12272551900949,0,12,5
727,0.5,inventory_full,61.28900001368356,2,19,3
728,0.5,inventory_full,52.05806673947032,-1,17,7
729,0.5,inventory_full,47.51051008366444,0,14,2
730,0.5,inventory_full,44.90548250176829,0,8,5
731,0.5,inventory_full,51.23366643470382,1,16,5
732,0.5,inventory_full,49.581238373471436,0,17,6
733,0.5,inventory_full,44.4102117280615,1,10,4
734,0.5,inventory_full,43.820118356864896,1,10,2
735,0.5,inventory_full,54.71805145650842,-1,14,4
736,0.5,inventory_full,43.324025922154135,2,14,6
737,0.5,inventory_full,55.935294473749465,1,20,10
738,0.5,inventory_full,39.46119085116048,0,12,5
739,0.5,inventory_full,50.02376744738132,3,15,8
740,0.5,inventory_full,47.377996292716375,3,13,2
741,0.5,inventory_full,46.123461450297555,0,14,4
742,0.5,inventory_full,54.3009798986988,1,18,6
743,0.5,inventory_full,50.74701716961738,2,13,3
744,0.5,inventory_full,38.513069723498035,1,15,4
745,0.5,inventory_full,37.76509841644963,-1,16,4
746,0.5,inventory_full,40.84297635230138,3,12,4
747,0.5,inventory_full,54.57658723541317,-1,16,7
748,0.5,inventory_full,50.710588171899104,0,18,5
749,0.5,inventory_full,47.636931439901744,0,17,9
750,0.5,inventory_full,54.42260158188907,-4,18,6
751,0.5,inventory_full,55.789101026361266,0,15,6
752,0.5,inventory_full,54.4121304812291,0,19,5
753,0.5,inventory_full,43.34085428815291,-3,8,5
754,0.5,inventory_full,42.90119085116041,0,10,5
755,0.5,inventory_full,39.18119085116035,2,18,5
756,0.5,inventory_full,50.17376744738144,-1,14,4
757,0.5,inventory_full,53.210259250372474,-1,13,6
758,0.5,inventory_full,41.890540649588104,2,12,3
759,0.5,inventory_full,53.14935950113403,-1,16,5
760,0.5,inventory_full,46.13799629271631,-1,16,6
761,0.5,inventory_full,56.450658618652966,0,15,7
762,0.5,inventory_full,33.5836494783165,1,9,3
763,0.5,inventory_full,45.53758164147399,2,15,5
764,0.5,inventory_full,48.07725271994741,1,12,3
765,0.5,inventory_full,44.387275644390215,1,12,2
766,0.5,inventory_full,57.67740889641709,-1,12,6
767,0.5,inventory_full,53.71250821069239,0,12,5
768,0.5,inventory_full,39.02036154867571,0,11,4
769,0.5,inventory_full,43.97222513805136,3,11,6
770,0.5,inventory_full,51.27545957732566,0,12,5
771,0.5,inventory_full,42.688418585439734,0,16,4
772,0.5,inventory_full,41.575490143249354,0,16,7
773,0.5,inventory_full,48.612075317437146,0,14,5
774,0.5,inventory_full,47.480517725145205,0,14,5
775,0.5,inventory_full,42.32117556819867,-2,14,7
776,0.5,inventory_full,43.73801157567817,-1,17,6
777,0.5,inventory_full,41.37655499606399,-3,11,4
778,0.5,inventory_full,46.000196445099505,-3,10,5
779,0.5,inventory_full,50.85343088437381,-2,17,5
780,0.5,inventory_full,57.57422962093473,0,17,5
781,0.5,inventory_full,41.607275644390185,1,13,1
782,0.5,inventory_full,54.99814482770495,-3,15,7
783,0.5,inventory_full,45.45020408658053,-1,13,7
784,0.5,inventory_full,49.563446167335655,2,15,6
785,0.5,inventory_full,56.57130117874448,0,19,10
786,0.5,inventory_full,45.748638852807744,-1,14,5
787,0.5,inventory_full,44.4048399416769,-2,14,3
788,0.5,inventory_full,69.21542008429526,-3,20,8
789,0.5,inventory_full,42.34979707681913,-2,15,2
790,0.5,inventory_full,63.05072142392585,0,21,6
791,0.5,inventory_full,49.84100282314151,-1,17,5
792,0.5,inventory_full,48.791880933563135,0,13,6
793,0.5,inventory_full,49.86367407618468,1,10,2
794,0.5,inventory_full,56.45675869484461,1,23,5
795,0.5,inventory_full,50.1459599582837,5,13,5
796,0.5,inventory_full,52.71393890681276,-3,19,6
797,0.5,inventory_full,52.5042601868585,0,13,5
798,0.5,inventory_full,45.71638989248794,-2,13,5
799,0.5,inventory_full,55.836366968045155,0,16,7
800,0.5,inventory_full,47.9391392337659,-4,13,5
801,0.5,inventory_full,41.63022701102335,3,11,5
802,0.5,inventory_full,53.06783118914038,0,16,6
803,0.5,inventory_full,40.98086192963375,1,16,4
804,0.5,inventory_full,49.01670353105271,-1,14,6
805,0.5,inventory_full,37.66615562778355,-2,9,3
806,0.5,inventory_full,48.67903822108819,0,14,6
807,0.5,inventory_full,48.67661015985601,1,12,7
808,0.5,inventory_full,45.09084664667195,1,9,3
809,0.5,inventory_full,54.37708761637134,-2,16,3
810,0.5,inventory_full,39.75834813868573,0,9,5
811,0.5,inventory_full,49.75010307390295,3,14,4
812,0.5,inventory_full,56.7570799748903,-2,22,6
813,0.5,inventory_full,49.48375980590043,-1,15,5
814,0.5,inventory_full,46.11313252877085,-3,18,6
815,0.5,inventory_full,49.160188803618695,1,15,4
816,0.5,inventory_full,43.833375720581785,2,17,7
817,0.5,inventory_full,45.14613270334078,-2,8,3
818,0.5,inventory_full,45.96652443014031,-1,14,5
819,0.5,inventory_full,41.72857604753494,-1,8,1
820,0.5,inventory_full,48.2773537326249,-1,17,8
821,0.5,inventory_full,46.384596749866006,1,18,8
822,0.5,inventory_full,51.736045687999365,3,15,7
823,0.5,inventory_full,50.73536620612896,2,15,5
824,0.5,inventory_full,57.89213812271005,0,16,8
825,0.5,inventory_full,41.14981235978098,0,14,4
826,0.5,inventory_full,57.23415917418093,0,13,6
827,0.5,inventory_full,47.51442529043469,1,11,2
828,0.5,inventory_full,56.954151532699996,2,19,8
829,0.5,inventory_full,50.52840330247787,-2,21,8
830,0.5,inventory_full,48.10482465871513,2,12,3
831,0.5,inventory_full,46.58832521424296,-2,12,4
832,0.5,inventory_full,36.53217761574028,1,8,2
833,0.5,inventory_full,38.73615562778356,0,14,6
834,0.5,inventory_full,40.18256934253989,-2,9,3
835,0.5,inventory_full,49.845967599764606,-3,11,2
836,0.5,inventory_full,48.80261686485099,0,13,4
837,0.5,inventory_full,51.09426018685849,-2,19,5
838,0.5,inventory_full,38.179177441170566,2,10,3
839,0.5,inventory_full,55.35740889641704,3,12,4
840,0.5,inventory_full,42.15773910356927,-5,15,5
841,0.5,inventory_full,52.61732316670128,-1,12,5
842,0.5,inventory_full,47.584088727426945,2,14,9
843,0.5,inventory_full,51.73943758936878,-3,17,9
844,0.5,inventory_full,46.31588951152969,1,14,6
845,0.5,inventory_full,43.1512612979143,0,11,3
846,0.5,inventory_full,43.98832521424302,2,19,4
847,0.5,inventory_full,53.27480173427233,2,17,7
848,0.5,inventory_full,45.20662544281777,1,12,1
849,0.5,inventory_full,43.50979707681914,0,15,5
850,0.5,inventory_full,47.862396597482814,1,11,1
851,0.5,inventory_full,46.59704009406016,-2,19,9
852,0.5,inventory_full,35.60511369941162,3,14,5
853,0.5,inventory_full,44.13842622692056,-2,12,6
854,0.5,inventory_full,56.449609048800255,1,22,8
855,0.5,inventory_full,48.73904586256924,4,14,8
856,0.5,inventory_full,44.52694672286353,-2,17,6
857,0.5,inventory_full,44.290932376387616,1,12,5
858,0.5,inventory_full,41.919068787012066,-2,13,3
859,0.5,inventory_full,40.160040268629984,-1,12,6
860,0.5,inventory_full,39.22972663006533,2,18,2
861,0.5,inventory_full,50.190595813380185,-2,11,5
862,0.5,inventory_full,57.82487218102621,0,18,6
863,0.5,inventory_full,48.73693908138257,0,13,5
864,0.5,inventory_full,45.094604391347005,1,17,3
865,0.5,inventory_full,52.248795029277304,1,18,8
866,0.5,inventory_full,49.25733844966311,-1,17,7
867,0.5,inventory_full,44.5354825017684,0,17,5
868,0.5,inventory_full,50.66408108594618,0,11,3
869,0.5,inventory_full,43.92053300810721,2,10,5
870,0.5,inventory_full,56.916022763556555,-3,18,8
871,0.5,inventory_full,39.48632708721493,4,13,4
872,0.5,inventory_full,46.415568231484045,0,10,2
873,0.5,inventory_full,38.08903526203716,1,20,6
874,0.5,inventory_full,38.609812359780975,0,14,2
875,0.5,inventory_full,49.93523166847653,1,13,5
876,0.5,inventory_full,45.95083900519103,-1,14,8
877,0.5,inventory_full,48.778388019516,0,21,9
878,0.5,inventory_full,50.88554530704134,0,15,7
879,0.5,inventory_full,56.12434591657427,4,16,7
880,0.5,inventory_full,49.385130655799,-1,11,5
881,0.5,inventory_full,40.27655499606388,3,17,5
882,0.5,inventory_full,45.21085428815286,-1,9,5
883,0.5,inventory_full,51.80595231680269,-1,17,8
884,0.5,inventory_full,39.75964090034955,0,10,4
885,0.5,inventory_full,45.44907642849299,0,10,5
886,0.5,inventory_full,48.67271023604758,2,18,6
887,0.5,inventory_full,47.25685335166693,0,17,4
888,0.5,inventory_full,48.51922496348163,4,14,5
889,0.5,inventory_full,53.32951567760361,1,20,10
890,0.5,inventory_full,54.503651151741906,-1,16,6
891,0.5,inventory_full,48.35588951152977,-1,12,4
892,0.5,inventory_full,47.777118182294956,0,14,4
893,0.5,inventory_full,53.98775310090541,0,15,9
894,0.5,inventory_full,44.87801157567827,1,10,2
895,0.5,inventory_full,50.41504492608331,-1,13,8
896,0.5,inventory_full,51.52261686485093,-4,14,4
897,0.5,inventory_full,51.21278832428237,2,15,7
898,0.5,inventory_full,50.62953860204638,1,11,5
899,0.5,inventory_full,42.33834049720497,2,9,1
900,0.5,inventory_full,51.54985224061119,-4,16,5
901,0.5,inventory_full,55.40815246918589,-1,20,7
902,0.5,inventory_full,47.40840330247778,2,11,6
903,0.5,inventory_full,48.45954624352726,3,19,7
904,0.5,inventory_full,55.48993797032681,0,16,8
905,0.5,inventory_full,38.10866941873152,-1,12,2
906,0.5,inventory_full,40.083476733259445,0,10,4
907,0.5,inventory_full,45.721362310591815,-2,18,4
908,0.5,inventory_full,44.87240423896378,-3,13,7
909,0.5,inventory_full,55.15383789413522,-1,13,4
910,0.5,inventory_full,44.227690295632556,2,13,2
911,0.5,inventory_full,47.524182098623726,-2,20,4
912,0.5,inventory_full,48.44661780133697,1,11,3
913,0.5,inventory_full,48.076296521291226,2,11,4
914,0.5,inventory_full,41.62014892278853,-1,8,1
915,0.5,inventory_full,41.49655499606399,5,9,2
916,0.5,inventory_full,54.61035262156912,1,14,3
917,0.5,inventory_full,37.182677996698374,-2,9,3
918,0.5,inventory_full,45.43231086776713,1,21,5
919,0.5,inventory_full,42.93686099314783,0,11,4
920,0.5,inventory_full,56.011308820225395,0,16,7
921,0.5,inventory_full,54.745325039673205,1,14,5
922,0.5,inventory_full,51.131653024713856,1,16,6
923,0.5,inventory_full,42.17540441353361,2,15,3
924,0.5,inventory_full,45.07808966391298,-1,15,7
925,0.5,inventory_full,51.784573825423365,3,17,8
926,0.5,inventory_full,45.31631180425302,-4,14,3
927,0.5,inventory_full,46.05767501267064,0,13,7
928,0.5,inventory_full,45.86955388500817,1,15,7
929,0.5,inventory_full,41.731919140967534,0,11,5
930,0.5,inventory_full,48.007768383867415,0,13,7
931,0.5,inventory_full,35.63804214160196,1,8,6
932,0.5,inventory_full,48.98556823148414,0,7,2
933,0.5,inventory_full,55.889344218172155,1,14,3
934,0.5,inventory_full,43.652639789293744,0,13,5
935,0.5,inventory_full,54.187408896417026,-3,14,6
936,0.5,inventory_full,48.83987516505388,0,15,8
937,0.5,inventory_full,56.25992268736496,0,18,7
938,0.5,inventory_full,58.3205805304182,0,18,4
939,0.5,inventory_full,44.255168863203664,-3,15,2
940,0.5,inventory_full,49.54461203282787,3,9,4
941,0.5,inventory_full,40.52183341125192,2,13,4
942,0.5,inventory_full,47.578410943958644,0,14,6
943,0.5,inventory_full,46.44125365643333,-4,13,4
944,0.5,inventory_full,43.08948343825432,-3,15,5
945,0.5,inventory_full,48.656711172533505,-1,17,7
946,0.5,inventory_full,43.83924788792439,-2,19,6
947,0.5,inventory_full,38.505419696495466,0,12,4
948,0.5,inventory_full,48.88891132491676,1,15,2
949,0.5,inventory_full,53.728302289800155,0,13,4
950,0.5,inventory_full,54.1770018866556,-2,19,0
951,0.5,inventory_full,56.40088652750214,1,16,5
952,0.5,inventory_full,40.22739194002958,-1,9,5
953,0.5,inventory_full,57.178645208663,-2,15,7
954,0.5,inventory_full,33.53607753954874,0,10,5
955,0.5,inventory_full,42.95791820448156,3,16,3
956,0.5,inventory_full,52.160188803618595,1,14,4
957,0.5,inventory_full,41.08421266454735,2,12,4
958,0.5,inventory_full,45.21231086776706,1,11,5
959,0.5,inventory_full,50.78018116213768,1,12,3
960,0.5,inventory_full,45.86850431515538,0,13,4
961,0.5,inventory_full,45.171683590637656,1,9,6
962,0.5,inventory_full,54.94856712042835,2,14,4
963,0.5,inventory_full,54.7482381989017,1,12,6
964,0.5,inventory_full,55.15603804651863,1,16,5
965,0.5,inventory_full,45.149154516727734,0,16,5
966,0.5,inventory_full,43.73378273034325,-3,13,6
967,0.5,inventory_full,49.56091709342573,3,15,5
968,0.5,inventory_full,50.87701716961732,2,17,6
969,0.5,inventory_full,44.33232615072892,1,16,4
970,0.5,inventory_full,46.01253877661618,0,18,7
971,0.5,inventory_full,49.31628887981023,0,18,8
972,0.5,inventory_full,49.412725519009385,0,14,5
973,0.5,inventory_full,40.91760456591679,0,13,7
974,0.5,inventory_full,53.88457382542336,1,17,11
975,0.5,inventory_full,63.835271549306725,1,20,11
976,0.5,inventory_full,53.77903057960728,2,11,5
977,0.5,inventory_full,49.20239659748279,-3,12,4
978,0.5,inventory_full,53.01514593876075,1,13,6
979,0.5,inventory_full,55.81910102636118,4,18,8
980,0.5,inventory_full,45.34474657048031,0,10,4
981,0.5,inventory_full,53.365545307041316,-2,16,4
982,0.5,inventory_full,50.69090945194489,3,17,7
983,0.5,inventory_full,50.14994561180772,0,17,9
984,0.5,inventory_full,47.18947579677348,-3,10,2
985,0.5,inventory_full,53.21438708302995,1,18,6
986,0.5,inventory_full,51.60807438095111,-3,12,4
987,0.5,inventory_full,45.98904586256916,2,14,6
988,0.5,inventory_full,38.29866941873151,1,12,6
989,0.5,inventory_full,45.30768265415169,0,14,4
990,0.5,inventory_full,48.07230322628618,-1,14,5
991,0.5,inventory_full,42.916547354583145,-1,10,2
992,0.5,inventory_full,44.533476733259306,2,13,6
993,0.5,inventory_full,50.45101810610339,-3,13,3
994,0.5,inventory_full,52.35650914717843,-3,12,4
995,0.5,inventory_full,46.0997970768191,0,11,4
996,0.5,inventory_full,48.44311724580905,-1,18,7
997,0.5,inventory_full,43.535575872965126,-2,16,6
998,0.5,inventory_full,40.07572569357936,-1,9,5
999,0.5,inventory_full,43.725897153010735,1,13,4
0,0.5,symmetric_full,55.9944376143452,10,0,0
1,0.5,symmetric_full,59.330742674943394,-10,0,0
2,0.5,symmetric_full,52.17621207720123,-3,0,0
3,0.5,symmetric_full,60.34008143508561,4,0,0
4,0.5,symmetric_full,72.8319560627466,3,0,0
5,0.5,symmetric_full,64.94371228358938,-3,0,0
6,0.5,symmetric_full,50.84363123630351,2,0,0
7,0.5,symmetric_full,74.37554191023696,-2,0,0
8,0.5,symmetric_full,58.33660380400056,-6,0,0
9,0.5,symmetric_full,77.6223214682991,6,0,0
10,0.5,symmetric_full,41.511031715639774,9,0,0
11,0.5,symmetric_full,41.44873819205981,3,0,0
12,0.5,symmetric_full,70.16837402217959,-5,0,0
13,0.5,symmetric_full,37.368383387039444,7,0,0
14,0.5,symmetric_full,83.00011323668218,15,0,0
15,0.5,symmetric_full,65.6557256935792,-1,0,0
16,0.5,symmetric_full,61.67500504525303,1,0,0
17,0.5,symmetric_full,59.56547954271741,3,0,0
18,0.5,symmetric_full,75.29335279613873,0,0,0
19,0.5,symmetric_full,65.4906416622659,0,0,0
20,0.5,symmetric_full,57.51377977129215,-2,0,0
21,0.5,symmetric_full,44.94954457010171,1,0,0
22,0.5,symmetric_full,68.98736901558709,-11,0,0
23,0.5,symmetric_full,47.61787832365144,3,0,0
24,0.5,symmetric_full,62.89117217139392,12,0,0
25,0.5,symmetric_full,61.71352554119596,9,0,0
26,0.5,symmetric_full,55.81097822527323,-1,0,0
27,0.5,symmetric_full,77.98139879461797,4,0,0
28,0.5,symmetric_full,60.678449151363395,2,0,0
29,0.5,symmetric_full,68.80551602674336,-13,0,0
30,0.5,symmetric_full,46.477030779153665,-4,0,0
31,0.5,symmetric_full,69.89212412537393,9,0,0
32,0.5,symmetric_full,73.9719895877214,4,0,0
33,0.5,symmetric_full,66.23989808949705,-6,0,0
34,0.5,symmetric_full,57.74082500785471,-6,0,0
35,0.5,symmetric_full,59.37153505564879,7,0,0
36,0.5,symmetric_full,92.43213768495701,-5,0,0
37,0.5,symmetric_full,77.92331883341137,-6,0,0
38,0.5,symmetric_full,60.60909171145482,2,0,0
39,0.5,symmetric_full,60.49636825367088,-3,0,0
40,0.5,symmetric_full,56.63707830146478,2,0,0
41,0.5,symmetric_full,50.5311620086153,-4,0,0
42,0.5,symmetric_full,48.860948944975235,2,0,0
43,0.5,symmetric_full,55.3690547896756,7,0,0
44,0.5,symmetric_full,47.8386142549395,3,0,0
45,0.5,symmetric_full,61.79484418635377,-8,0,0
46,0.5,symmetric_full,60.499633258868755,-4,0,0
47,0.5,symmetric_full,68.09159021944106,7,0,0
48,0.5,symmetric_full,72.92904586256907,-6,0,0
49,0.5,symmetric_full,66.84476185344226,-6,0,0
50,0.5,symmetric_full,44.04897713919388,-8,0,0
51,0.5,symmetric_full,51.87963029981711,-11,0,0
52,0.5,symmetric_full,64.04205367862,-1,0,0
53,0.5,symmetric_full,57.46341392798632,-2,0,0
54,0.5,symmetric_full,52.902566383488704,-1,0,0
55,0.5,symmetric_full,69.36049904537902,-10,0,0
56,0.5,symmetric_full,50.57279429233762,2,0,0
57,0.5,symmetric_full,40.27966850722214,-5,0,0
58,0.5,symmetric_full,45.738943176465966,2,0,0
59,0.5,symmetric_full,47.828681742642175,-12,0,0
60,0.5,symmetric_full,50.48618619370728,-4,0,0
61,0.5,symmetric_full,55.338404588103685,-9,0,0
62,0.5,symmetric_full,56.28386974568468,-6,0,0
63,0.5,symmetric_full,47.94676934532981,12,0,0
64,0.5,symmetric_full,68.61718227319375,-1,0,0
65,0.5,symmetric_full,14.031863179256106,18,0,0
66,0.5,symmetric_full,50.51659320346849,1,0,0
67,0.5,symmetric_full,54.76476653587213,-3,0,0
68,0.5,symmetric_full,68.91318897818803,-2,0,0
69,0.5,symmetric_full,63.299726630065365,0,0,0
70,0.5,symmetric_full,73.96867237778258,-4,0,0
71,0.5,symmetric_full,72.97356246297477,-8,0,0
72,0.5,symmetric_full,64.18090309608908,-6,0,0
73,0.5,symmetric_full,61.064160459805976,7,0,0
74,0.5,symmetric_full,65.73457511104891,8,0,0
75,0.5,symmetric_full,56.52932726178477,-3,0,0
76,0.5,symmetric_full,52.024266154913846,2,0,0
77,0.5,symmetric_full,53.87135595473643,-5,0,0
78,0.5,symmetric_full,66.89281549340215,0,0,0
79,0.5,symmetric_full,80.72035686624618,1,0,0
80,0.5,symmetric_full,70.79318854043595,11,0,0
81,0.5,symmetric_full,56.917582927099716,-9,0,0
82,0.5,symmetric_full,64.66784011624713,9,0,0
83,0.5,symmetric_full,46.00859601292632,4,0,0
84,0.5,symmetric_full,52.20799757834192,4,0,0
85,0.5,symmetric_full,50.80714239236329,-3,0,0
86,0.5,symmetric_full,75.80926612993733,7,0,0
87,0.5,symmetric_full,63.72482169966395,-7,0,0
88,0.5,symmetric_full,66.44622607453715,-4,0,0
89,0.5,symmetric_full,52.27365711979732,1,0,0
90,0.5,symmetric_full,60.012188216272534,8,0,0
91,0.5,symmetric_full,63.887391940029715,3,0,0
92,0.5,symmetric_full,38.54944059837305,4,0,0
93,0.5,symmetric_full,53.89342156946691,10,0,0
94,0.5,symmetric_full,78.25776030463385,-17,0,0
95,0.5,symmetric_full,54.74489343204337,0,0,0
96,0.5,symmetric_full,56.262169974259365,1,0,0
97,0.5,symmetric_full,67.8124195219255,-3,0,0
98,0.5,symmetric_full,71.21111572197685,5,0,0
99,0.5,symmetric_full,72.49927377141819,-1,0,0
100,0.5,symmetric_full,54.89029110192189,8,0,0
101,0.5,symmetric_full,63.021934423929906,-10,0,0
102,0.5,symmetric_full,49.75884980526956,-2,0,0
103,0.5,symmetric_full,71.35322970689083,8,0,0
104,0.5,symmetric_full,57.62635001165711,-4,0,0
105,0.5,symmetric_full,108.5323973954014,-7,0,0
106,0.5,symmetric_full,42.14895081794704,0,0,0
107,0.5,symmetric_full,41.36474489705478,-2,0,0
108,0.5,symmetric_full,62.04908406997396,-2,0,0
109,0.5,symmetric_full,54.339622658336594,1,0,0
110,0.5,symmetric_full,53.966492190790916,-5,0,0
111,0.5,symmetric_full,66.17345805349339,8,0,0
112,0.5,symmetric_full,43.08083012803809,-12,0,0
113,0.5,symmetric_full,82.80541797311707,4,0,0
114,0.5,symmetric_full,65.87990573097716,6,0,0
115,0.5,symmetric_full,66.95718991467453,-1,0,0
116,0.5,symmetric_full,51.694975764955075,-8,0,0
117,0.5,symmetric_full,57.20149388919299,8,0,0
118,0.5,symmetric_full,68.93615858683468,1,0,0
119,0.5,symmetric_full,44.56153209659766,2,0,0
120,0.5,symmetric_full,67.1915227317379,-8,0,0
121,0.5,symmetric_full,54.090291101921906,2,0,0
122,0.5,symmetric_full,61.24678290491306,8,0,0
123,0.5,symmetric_full,42.87263047438728,-12,0,0
124,0.5,symmetric_full,57.62996982187633,5,0,0
125,0.5,symmetric_full,26.420326788028262,2,0,0
126,0.5,symmetric_full,52.939256815030944,3,0,0
127,0.5,symmetric_full,61.61405648807772,-2,0,0
128,0.5,symmetric_full,65.6210821970019,-4,0,0
129,0.5,symmetric_full,52.37374284951312,3,0,0
130,0.5,symmetric_full,47.44158430133962,-9,0,0
131,0.5,symmetric_full,64.09193442393007,-22,0,0
132,0.5,symmetric_full,55.20578214299678,10,0,0
133,0.5,symmetric_full,55.35901362322011,8,0,0
134,0.5,symmetric_full,57.21891261054253,2,0,0
135,0.5,symmetric_full,57.017306648066665,-10,0,0
136,0.5,symmetric_full,60.62908406997383,-2,0,0
137,0.5,symmetric_full,53.429360786759574,0,0,0
138,0.5,symmetric_full,53.52517354563338,-18,0,0
139,0.5,symmetric_full,53.141341109527474,0,0,0
140,0.5,symmetric_full,55.08594300189634,-7,0,0
141,0.5,symmetric_full,59.93737326026371,9,0,0
142,0.5,symmetric_full,57.721781206511196,-13,0,0
143,0.5,symmetric_full,43.50824884938697,-14,0,0
144,0.5,symmetric_full,59.33959209241311,15,0,0
145,0.5,symmetric_full,50.64887568876334,1,0,0
146,0.5,symmetric_full,55.273970758361884,10,0,0
147,0.5,symmetric_full,53.964344243148616,-10,0,0
148,0.5,symmetric_full,58.63076559938611,8,0,0
149,0.5,symmetric_full,46.14184573516252,-9,0,0
150,0.5,symmetric_full,46.30906286890968,16,0,0
151,0.5,symmetric_full,62.59678290491303,-4,0,0
152,0.5,symmetric_full,56.10616326926424,-2,0,0
153,0.5,symmetric_full,52.965797425959295,-10,0,0
154,0.5,symmetric_full,58.0159166806493,-11,0,0
155,0.5,symmetric_full,49.09765805628331,0,0,0
156,0.5,symmetric_full,59.910597099005685,1,0,0
157,0.5,symmetric_full,59.33872586814891,-6,0,0
158,0.5,symmetric_full,69.66370464210837,-3,0,0
159,0.5,symmetric_full,49.16132242976175,8,0,0
160,0.5,symmetric_full,48.3746731646753,-1,0,0
161,0.5,symmetric_full,62.192950031055034,-13,0,0
162,0.5,symmetric_full,70.96699553080032,-3,0,0
163,0.5,symmetric_full,39.941995555776884,-6,0,0
164,0.5,symmetric_full,75.82847799390856,12,0,0
165,0.5,symmetric_full,60.19762749035942,-6,0,0
166,0.5,symmetric_full,57.34057121551177,2,0,0
167,0.5,symmetric_full,60.156054615105745,8,0,0
168,0.5,symmetric_full,54.8555283506539,0,0,0
169,0.5,symmetric_full,56.045849630699564,-1,0,0
170,0.5,symmetric_full,69.77275904398425,1,0,0
171,0.5,symmetric_full,61.16529280032404,1,0,0
172,0.5,symmetric_full,55.45235671665259,1,0,0
173,0.5,symmetric_full,49.15518882859533,-2,0,0
174,0.5,symmetric_full,48.04584667164829,-6,0,0
175,0.5,symmetric_full,69.85229218800077,17,0,0
176,0.5,symmetric_full,69.87110043901497,1,0,0
177,0.5,symmetric_full,70.8246790827775,13,0,0
178,0.5,symmetric_full,35.463770456385305,8,0,0
179,0.5,symmetric_full,60.159132877910224,-5,0,0
180,0.5,symmetric_full,62.43848267633808,-1,0,0
181,0.5,symmetric_full,35.987924172536964,9,0,0
182,0.5,symmetric_full,58.348184320735186,-4,0,0
183,0.5,symmetric_full,53.956544395531864,10,0,0
184,0.5,symmetric_full,68.73634532922779,7,0,0
185,0.5,symmetric_full,59.06047784431519,-6,0,0
186,0.5,symmetric_full,39.10779303168897,-8,0,0
187,0.5,symmetric_full,71.90353614172791,0,0,0
188,0.5,symmetric_full,53.19543497945756,-8,0,0
189,0.5,symmetric_full,52.4196302998173,11,0,0
190,0.5,symmetric_full,54.31627192342296,4,0,0
191,0.5,symmetric_full,35.70918680603063,12,0,0
192,0.5,symmetric_full,40.51630248934657,6,0,0
193,0.5,symmetric_full,63.67842283011623,4,0,0
194,0.5,symmetric_full,79.89577321589013,7,0,0
195,0.5,symmetric_full,48.6366606911713,6,0,0
196,0.5,symmetric_full,81.11900425836075,12,0,0
197,0.5,symmetric_full,60.10261050899578,7,0,0
198,0.5,symmetric_full,61.323955475400055,-4,0,0
199,0.5,symmetric_full,58.94785539920849,9,0,0
200,0.5,symmetric_full,50.843436852429136,8,0,0
201,0.5,symmetric_full,35.31504793508748,4,0,0
202,0.5,symmetric_full,54.28529280032399,-9,0,0
203,0.5,symmetric_full,52.25554363361573,-2,0,0
204,0.5,symmetric_full,67.1158449482699,0,0,0
205,0.5,symmetric_full,92.64798353105311,15,0,0
206,0.5,symmetric_full,56.271120404406474,-6,0,0
207,0.5,symmetric_full,61.02733973528882,-6,0,0
208,0.5,symmetric_full,92.12637713082495,22,0,0
209,0.5,symmetric_full,60.66299927674402,3,0,0
210,0.5,symmetric_full,41.51342625189716,5,0,0
211,0.5,symmetric_full,59.517246364091974,0,0,0
212,0.5,symmetric_full,65.02458275252991,6,0,0
213,0.5,symmetric_full,58.249962180395414,13,0,0
214,0.5,symmetric_full,54.47873350962993,6,0,0
215,0.5,symmetric_full,43.63083733176566,1,0,0
216,0.5,symmetric_full,80.0770320148265,7,0,0
217,0.5,symmetric_full,77.84032290351752,-15,0,0
218,0.5,symmetric_full,57.39584198921892,-1,0,0
219,0.5,symmetric_full,52.11471433113104,-4,0,0
220,0.5,symmetric_full,56.17063106173373,3,0,0
221,0.5,symmetric_full,59.07044431934014,15,0,0
222,0.5,symmetric_full,67.51252009685038,4,0,0
223,0.5,symmetric_full,56.28626428194195,-2,0,0
224,0.5,symmetric_full,58.850884854076526,-3,0,0
225,0.5,symmetric_full,76.37930729639265,-6,0,0
226,0.5,symmetric_full,45.50146460889509,1,0,0
227,0.5,symmetric_full,37.70315377978807,3,0,0
228,0.5,symmetric_full,54.01479241936613,-2,0,0
229,0.5,symmetric_full,69.55054064958836,-6,0,0
230,0.5,symmetric_full,41.367961094316016,0,0,0
231,0.5,symmetric_full,50.24644042380302,-1,0,0
232,0.5,symmetric_full,52.76194206541038,4,0,0
233,0.5,symmetric_full,52.92393723338756,-5,0,0
234,0.5,symmetric_full,47.76775142748002,2,0,0
235,0.5,symmetric_full,43.05965322426016,7,0,0
236,0.5,symmetric_full,53.752371999614525,-3,0,0
237,0.5,symmetric_full,66.92503092874699,-2,0,0
238,0.5,symmetric_full,49.532286269898805,-7,0,0
239,0.5,symmetric_full,58.0503097816877,14,0,0
240,0.5,symmetric_full,66.33967738437582,-20,0,0
241,0.5,symmetric_full,53.385756259502955,5,0,0
242,0.5,symmetric_full,77.30428267354824,-3,0,0
243,0.5,symmetric_full,67.15038743217002,5,0,0
244,0.5,symmetric_full,65.36064166226573,0,0,0
245,0.5,symmetric_full,45.71358667304361,-1,0,0
246,0.5,symmetric_full,62.955927718934376,1,0,0
247,0.5,symmetric_full,48.02238728257635,1,0,0
248,0.5,symmetric_full,52.27359727357543,8,0,0
249,0.5,symmetric_full,55.222905905547464,7,0,0
250,0.5,symmetric_full,56.22960737537471,-7,0,0
251,0.5,symmetric_full,66.99468672425837,-9,0,0
252,0.5,symmetric_full,61.16791480767719,1,0,0
253,0.5,symmetric_full,44.07690388298238,5,0,0
254,0.5,symmetric_full,39.731801171902646,-2,0,0
255,0.5,symmetric_full,53.32048548579621,4,0,0
256,0.5,symmetric_full,53.97030638488364,0,0,0
257,0.5,symmetric_full,64.80376448833033,8,0,0
258,0.5,symmetric_full,85.16388626431831,15,0,0
259,0.5,symmetric_full,68.7337381670834,8,0,0
260,0.5,symmetric_full,62.03500504525289,-5,0,0
261,0.5,symmetric_full,45.62428143787582,4,0,0
262,0.5,symmetric_full,68.56939006705772,-1,0,0
263,0.5,symmetric_full,79.56184697083518,4,0,0
264,0.5,symmetric_full,48.118300616374825,-2,0,0
265,0.5,symmetric_full,70.53653207162097,9,0,0
266,0.5,symmetric_full,54.915005045253054,-5,0,0
267,0.5,symmetric_full,52.51387738716551,4,0,0
268,0.5,symmetric_full,65.042815493402,0,0,0
269,0.5,symmetric_full,67.16708890199692,-3,0,0
270,0.5,symmetric_full,35.20322890897137,-8,0,0
271,0.5,symmetric_full,60.509218607626224,-1,0,0
272,0.5,symmetric_full,62.47710418495865,7,0,0
273,0.5,symmetric_full,26.776247763307765,11,0,0
274,0.5,symmetric_full,56.44896481528332,1,0,0
275,0.5,symmetric_full,76.11558647349716,-7,0,0
276,0.5,symmetric_full,43.70077792329653,-15,0,0
277,0.5,symmetric_full,58.70409001305245,-7,0,0
278,0.5,symmetric_full,65.23026053599824,-8,0,0
279,0.5,symmetric_full,61.060361548675814,0,0,0
280,0.5,symmetric_full,53.62598416835203,6,0,0
281,0.5,symmetric_full,66.31549014324929,2,0,0
282,0.5,symmetric_full,60.360208331257255,1,0,0
283,0.5,symmetric_full,74.23123497666734,-10,0,0
284,0.5,symmetric_full,59.042905905547514,5,0,0
285,0.5,symmetric_full,79.69133130691489,-19,0,0
286,0.5,symmetric_full,66.38805274213401,0,0,0
287,0.5,symmetric_full,55.064149859274494,-2,0,0
288,0.5,symmetric_full,59.512390241627514,2,0,0
289,0.5,symmetric_full,63.657604565916756,4,0,0
290,0.5,symmetric_full,60.36248361282412,-2,0,0
291,0.5,symmetric_full,55.84459039401082,2,0,0
292,0.5,symmetric_full,74.10353614172823,18,0,0
293,0.5,symmetric_full,52.40259226698333,10,0,0
294,0.5,symmetric_full,48.209570453595916,-2,0,0
295,0.5,symmetric_full,49.222447128798095,0,0,0
296,0.5,symmetric_full,57.59289826406649,-3,0,0
297,0.5,symmetric_full,54.66035858962458,1,0,0
298,0.5,symmetric_full,57.29267035521747,4,0,0
299,0.5,symmetric_full,57.79761984887864,4,0,0
300,0.5,symmetric_full,51.59737030121258,2,0,0
301,0.5,symmetric_full,61.74357774593693,-2,0,0
302,0.5,symmetric_full,52.71416514223631,-2,0,0
303,0.5,symmetric_full,71.42519474669723,6,0,0
304,0.5,symmetric_full,66.14027157428325,6,0,0
305,0.5,symmetric_full,57.599674425324224,5,0,0
306,0.5,symmetric_full,57.77101939172894,-2,0,0
307,0.5,symmetric_full,47.191886901618204,6,0,0
308,0.5,symmetric_full,61.969988063889105,-6,0,0
309,0.5,symmetric_full,57.868778072889825,-1,0,0
310,0.5,symmetric_full,55.847220480598025,3,0,0
311,0.5,symmetric_full,61.04489639109454,3,0,0
312,0.5,symmetric_full,53.94393723338756,1,0,0
313,0.5,symmetric_full,82.84989296931371,20,0,0
314,0.5,symmetric_full,44.03859601292652,4,0,0
315,0.5,symmetric_full,51.154714331131004,-6,0,0
316,0.5,symmetric_full,48.60417278371733,-4,0,0
317,0.5,symmetric_full,54.221815169238766,-1,0,0
318,0.5,symmetric_full,61.50419398478141,4,0,0
319,0.5,symmetric_full,56.12501268673395,11,0,0
320,0.5,symmetric_full,56.77057121551172,6,0,0
321,0.5,symmetric_full,58.42446349783904,-3,0,0
322,0.5,symmetric_full,70.6643730856938,-6,0,0
323,0.5,symmetric_full,49.74397839984306,6,0,0
324,0.5,symmetric_full,60.19519178764676,7,0,0
325,0.5,symmetric_full,79.03489935014579,10,0,0
326,0.5,symmetric_full,57.247313851794615,7,0,0
327,0.5,symmetric_full,31.90674770651259,-5,0,0
328,0.5,symmetric_full,59.065251633868,-8,0,0
329,0.5,symmetric_full,74.37011027763083,12,0,0
330,0.5,symmetric_full,62.08500504525307,-1,0,0
331,0.5,symmetric_full,59.622255703975156,-7,0,0
332,0.5,symmetric_full,70.16718227319365,-1,0,0
333,0.5,symmetric_full,61.32803450012091,-7,0,0
334,0.5,symmetric_full,82.35825348186376,-5,0,0
335,0.5,symmetric_full,61.87454922755508,1,0,0
336,0.5,symmetric_full,52.85690684203382,-10,0,0
337,0.5,symmetric_full,96.89578677547354,-1,0,0
338,0.5,symmetric_full,62.152689034983155,4,0,0
339,0.5,symmetric_full,59.240571215511636,-12,0,0
340,0.5,symmetric_full,43.48071043559386,2,0,0
341,0.5,symmetric_full,47.288401629051805,-10,0,0
342,0.5,symmetric_full,72.35914687524689,2,0,0
343,0.5,symmetric_full,83.09098414337547,-5,0,0
344,0.5,symmetric_full,47.72586491366144,3,0,0
345,0.5,symmetric_full,55.33272724238839,-6,0,0
346,0.5,symmetric_full,74.08538148909088,6,0,0
347,0.5,symmetric_full,59.67202779512624,0,0,0
348,0.5,symmetric_full,55.38394827167235,-7,0,0
349,0.5,symmetric_full,66.2876380908915,15,0,0
350,0.5,symmetric_full,57.47900598173908,4,0,0
351,0.5,symmetric_full,54.23995157986299,0,0,0
352,0.5,symmetric_full,52.97764277332152,2,0,0
353,0.5,symmetric_full,51.88777731097389,-1,0,0
354,0.5,symmetric_full,54.36805742456386,15,0,0
355,0.5,symmetric_full,74.12714066898434,11,0,0
356,0.5,symmetric_full,59.44059709900557,7,0,0
357,0.5,symmetric_full,41.15773318546685,1,0,0
358,0.5,symmetric_full,43.082443731993976,-2,0,0
359,0.5,symmetric_full,74.74016248237217,-15,0,0
360,0.5,symmetric_full,58.11532632529884,-6,0,0
361,0.5,symmetric_full,53.63687331705847,-1,0,0
362,0.5,symmetric_full,62.50840798490748,-1,0,0
363,0.5,symmetric_full,66.66147096475034,0,0,0
364,0.5,symmetric_full,50.71078852382857,8,0,0
365,0.5,symmetric_full,63.1143548436808,1,0,0
366,0.5,symmetric_full,57.55923389058836,-3,0,0
367,0.5,symmetric_full,53.232506537267085,0,0,0
368,0.5,symmetric_full,50.51732913475661,-1,0,0
369,0.5,symmetric_full,61.68659616251989,12,0,0
370,0.5,symmetric_full,52.382820175831625,-7,0,0
371,0.5,symmetric_full,88.67227222260931,4,0,0
372,0.5,symmetric_full,57.156891559071326,0,0,0
373,0.5,symmetric_full,65.62479537841693,-7,0,0
374,0.5,symmetric_full,55.35933490326573,-5,0,0
375,0.5,symmetric_full,58.88963325886863,4,0,0
376,0.5,symmetric_full,48.24318306008655,4,0,0
377,0.5,symmetric_full,63.80844150988253,-4,0,0
378,0.5,symmetric_full,51.78893553498551,-6,0,0
379,0.5,symmetric_full,52.49742250595341,-7,0,0
380,0.5,symmetric_full,66.72236731718465,-4,0,0
381,0.5,symmetric_full,81.03084196424197,4,0,0
382,0.5,symmetric_full,72.83863885280786,3,0,0
383,0.5,symmetric_full,70.34749591175841,8,0,0
384,0.5,symmetric_full,41.94419570815995,2,0,0
385,0.5,symmetric_full,54.88855780552157,-2,0,0
386,0.5,symmetric_full,63.05838166366078,-5,0,0
387,0.5,symmetric_full,54.69457979347851,-7,0,0
388,0.5,symmetric_full,73.31509373402002,10,0,0
389,0.5,symmetric_full,66.43956152648957,-7,0,0
390,0.5,symmetric_full,50.604968561227224,13,0,0
391,0.5,symmetric_full,55.749588695608566,-3,0,0
392,0.5,symmetric_full,61.50547190123574,1,0,0
393,0.5,symmetric_full,57.41197559038545,1,0,0
394,0.5,symmetric_full,58.21299163526298,1,0,0
395,0.5,symmetric_full,89.522955949157,-17,0,0
396,0.5,symmetric_full,66.01845975189508,7,0,0
397,0.5,symmetric_full,49.719435915943166,3,0,0
398,0.5,symmetric_full,60.88164666885871,6,0,0
399,0.5,symmetric_full,50.93118789210962,11,0,0
400,0.5,symmetric_full,79.19626255856332,-4,0,0
401,0.5,symmetric_full,58.03056357403102,10,0,0
402,0.5,symmetric_full,47.54986585014751,-2,0,0
403,0.5,symmetric_full,78.20396139350225,-10,0,0
404,0.5,symmetric_full,52.64649983227193,1,0,0
405,0.5,symmetric_full,62.729236849639335,4,0,0
406,0.5,symmetric_full,32.259261935213544,11,0,0
407,0.5,symmetric_full,66.56984588475598,11,0,0
408,0.5,symmetric_full,49.246339411125746,-9,0,0
409,0.5,symmetric_full,64.75703669725613,-4,0,0
410,0.5,symmetric_full,70.20565056439568,12,0,0
411,0.5,symmetric_full,64.64897541581534,0,0,0
412,0.5,symmetric_full,47.93379165744972,-2,0,0
413,0.5,symmetric_full,52.06707534241423,-11,0,0
414,0.5,symmetric_full,53.745857272180956,11,0,0
415,0.5,symmetric_full,62.094956237316296,-2,0,0
416,0.5,symmetric_full,54.499633258868926,4,0,0
417,0.5,symmetric_full,67.99900129930938,-7,0,0
418,0.5,symmetric_full,50.25189793990383,0,0,0
419,0.5,symmetric_full,41.74549950810899,8,0,0
420,0.5,symmetric_full,65.96163138589674,4,0,0
421,0.5,symmetric_full,54.05153505564897,-7,0,0
422,0.5,symmetric_full,65.45711478549117,8,0,0
423,0.5,symmetric_full,50.30183809368168,-9,0,0
424,0.5,symmetric_full,80.39768561320238,-11,0,0
425,0.5,symmetric_full,51.294418934579284,-2,0,0
426,0.5,symmetric_full,58.15495623731658,6,0,0
427,0.5,symmetric_full,60.89641706160745,2,0,0
428,0.5,symmetric_full,32.22514894776532,-8,0,0
429,0.5,symmetric_full,64.24054829106905,-2,0,0
430,0.5,symmetric_full,54.405207070608355,5,0,0
431,0.5,symmetric_full,73.46436544421283,-6,0,0
432,0.5,symmetric_full,50.75030638488374,4,0,0
433,0.5,symmetric_full,62.33080972489306,0,0,0
434,0.5,symmetric_full,55.22501268673403,-3,0,0
435,0.5,symmetric_full,60.801706515080014,-11,0,0
436,0.5,symmetric_full,57.2212061341221,-6,0,0
437,0.5,symmetric_full,65.50335704081579,-6,0,0
438,0.5,symmetric_full,68.46389138450172,3,0,0
439,0.5,symmetric_full,51.66837870460964,-2,0,0
440,0.5,symmetric_full,79.54897073338566,5,0,0
441,0.5,symmetric_full,33.88945588133507,0,0,0
442,0.5,symmetric_full,68.89340160407596,11,0,0
443,0.5,symmetric_full,60.36877807289011,3,0,0
444,0.5,symmetric_full,59.61918508265151,0,0,0
445,0.5,symmetric_full,48.623022201186814,13,0,0
446,0.5,symmetric_full,90.39786427636227,-18,0,0
447,0.5,symmetric_full,58.50308500645974,1,0,0
448,0.5,symmetric_full,64.84424618952227,-1,0,0
449,0.5,symmetric_full,56.48658556198751,-3,0,0
450,0.5,symmetric_full,58.840148922788586,1,0,0
451,0.5,symmetric_full,58.6606981116834,1,0,0
452,0.5,symmetric_full,54.91773614451813,-6,0,0
453,0.5,symmetric_full,51.472734446116135,-5,0,0
454,0.5,symmetric_full,55.94795641188628,1,0,0
455,0.5,symmetric_full,51.28035858962477,1,0,0
456,0.5,symmetric_full,59.62187457770787,-1,0,0
457,0.5,symmetric_full,43.174730051846154,11,0,0
458,0.5,symmetric_full,73.91043199542969,14,0,0
459,0.5,symmetric_full,51.37736265973149,-2,0,0
460,0.5,symmetric_full,45.5665749614559,14,0,0
461,0.5,symmetric_full,64.47235967570396,12,0,0
462,0.5,symmetric_full,45.447422505953114,-5,0,0
463,0.5,symmetric_full,61.034126934831875,-6,0,0
464,0.5,symmetric_full,68.0863453292281,-5,0,0
465,0.5,symmetric_full,51.59545026241909,4,0,0
466,0.5,symmetric_full,54.589985104838206,-7,0,0
467,0.5,symmetric_full,61.73596124390929,-8,0,0
468,0.5,symmetric_full,51.488826880826764,-2,0,0
469,0.5,symmetric_full,53.22512134089257,3,0,0
470,0.5,symmetric_full,52.64434424314868,-8,0,0
471,0.5,symmetric_full,38.14777435192269,-2,0,0
472,0.5,symmetric_full,58.409607375374506,1,0,0
473,0.5,symmetric_full,43.843325239219666,-15,0,0
474,0.5,symmetric_full,55.30543497945729,2,0,0
475,0.5,symmetric_full,61.300148922788594,-3,0,0
476,0.5,symmetric_full,72.40661015985603,-1,0,0
477,0.5,symmetric_full,38.074263195862784,3,0,0
478,0.5,symmetric_full,62.62349921994905,17,0,0
479,0.5,symmetric_full,53.945214712089296,3,0,0
480,0.5,symmetric_full,60.530563574031135,6,0,0
481,0.5,symmetric_full,54.2450538531898,-10,0,0
482,0.5,symmetric_full,61.32073163665814,-6,0,0
483,0.5,symmetric_full,44.24184573516254,-7,0,0
484,0.5,symmetric_full,49.346466307296964,-6,0,0
485,0.5,symmetric_full,40.88493163944821,2,0,0
486,0.5,symmetric_full,67.92593067798566,10,0,0
487,0.5,symmetric_full,52.55974955450813,6,0,0
488,0.5,symmetric_full,61.820630623980605,10,0,0
489,0.5,symmetric_full,61.94793348744338,7,0,0
490,0.5,symmetric_full,66.9837042043556,-6,0,0
491,0.5,symmetric_full,60.67586787271267,-2,0,0
492,0.5,symmetric_full,55.76776202801193,11,0,0
493,0.5,symmetric_full,59.22689155907153,2,0,0
494,0.5,symmetric_full,65.58315545321364,5,0,0
495,0.5,symmetric_full,65.09556483467986,8,0,0
496,0.5,symmetric_full,55.102506537267004,6,0,0
497,0.5,symmetric_full,57.3474742729411,-7,0,0
498,0.5,symmetric_full,69.46730916936531,-10,0,0
499,0.5,symmetric_full,52.80425851343307,-2,0,0
500,0.5,symmetric_full,72.31903482428424,10,0,0
501,0.5,symmetric_full,42.527639814270515,-11,0,0
502,0.5,symmetric_full,79.42220941733649,-6,0,0
503,0.5,symmetric_full,75.83241144269152,-10,0,0
504,0.5,symmetric_full,60.87133303029384,-3,0,0
505,0.5,symmetric_full,57.132618150476446,5,0,0
506,0.5,symmetric_full,41.3775464430737,-7,0,0
507,0.5,symmetric_full,51.12183809368156,-3,0,0
508,0.5,symmetric_full,70.50088781312752,-10,0,0
509,0.5,symmetric_full,63.650107318579785,7,0,0
510,0.5,symmetric_full,48.79822592494372,6,0,0
511,0.5,symmetric_full,64.08163902737766,4,0,0
512,0.5,symmetric_full,74.36166830767593,-7,0,0
513,0.5,symmetric_full,32.5538977903102,8,0,0
514,0.5,symmetric_full,88.84642593876015,-23,0,0
515,0.5,symmetric_full,41.93768098072573,-2,0,0
516,0.5,symmetric_full,59.078423267869425,-3,0,0
517,0.5,symmetric_full,59.190301702453894,5,0,0
518,0.5,symmetric_full,59.49992101393934,-6,0,0
519,0.5,symmetric_full,62.81183341125188,2,0,0
520,0.5,symmetric_full,69.84408533062265,-6,0,0
521,0.5,symmetric_full,78.00000970270642,3,0,0
522,0.5,symmetric_full,52.92019773072519,-4,0,0
523,0.5,symmetric_full,59.52326071056814,-9,0,0
524,0.5,symmetric_full,59.14913287791046,-5,0,0
525,0.5,symmetric_full,60.578415626388505,13,0,0
526,0.5,symmetric_full,52.94396311688122,0,0,0
527,0.5,symmetric_full,67.22476185344195,0,0,0
528,0.5,symmetric_full,67.92926317088597,6,0,0
529,0.5,symmetric_full,65.05713006845326,14,0,0
530,0.5,symmetric_full,58.1452592753494,0,0,0
531,0.5,symmetric_full,46.14146460889526,9,0,0
532,0.5,symmetric_full,42.75879039680072,0,0,0
533,0.5,symmetric_full,51.102270986936944,1,0,0
534,0.5,symmetric_full,74.27409636890809,-2,0,0
535,0.5,symmetric_full,57.261086879431474,-1,0,0
536,0.5,symmetric_full,77.17411121411682,1,0,0
537,0.5,symmetric_full,69.16494859583565,-10,0,0
538,0.5,symmetric_full,42.11843559177976,-6,0,0
539,0.5,symmetric_full,64.57779130831025,0,0,0
540,0.5,symmetric_full,58.241086879431805,7,0,0
541,0.5,symmetric_full,49.7318716186564,0,0,0
542,0.5,symmetric_full,53.23051944852364,16,0,0
543,0.5,symmetric_full,55.68795641188615,5,0,0
544,0.5,symmetric_full,60.751063954989036,7,0,0
545,0.5,symmetric_full,61.47747766974544,-7,0,0
546,0.5,symmetric_full,34.14423731236889,6,0,0
547,0.5,symmetric_full,62.526749379937996,-9,0,0
548,0.5,symmetric_full,75.01489935014581,-2,0,0
549,0.5,symmetric_full,68.22033862423314,14,0,0
550,0.5,symmetric_full,45.67605929753586,-5,0,0
551,0.5,symmetric_full,69.39804510065323,12,0,0
552,0.5,symmetric_full,45.357404263940296,0,0,0
553,0.5,symmetric_full,54.745207070608274,-3,0,0
554,0.5,symmetric_full,44.70418042519833,-4,0,0
555,0.5,symmetric_full,42.53310497185123,-4,0,0
556,0.5,symmetric_full,44.13438245055339,0,0,0
557,0.5,symmetric_full,49.25679522882393,5,0,0
558,0.5,symmetric_full,38.30588827585598,14,0,0
559,0.5,symmetric_full,53.819581491880854,-2,0,0
560,0.5,symmetric_full,48.81218525722136,-9,0,0
561,0.5,symmetric_full,56.79446349783916,-5,0,0
562,0.5,symmetric_full,56.46741486447223,-1,0,0
563,0.5,symmetric_full,45.34909639388434,13,0,0
564,0.5,symmetric_full,43.46378105691775,-1,0,0
565,0.5,symmetric_full,58.292491254304935,-4,0,0
566,0.5,symmetric_full,55.9464247030881,2,0,0
567,0.5,symmetric_full,61.986925084046504,-1,0,0
568,0.5,symmetric_full,37.67546258633001,-5,0,0
569,0.5,symmetric_full,59.708998340258006,2,0,0
570,0.5,symmetric_full,68.0583740221798,9,0,0
571,0.5,symmetric_full,44.93108392038067,-4,0,0
572,0.5,symmetric_full,41.85297043419888,-5,0,0
573,0.5,symmetric_full,60.236831712849835,-5,0,0
574,0.5,symmetric_full,58.80813551279863,5,0,0
575,0.5,symmetric_full,57.08589419395912,-16,0,0
576,0.5,symmetric_full,78.93578849885233,1,0,0
577,0.5,symmetric_full,65.50438072717446,-4,0,0
578,0.5,symmetric_full,65.4360393321441,-2,0,0
579,0.5,symmetric_full,67.89547486028755,6,0,0
580,0.5,symmetric_full,54.30405648807789,-6,0,0
581,0.5,symmetric_full,64.47485522463876,-8,0,0
582,0.5,symmetric_full,60.67519942912725,-7,0,0
583,0.5,symmetric_full,55.68230451191175,2,0,0
584,0.5,symmetric_full,58.368034500121155,-3,0,0
585,0.5,symmetric_full,48.820526652251885,3,0,0
586,0.5,symmetric_full,60.04698493026822,0,0,0
587,0.5,symmetric_full,66.28222513805133,-5,0,0
588,0.5,symmetric_full,62.39001438513628,-4,0,0
589,0.5,symmetric_full,48.961983669619485,12,0,0
590,0.5,symmetric_full,64.71961797590683,-2,0,0
591,0.5,symmetric_full,60.17784011624673,5,0,0
592,0.5,symmetric_full,72.7573948990808,-4,0,0
593,0.5,symmetric_full,54.39204307808791,-2,0,0
594,0.5,symmetric_full,49.77664201140536,0,0,0
595,0.5,symmetric_full,73.798351097737,5,0,0
596,0.5,symmetric_full,59.31624899898031,2,0,0
597,0.5,symmetric_full,66.5918703330309,-7,0,0
598,0.5,symmetric_full,54.12748191442199,-3,0,0
599,0.5,symmetric_full,67.29013363982673,1,0,0
600,0.5,symmetric_full,65.30224042101327,5,0,0
601,0.5,symmetric_full,58.74542733797625,-10,0,0
602,0.5,symmetric_full,100.26028765516412,-12,0,0
603,0.5,symmetric_full,44.42914520182114,6,0,0
604,0.5,symmetric_full,53.87584963069946,-3,0,0
605,0.5,symmetric_full,75.66214236738665,8,0,0
606,0.5,symmetric_full,78.73575453612409,-5,0,0
607,0.5,symmetric_full,57.837026096724,7,0,0
608,0.5,symmetric_full,51.01873350963024,-6,0,0
609,0.5,symmetric_full,57.21570745156629,-4,0,0
610,0.5,symmetric_full,65.50153801470009,4,0,0
611,0.5,symmetric_full,63.239304337341935,1,0,0
612,0.5,symmetric_full,77.0588514786948,-20,0,0
613,0.5,symmetric_full,68.97235203422285,0,0,0
614,0.5,symmetric_full,64.50416045980649,-9,0,0
615,0.5,symmetric_full,69.10682746817281,9,0,0
616,0.5,symmetric_full,58.879734271546226,2,0,0
617,0.5,symmetric_full,54.81062002344834,-7,0,0
618,0.5,symmetric_full,64.65104867202717,19,0,0
619,0.5,symmetric_full,81.59276200303566,6,0,0
620,0.5,symmetric_full,61.46198279411328,-18,0,0
621,0.5,symmetric_full,62.36540441353361,6,0,0
622,0.5,symmetric_full,42.64626132289095,-9,0,0
623,0.5,symmetric_full,54.75713475088253,-3,0,0
624,0.5,symmetric_full,47.52565228777382,-6,0,0
625,0.5,symmetric_full,37.21399072375357,9,0,0
626,0.5,symmetric_full,61.96880395638391,6,0,0
627,0.5,symmetric_full,49.36306336764271,0,0,0
628,0.5,symmetric_full,62.992188216272524,2,0,0
629,0.5,symmetric_full,47.97890965149115,1,0,0
630,0.5,symmetric_full,56.05607753954882,-2,0,0
631,0.5,symmetric_full,61.428363421647816,4,0,0
632,0.5,symmetric_full,59.580268177479354,-2,0,0
633,0.5,symmetric_full,60.536925084046516,7,0,0
634,0.5,symmetric_full,42.98291822945842,0,0,0
635,0.5,symmetric_full,59.585106057930545,-1,0,0
636,0.5,symmetric_full,61.711740040055304,0,0,0
637,0.5,symmetric_full,54.34881923934566,0,0,0
638,0.5,symmetric_full,65.51847503485737,7,0,0
639,0.5,symmetric_full,52.55407177103967,-4,0,0
640,0.5,symmetric_full,54.44006319307273,1,0,0
641,0.5,symmetric_full,40.60755408455441,3,0,0
642,0.5,symmetric_full,66.07017480628201,-14,0,0
643,0.5,symmetric_full,50.69847971728706,-2,0,0
644,0.5,symmetric_full,53.68209188602458,-3,0,0
645,0.5,symmetric_full,59.32992865542043,0,0,0
646,0.5,symmetric_full,40.01087893597378,-13,0,0
647,0.5,symmetric_full,60.30455686903588,-15,0,0
648,0.5,symmetric_full,38.30894785889575,7,0,0
649,0.5,symmetric_full,58.37838930514147,11,0,0
650,0.5,symmetric_full,45.29460271792141,-9,0,0
651,0.5,symmetric_full,62.11202779512621,-8,0,0
652,0.5,symmetric_full,48.61522235357022,1,0,0
653,0.5,symmetric_full,60.39618915275821,3,0,0
654,0.5,symmetric_full,66.89617386979654,5,0,0
655,0.5,symmetric_full,58.202068961582,1,0,0
656,0.5,symmetric_full,35.97813723617696,9,0,0
657,0.5,symmetric_full,72.50154861523242,11,0,0
658,0.5,symmetric_full,58.89698493026805,4,0,0
659,0.5,symmetric_full,62.5312243761352,1,0,0
660,0.5,symmetric_full,65.09987940973087,-10,0,0
661,0.5,symmetric_full,42.910938344443196,-5,0,0
662,0.5,symmetric_full,63.722206896038415,-4,0,0
663,0.5,symmetric_full,58.83972663006523,-6,0,0
664,0.5,symmetric_full,40.82176044319999,12,0,0
665,0.5,symmetric_full,61.87010011485188,4,0,0
666,0.5,symmetric_full,57.018617213990524,-6,0,0
667,0.5,symmetric_full,51.49184573516254,-11,0,0
668,0.5,symmetric_full,56.89321954411207,4,0,0
669,0.5,symmetric_full,42.84757996804859,-4,0,0
670,0.5,symmetric_full,70.70666660927365,0,0,0
671,0.5,symmetric_full,50.93250653726693,6,0,0
672,0.5,symmetric_full,66.74729092735208,-3,0,0
673,0.5,symmetric_full,77.72970666467381,-11,0,0
674,0.5,symmetric_full,64.66531104233695,-18,0,0
675,0.5,symmetric_full,42.83060942291648,0,0,0
676,0.5,symmetric_full,58.46950636269753,11,0,0
677,0.5,symmetric_full,62.9248106613793,-7,0,0
678,0.5,symmetric_full,49.93199851482797,-1,0,0
679,0.5,symmetric_full,51.19237199961451,1,0,0
680,0.5,symmetric_full,42.74911167684661,-7,0,0
681,0.5,symmetric_full,80.47868297831451,7,0,0
682,0.5,symmetric_full,69.91763044941109,-3,0,0
683,0.5,symmetric_full,50.93007847603472,1,0,0
684,0.5,symmetric_full,56.199428274462434,9,0,0
685,0.5,symmetric_full,55.12965618331117,-4,0,0
686,0.5,symmetric_full,77.36077151748805,12,0,0
687,0.5,symmetric_full,79.4593930261089,6,0,0
688,0.5,symmetric_full,66.42132538881282,-5,0,0
689,0.5,symmetric_full,53.48710122590796,6,0,0
690,0.5,symmetric_full,99.23131898300426,-14,0,0
691,0.5,symmetric_full,48.04775142748005,-2,0,0
692,0.5,symmetric_full,47.963149097358524,-2,0,0
693,0.5,symmetric_full,71.24497447932913,-7,0,0
694,0.5,symmetric_full,64.73920332466463,-3,0,0
695,0.5,symmetric_full,61.45174768153555,-4,0,0
696,0.5,symmetric_full,44.18586535141445,0,0,0
697,0.5,symmetric_full,51.97759056858064,3,0,0
698,0.5,symmetric_full,53.851863977175526,-6,0,0
699,0.5,symmetric_full,77.07754047501834,-1,0,0
700,0.5,symmetric_full,60.00400003866025,-5,0,0
701,0.5,symmetric_full,45.55933194421459,-6,0,0
702,0.5,symmetric_full,43.87594004284506,-14,0,0
703,0.5,symmetric_full,56.64709358442667,2,0,0
704,0.5,symmetric_full,60.882475971342956,-18,0,0
705,0.5,symmetric_full,52.31923389058801,1,0,0
706,0.5,symmetric_full,62.68049608632815,1,0,0
707,0.5,symmetric_full,74.61798865123528,1,0,0
708,0.5,symmetric_full,45.38293647147117,5,0,0
709,0.5,symmetric_full,51.031677234782194,-2,0,0
710,0.5,symmetric_full,29.593711047917054,10,0,0
711,0.5,symmetric_full,79.01160081997261,-10,0,0
712,0.5,symmetric_full,56.01153505564912,11,0,0
713,0.5,symmetric_full,53.902356716652605,-1,0,0
714,0.5,symmetric_full,58.08576729778815,-5,0,0
715,0.5,symmetric_full,61.36909935293579,-4,0,0
716,0.5,symmetric_full,93.09289949973902,-10,0,0
717,0.5,symmetric_full,71.44899365782854,3,0,0
718,0.5,symmetric_full,72.21900129930935,-1,0,0
719,0.5,symmetric_full,55.96985056718563,2,0,0
720,0.5,symmetric_full,53.10419866721122,3,0,0
721,0.5,symmetric_full,61.30713770993361,-2,0,0
722,0.5,symmetric_full,44.20396779931093,13,0,0
723,0.5,symmetric_full,67.56411929335081,-6,0,0
724,0.5,symmetric_full,61.25101939172907,-2,0,0
725,0.5,symmetric_full,59.3520354366068,-6,0,0
726,0.5,symmetric_full,65.4147355321951,-8,0,0
727,0.5,symmetric_full,38.019619699285386,6,0,0
728,0.5,symmetric_full,52.88457979347862,-5,0,0
729,0.5,symmetric_full,69.3635959879498,5,0,0
730,0.5,symmetric_full,58.872110128037775,12,0,0
731,0.5,symmetric_full,79.58928437195027,-2,0,0
732,0.5,symmetric_full,76.32783543381697,-8,0,0
733,0.5,symmetric_full,62.26909171145485,4,0,0
734,0.5,symmetric_full,62.595106057930764,5,0,0
735,0.5,symmetric_full,48.34929798148676,6,0,0
736,0.5,symmetric_full,66.9385531230921,-7,0,0
737,0.5,symmetric_full,59.1870447764893,-17,0,0
738,0.5,symmetric_full,59.70931197882305,-3,0,0
739,0.5,symmetric_full,45.60926445651174,3,0,0
740,0.5,symmetric_full,59.163802257981615,7,0,0
741,0.5,symmetric_full,63.59045491987217,-2,0,0
742,0.5,symmetric_full,71.2045258653593,18,0,0
743,0.5,symmetric_full,58.50327939033423,21,0,0
744,0.5,symmetric_full,52.61802389958882,-6,0,0
745,0.5,symmetric_full,49.139122277378476,4,0,0
746,0.5,symmetric_full,72.29257994307217,1,0,0
747,0.5,symmetric_full,66.68364479588638,-10,0,0
748,0.5,symmetric_full,57.097347376769676,4,0,0
749,0.5,symmetric_full,33.46200363501089,15,0,0
750,0.5,symmetric_full,53.26245772933038,-1,0,0
751,0.5,symmetric_full,57.19174768153613,-2,0,0
752,0.5,symmetric_full,76.06636357124111,0,0,0
753,0.5,symmetric_full,66.27910995346787,5,0,0
754,0.5,symmetric_full,52.61924153206911,-5,0,0
755,0.5,symmetric_full,66.02916215820846,4,0,0
756,0.5,symmetric_full,60.180089076566674,4,0,0
757,0.5,symmetric_full,64.30723108113023,8,0,0
758,0.5,symmetric_full,63.0212506973823,5,0,0
759,0.5,symmetric_full,51.079682504558264,6,0,0
760,0.5,symmetric_full,40.55455051318057,4,0,0
761,0.5,symmetric_full,78.35367363843216,-12,0,0
762,0.5,symmetric_full,60.32494859583552,0,0,0
763,0.5,symmetric_full,58.460698111683456,1,0,0
764,0.5,symmetric_full,60.839599733894005,1,0,0
765,0.5,symmetric_full,77.11612802091093,-3,0,0
766,0.5,symmetric_full,63.88656263754501,-7,0,0
767,0.5,symmetric_full,60.46299163526322,1,0,0
768,0.5,symmetric_full,85.12282905298525,24,0,0
769,0.5,symmetric_full,33.82552243255151,4,0,0
770,0.5,symmetric_full,66.86300223579497,8,0,0
771,0.5,symmetric_full,54.27635001165764,0,0,0
772,0.5,symmetric_full,57.70671245815919,2,0,0
773,0.5,symmetric_full,75.54391726799565,-2,0,0
774,0.5,symmetric_full,56.39226334545606,-9,0,0
775,0.5,symmetric_full,60.15446349783923,-5,0,0
776,0.5,symmetric_full,80.34258290212313,10,0,0
777,0.5,symmetric_full,59.23865838044662,-11,0,0
778,0.5,symmetric_full,59.57921860762622,5,0,0
779,0.5,symmetric_full,48.604942239980204,1,0,0
780,0.5,symmetric_full,61.65119085115953,-14,0,0
781,0.5,symmetric_full,89.13700144890208,9,0,0
782,0.5,symmetric_full,48.796414102556184,1,0,0
783,0.5,symmetric_full,76.9913207063828,10,0,0
784,0.5,symmetric_full,71.89203075417748,3,0,0
785,0.5,symmetric_full,64.81709654347799,-3,0,0
786,0.5,symmetric_full,51.15183045220067,-1,0,0
787,0.5,symmetric_full,63.390342868910125,-10,0,0
788,0.5,symmetric_full,45.053444493910035,-2,0,0
789,0.5,symmetric_full,61.238482676338435,-5,0,0
790,0.5,symmetric_full,51.12159150506659,4,0,0
791,0.5,symmetric_full,74.72647222539968,-8,0,0
792,0.5,symmetric_full,78.34415577737673,14,0,0
793,0.5,symmetric_full,69.64152273173812,2,0,0
794,0.5,symmetric_full,65.17163138589626,-6,0,0
795,0.5,symmetric_full,58.152905905547755,9,0,0
796,0.5,symmetric_full,60.669319620303554,-7,0,0
797,0.5,symmetric_full,57.64133303029365,-1,0,0
798,0.5,symmetric_full,80.69766693343661,-5,0,0
799,0.5,symmetric_full,60.798475034857006,9,0,0
800,0.5,symmetric_full,69.58667425075441,6,0,0
801,0.5,symmetric_full,54.725080174436926,-12,0,0
802,0.5,symmetric_full,57.07993629690128,-4,0,0
803,0.5,symmetric_full,54.41703373820479,3,0,0
804,0.5,symmetric_full,64.0753445673119,5,0,0
805,0.5,symmetric_full,86.3379054428176,13,0,0
806,0.5,symmetric_full,51.22768393977739,3,0,0
807,0.5,symmetric_full,48.75440069256621,-1,0,0
808,0.5,symmetric_full,65.87323778612529,-5,0,0
809,0.5,symmetric_full,70.88578510204843,-7,0,0
810,0.5,symmetric_full,45.4308296902845,3,0,0
811,0.5,symmetric_full,77.42425679005441,4,0,0
812,0.5,symmetric_full,23.9301629700783,-12,0,0
813,0.5,symmetric_full,54.70691448351465,-8,0,0
814,0.5,symmetric_full,49.768894368529345,7,0,0
815,0.5,symmetric_full,77.70770853764543,13,0,0
816,0.5,symmetric_full,64.61127658087634,-4,0,0
817,0.5,symmetric_full,58.989674425324665,11,0,0
818,0.5,symmetric_full,67.9809888258053,-6,0,0
819,0.5,symmetric_full,57.50407177103972,-2,0,0
820,0.5,symmetric_full,68.03026053599808,4,0,0
821,0.5,symmetric_full,62.4038056547862,-7,0,0
822,0.5,symmetric_full,47.518453833793274,-13,0,0
823,0.5,symmetric_full,55.13894657327023,-6,0,0
824,0.5,symmetric_full,82.61682998947089,5,0,0
825,0.5,symmetric_full,76.64421562359837,-9,0,0
826,0.5,symmetric_full,43.40439009203419,10,0,0
827,0.5,symmetric_full,34.252197581131895,4,0,0
828,0.5,symmetric_full,58.78941299150051,11,0,0
829,0.5,symmetric_full,66.9317247570932,-6,0,0
830,0.5,symmetric_full,60.29497152027818,-4,0,0
831,0.5,symmetric_full,52.13099350823529,7,0,0
832,0.5,symmetric_full,45.26961205780435,-6,0,0
833,0.5,symmetric_full,71.90801877940623,10,0,0
834,0.5,symmetric_full,54.07269327966023,0,0,0
835,0.5,symmetric_full,74.85764869142372,10,0,0
836,0.5,symmetric_full,57.80766101533425,7,0,0
837,0.5,symmetric_full,64.73621843305654,2,0,0
838,0.5,symmetric_full,59.829218607626274,-1,0,0
839,0.5,symmetric_full,60.68711182643962,1,0,0
840,0.5,symmetric_full,67.0742198682758,-9,0,0
841,0.5,symmetric_full,58.948803956384154,6,0,0
842,0.5,symmetric_full,62.4847694949232,2,0,0
843,0.5,symmetric_full,51.85053429373278,5,0,0
844,0.5,symmetric_full,51.9815838635858,4,0,0
845,0.5,symmetric_full,67.67852680184512,-3,0,0
846,0.5,symmetric_full,50.32187926013739,6,0,0
847,0.5,symmetric_full,79.25429031502915,3,0,0
848,0.5,symmetric_full,67.33746238678344,-1,0,0
849,0.5,symmetric_full,56.50053769053707,1,0,0
850,0.5,symmetric_full,65.40036154867562,6,0,0
851,0.5,symmetric_full,53.88942827446249,17,0,0
852,0.5,symmetric_full,41.44039679702934,-3,0,0
853,0.5,symmetric_full,52.97549482567911,13,0,0
854,0.5,symmetric_full,41.41039679702908,13,0,0
855,0.5,symmetric_full,71.09900129930975,19,0,0
856,0.5,symmetric_full,66.6553967720526,-4,0,0
857,0.5,symmetric_full,55.95077324086685,-6,0,0
858,0.5,symmetric_full,44.355473186862085,0,0,0
859,0.5,symmetric_full,56.77948047920307,-4,0,0
860,0.5,symmetric_full,59.43656263754485,5,0,0
861,0.5,symmetric_full,69.09945711700735,3,0,0
862,0.5,symmetric_full,53.17952164565918,15,0,0
863,0.5,symmetric_full,41.7018538143966,-18,0,0
864,0.5,symmetric_full,66.28290122311758,0,0,0
865,0.5,symmetric_full,43.9959324013642,-2,0,0
866,0.5,symmetric_full,56.72837106312875,8,0,0
867,0.5,symmetric_full,66.04173239857423,0,0,0
868,0.5,symmetric_full,49.20448642228206,-5,0,0
869,0.5,symmetric_full,54.79786304068955,1,0,0
870,0.5,symmetric_full,69.97375640909638,3,0,0
871,0.5,symmetric_full,62.558482676338315,-1,0,0
872,0.5,symmetric_full,62.646300765967794,10,0,0
873,0.5,symmetric_full,48.13830061637498,-10,0,0
874,0.5,symmetric_full,66.70076091695631,5,0,0
875,0.5,symmetric_full,63.970320382220166,5,0,0
876,0.5,symmetric_full,64.45747002826454,3,0,0
877,0.5,symmetric_full,51.12802389958847,16,0,0
878,0.5,symmetric_full,54.04017184723148,-13,0,0
879,0.5,symmetric_full,41.0124288867853,19,0,0
880,0.5,symmetric_full,61.71317073617547,-3,0,0
881,0.5,symmetric_full,58.923219544112044,-2,0,0
882,0.5,symmetric_full,48.19698961269819,9,0,0
883,0.5,symmetric_full,60.32321190263144,-2,0,0
884,0.5,symmetric_full,59.53685039261579,1,0,0
885,0.5,symmetric_full,59.37899069877727,2,0,0
886,0.5,symmetric_full,53.802009553113066,11,0,0
887,0.5,symmetric_full,48.97964558277954,9,0,0
888,0.5,symmetric_full,68.46763044941082,-1,0,0
889,0.5,symmetric_full,72.35180284532817,4,0,0
890,0.5,symmetric_full,61.274997403772204,9,0,0
891,0.5,symmetric_full,64.88732445232654,12,0,0
892,0.5,symmetric_full,63.36237495866567,-6,0,0
893,0.5,symmetric_full,49.13876747235827,12,0,0
894,0.5,symmetric_full,35.83607162144665,8,0,0
895,0.5,symmetric_full,65.8492708123672,-16,0,0
896,0.5,symmetric_full,71.49430559799094,5,0,0
897,0.5,symmetric_full,61.89747766974557,5,0,0
898,0.5,symmetric_full,56.445232954102096,-2,0,0
899,0.5,symmetric_full,52.67316013564333,0,0,0
900,0.5,symmetric_full,84.85644165947568,0,0,0
901,0.5,symmetric_full,37.06033738856058,13,0,0
902,0.5,symmetric_full,32.31823824885487,9,0,0
903,0.5,symmetric_full,58.41366007884835,-8,0,0
904,0.5,symmetric_full,62.699296695860994,3,0,0
905,0.5,symmetric_full,59.77586787271264,-10,0,0
906,0.5,symmetric_full,76.21926612993775,-17,0,0
907,0.5,symmetric_full,61.92602109013103,-1,0,0
908,0.5,symmetric_full,50.19468844763696,9,0,0
909,0.5,symmetric_full,57.29414985927451,2,0,0
910,0.5,symmetric_full,58.28473257314408,3,0,0
911,0.5,symmetric_full,52.527870682170544,1,0,0
912,0.5,symmetric_full,72.20004322768122,2,0,0
913,0.5,symmetric_full,77.72933317988691,9,0,0
914,0.5,symmetric_full,46.82393383658302,-3,0,0
915,0.5,symmetric_full,65.26498212081049,7,0,0
916,0.5,symmetric_full,65.16965150088146,5,0,0
917,0.5,symmetric_full,54.247254005573026,0,0,0
918,0.5,symmetric_full,70.03152273173794,-10,0,0
919,0.5,symmetric_full,50.21633176964497,17,0,0
920,0.5,symmetric_full,43.947038420634954,-10,0,0
921,0.5,symmetric_full,70.951784165562,8,0,0
922,0.5,symmetric_full,46.496421744037264,-5,0,0
923,0.5,symmetric_full,56.944243230471216,8,0,0
924,0.5,symmetric_full,65.36066754575967,5,0,0
925,0.5,symmetric_full,46.710788523828796,-12,0,0
926,0.5,symmetric_full,52.62869234317424,-3,0,0
927,0.5,symmetric_full,75.96296063158616,12,0,0
928,0.5,symmetric_full,65.1927896099081,1,0,0
929,0.5,symmetric_full,54.74459803549166,2,0,0
930,0.5,symmetric_full,73.5473015278842,-4,0,0
931,0.5,symmetric_full,68.83682703041927,-12,0,0
932,0.5,symmetric_full,55.64481830285979,-1,0,0
933,0.5,symmetric_full,55.4506645867084,-6,0,0
934,0.5,symmetric_full,59.43766101533441,-3,0,0
935,0.5,symmetric_full,45.98673538260198,-8,0,0
936,0.5,symmetric_full,57.51436248516188,-5,0,0
937,0.5,symmetric_full,57.797246364092075,6,0,0
938,0.5,symmetric_full,37.33922033100487,7,0,0
939,0.5,symmetric_full,50.21392663285508,-6,0,0
940,0.5,symmetric_full,52.34365711979723,-5,0,0
941,0.5,symmetric_full,43.55293647147107,-9,0,0
942,0.5,symmetric_full,63.57636825367058,-1,0,0
943,0.5,symmetric_full,24.250764363713415,15,0,0
944,0.5,symmetric_full,57.73487814908154,0,0,0
945,0.5,symmetric_full,66.58949107973513,7,0,0
946,0.5,symmetric_full,78.10865709482056,4,0,0
947,0.5,symmetric_full,80.8302482120871,15,0,0
948,0.5,symmetric_full,48.28725104652179,1,0,0
949,0.5,symmetric_full,80.4787241447707,10,0,0
950,0.5,symmetric_full,59.53794112892433,15,0,0
951,0.5,symmetric_full,54.09545322147022,-3,0,0
952,0.5,symmetric_full,44.058301054127696,-9,0,0
953,0.5,symmetric_full,50.130407397561385,2,0,0
954,0.5,symmetric_full,46.054696089118124,-11,0,0
955,0.5,symmetric_full,63.10530340085619,0,0,0
956,0.5,symmetric_full,70.7111602852367,6,0,0
957,0.5,symmetric_full,73.72122733518621,0,0,0
958,0.5,symmetric_full,61.05761984887863,-6,0,0
959,0.5,symmetric_full,61.31477713640379,-2,0,0
960,0.5,symmetric_full,69.16634532922785,-9,0,0
961,0.5,symmetric_full,58.20252477927977,5,0,0
962,0.5,symmetric_full,49.41017184723114,-3,0,0
963,0.5,symmetric_full,57.36995453891424,1,0,0
964,0.5,symmetric_full,21.85098463108193,-12,0,0
965,0.5,symmetric_full,60.265285158842985,1,0,0
966,0.5,symmetric_full,57.867298568832936,1,0,0
967,0.5,symmetric_full,72.7121241253742,-7,0,0
968,0.5,symmetric_full,60.35762749035963,0,0,0
969,0.5,symmetric_full,84.54302343685936,-16,0,0
970,0.5,symmetric_full,78.84750651229035,9,0,0
971,0.5,symmetric_full,52.67058649847347,0,0,0
972,0.5,symmetric_full,65.78906878701173,-6,0,0
973,0.5,symmetric_full,64.19108983848281,-2,0,0
974,0.5,symmetric_full,73.95330059139826,-3,0,0
975,0.5,symmetric_full,41.312122451948284,1,0,0
976,0.5,symmetric_full,56.600604740486574,-3,0,0
977,0.5,symmetric_full,65.96667425075465,0,0,0
978,0.5,symmetric_full,71.6389677743341,-6,0,0
979,0.5,symmetric_full,63.92176592354923,5,0,0
980,0.5,symmetric_full,53.85892025202338,-2,0,0
981,0.5,symmetric_full,61.67302516023801,12,0,0
982,0.5,symmetric_full,57.76395547540034,4,0,0
983,0.5,symmetric_full,61.387339735288606,-2,0,0
984,0.5,symmetric_full,69.2023596757038,0,0,0
985,0.5,symmetric_full,51.793022201186886,-1,0,0
986,0.5,symmetric_full,47.10482298528973,16,0,0
987,0.5,symmetric_full,66.65485522463888,-2,0,0
988,0.5,symmetric_full,63.92214704981643,7,0,0
989,0.5,symmetric_full,70.70564292291482,-4,0,0
990,0.5,symmetric_full,74.37643105894381,11,0,0
991,0.5,symmetric_full,53.804344243148705,-4,0,0
992,0.5,symmetric_full,49.24672774112099,2,0,0
993,0.5,symmetric_full,58.9615796189089,-12,0,0
994,0.5,symmetric_full,47.91954457010195,7,0,0
995,0.5,symmetric_full,60.64263683024262,-7,0,0
996,0.5,symmetric_full,62.609491079735335,-7,0,0
997,0.5,symmetric_full,42.60937311067009,1,0,0
998,0.5,symmetric_full,32.125201152505724,11,0,0
999,0.5,symmetric_full,42.63390795308919,-4,0,0
