path_id,gamma,strategy,terminal_profit,terminal_inventory,negative_delta_count,bernoulli_violation_count
0,0.01,inventory_const,61.27896770668781,-8,0,0
1,0.01,inventory_const,69.4155512957737,-5,0,0
2,0.01,inventory_const,82.77438141999818,3,0,0
3,0.01,inventory_const,84.92922942011427,-1,0,0
4,0.01,inventory_const,67.16988322109975,1,0,0
5,0.01,inventory_const,64.73592296885829,-4,0,0
6,0.01,inventory_const,47.68867070995833,-1,0,0
7,0.01,inventory_const,64.98921538685957,2,0,0
8,0.01,inventory_const,77.5756777054127,0,0,0
9,0.01,inventory_const,56.26507998118768,6,0,0
10,0.01,inventory_const,72.23951587392139,-6,0,0
11,0.01,inventory_const,65.62975332112876,-5,0,0
12,0.01,inventory_const,63.47943297756899,3,0,0
13,0.01,inventory_const,66.87026186486247,3,0,0
14,0.01,inventory_const,67.53365230845117,3,0,0
15,0.01,inventory_const,62.80472467426898,10,0,0
16,0.01,inventory_const,61.03305860257626,-3,0,0
17,0.01,inventory_const,54.13058331679031,9,0,0
18,0.01,inventory_const,71.39157922133188,-5,0,0
19,0.01,inventory_const,78.81360608327043,-7,0,0
20,0.01,inventory_const,64.36126613363234,-1,0,0
21,0.01,inventory_const,58.81070406170767,2,0,0
22,0.01,inventory_const,64.84957419649868,5,0,0
23,0.01,inventory_const,66.51878495507867,0,0,0
24,0.01,inventory_const,71.69721913001362,2,0,0
25,0.01,inventory_const,70.50605959907341,-6,0,0
26,0.01,inventory_const,71.58559472954971,-4,0,0
27,0.01,inventory_const,64.49236391878583,-6,0,0
28,0.01,inventory_const,66.05682870879912,-1,0,0
29,0.01,inventory_const,86.75483190396272,4,0,0
30,0.01,inventory_const,58.1666299557163,6,0,0
31,0.01,inventory_const,70.08929902688766,-5,0,0
32,0.01,inventory_const,76.9165454825162,-1,0,0
33,0.01,inventory_const,76.87983042659789,-9,0,0
34,0.01,inventory_const,71.96853522717788,-11,0,0
35,0.01,inventory_const,78.53089673872455,-1,0,0
36,0.01,inventory_const,75.13238699282215,-8,0,0
37,0.01,inventory_const,62.25987344662883,-1,0,0
38,0.01,inventory_const,71.38018773649713,2,0,0
39,0.01,inventory_const,70.33311058627996,2,0,0
40,0.01,inventory_const,62.79026517189709,7,0,0
41,0.01,inventory_const,74.24340506439864,-1,0,0
42,0.01,inventory_const,56.34639760046554,-4,0,0
43,0.01,inventory_const,49.7199357404059,3,0,0
44,0.01,inventory_const,55.37530784960957,0,0,0
45,0.01,inventory_const,56.99904055337379,-11,0,0
46,0.01,inventory_const,53.97800034712179,7,0,0
47,0.01,inventory_const,77.22703218914504,3,0,0
48,0.01,inventory_const,63.476085486888465,0,0,0
49,0.01,inventory_const,65.53887945557176,-6,0,0
50,0.01,inventory_const,74.2325183577696,5,0,0
51,0.01,inventory_const,59.55424632188249,-9,0,0
52,0.01,inventory_const,54.98444378089789,-6,0,0
53,0.01,inventory_const,71.70154678657002,6,0,0
54,0.01,inventory_const,59.761305824254805,10,0,0
55,0.01,inventory_const,59.5782236839658,3,0,0
56,0.01,inventory_const,69.33888874917511,-4,0,0
57,0.01,inventory_const,69.2262035646592,1,0,0
58,0.01,inventory_const,71.13811387094051,3,0,0
59,0.01,inventory_const,67.35357972457382,-6,0,0
60,0.01,inventory_const,69.346898786454,0,0,0
61,0.01,inventory_const,67.91608498364758,-11,0,0
62,0.01,inventory_const,57.388704622085584,5,0,0
63,0.01,inventory_const,73.01504401134525,2,0,0
64,0.01,inventory_const,61.15662744949384,-2,0,0
65,0.01,inventory_const,63.064421418176664,2,0,0
66,0.01,inventory_const,76.51335503892778,-3,0,0
67,0.01,inventory_const,66.97677539866743,-4,0,0
68,0.01,inventory_const,72.02413570804543,-3,0,0
69,0.01,inventory_const,67.52971613672935,-2,0,0
70,0.01,inventory_const,55.59023702827909,5,0,0
71,0.01,inventory_const,62.756662368104344,-2,0,0
72,0.01,inventory_const,72.76676010850943,3,0,0
73,0.01,inventory_const,58.836831718263625,-6,0,0
74,0.01,inventory_const,62.271388262113476,-4,0,0
75,0.01,inventory_const,69.5287512957737,5,0,0
76,0.01,inventory_const,69.43158244885615,-2,0,0
77,0.01,inventory_const,66.24771389331431,4,0,0
78,0.01,inventory_const,73.89149980532551,-2,0,0
79,0.01,inventory_const,65.02636287754001,-3,0,0
80,0.01,inventory_const,70.38862692387778,0,0,0
81,0.01,inventory_const,63.35868396477548,-3,0,0
82,0.01,inventory_const,66.1468912553978,6,0,0
83,0.01,inventory_const,62.45096714631012,-3,0,0
84,0.01,inventory_const,80.17300784581766,13,0,0
85,0.01,inventory_const,70.76320733018781,-2,0,0
86,0.01,inventory_const,71.22105284645517,5,0,0
87,0.01,inventory_const,80.62979700772632,-7,0,0
88,0.01,inventory_const,80.66240005195337,1,0,0
89,0.01,inventory_const,73.90272943629441,-2,0,0
90,0.01,inventory_const,72.00838669525172,-5,0,0
91,0.01,inventory_const,66.10873372743845,-7,0,0
92,0.01,inventory_const,67.89699000228609,7,0,0
93,0.01,inventory_const,79.51954553965271,1,0,0
94,0.01,inventory_const,57.615365646571036,-5,0,0
95,0.01,inventory_const,63.738887009002156,7,0,0
96,0.01,inventory_const,70.08785631441333,-7,0,0
97,0.01,inventory_const,71.18176638026019,0,0,0
98,0.01,inventory_const,72.56926360503536,-4,0,0
99,0.01,inventory_const,67.1225995586978,-3,0,0
100,0.01,inventory_const,79.45609303033268,4,0,0
101,0.01,inventory_const,62.70019853982609,-5,0,0
102,0.01,inventory_const,89.85858820737883,-1,0,0
103,0.01,inventory_const,70.15719553036183,-2,0,0
104,0.01,inventory_const,67.68074881192513,6,0,0
105,0.01,inventory_const,81.53774778306752,5,0,0
106,0.01,inventory_const,62.31058698043387,2,0,0
107,0.01,inventory_const,66.82507166170774,8,0,0
108,0.01,inventory_const,55.29341238738175,-10,0,0
109,0.01,inventory_const,66.0826812181189,0,0,0
110,0.01,inventory_const,64.0541717126498,-14,0,0
111,0.01,inventory_const,67.45299979913142,-4,0,0
112,0.01,inventory_const,69.94956285516594,-2,0,0
113,0.01,inventory_const,64.36897219351783,-8,0,0
114,0.01,inventory_const,69.82259400824836,-3,0,0
115,0.01,inventory_const,66.83334552726473,5,0,0
116,0.01,inventory_const,68.73508674619404,7,0,0
117,0.01,inventory_const,62.24439677727946,-3,0,0
118,0.01,inventory_const,66.27844026819128,2,0,0
119,0.01,inventory_const,73.92572943629489,-6,0,0
120,0.01,inventory_const,81.42630811481922,7,0,0
121,0.01,inventory_const,80.94093646410893,1,0,0
122,0.01,inventory_const,64.88104653994203,1,0,0
123,0.01,inventory_const,59.045011884139626,-5,0,0
124,0.01,inventory_const,74.24130004575909,-3,0,0
125,0.01,inventory_const,70.05670030856675,9,0,0
126,0.01,inventory_const,56.8733739213024,3,0,0
127,0.01,inventory_const,77.08645482706191,-5,0,0
128,0.01,inventory_const,78.33419452387784,-4,0,0
129,0.01,inventory_const,72.61256010850929,-5,0,0
130,0.01,inventory_const,79.75237693316882,-3,0,0
131,0.01,inventory_const,82.71633171447138,9,0,0
132,0.01,inventory_const,73.13143421450025,-1,0,0
133,0.01,inventory_const,57.946283746715835,7,0,0
134,0.01,inventory_const,66.15656359884139,4,0,0
135,0.01,inventory_const,82.85942541415235,1,0,0
136,0.01,inventory_const,70.18233170208357,1,0,0
137,0.01,inventory_const,65.53187945557161,2,0,0
138,0.01,inventory_const,72.87166512714884,11,0,0
139,0.01,inventory_const,59.40379952393556,0,0,0
140,0.01,inventory_const,68.14074624856617,0,0,0
141,0.01,inventory_const,70.34734173936215,5,0,0
142,0.01,inventory_const,78.32342543652635,6,0,0
143,0.01,inventory_const,70.93355634298109,-2,0,0
144,0.01,inventory_const,51.91197370324306,5,0,0
145,0.01,inventory_const,73.5023605893769,-3,0,0
146,0.01,inventory_const,40.959100683246106,-12,0,0
147,0.01,inventory_const,49.11790562856902,7,0,0
148,0.01,inventory_const,79.9975558173652,-2,0,0
149,0.01,inventory_const,70.71917745878477,-5,0,0
150,0.01,inventory_const,69.25907743021656,-4,0,0
151,0.01,inventory_const,77.8548849388985,1,0,0
152,0.01,inventory_const,54.52085333730881,-2,0,0
153,0.01,inventory_const,61.956722671288276,7,0,0
154,0.01,inventory_const,57.81492597832312,-9,0,0
155,0.01,inventory_const,75.98398899580273,1,0,0
156,0.01,inventory_const,62.843358871578005,3,0,0
157,0.01,inventory_const,64.07487721215716,6,0,0
158,0.01,inventory_const,80.0379231421694,4,0,0
159,0.01,inventory_const,64.55530009050733,-3,0,0
160,0.01,inventory_const,54.29075963762807,6,0,0
161,0.01,inventory_const,72.60471611435514,-5,0,0
162,0.01,inventory_const,66.10846989916047,-6,0,0
163,0.01,inventory_const,75.40060706737955,4,0,0
164,0.01,inventory_const,78.45959172008475,-1,0,0
165,0.01,inventory_const,83.12628796075103,4,0,0
166,0.01,inventory_const,76.86838947667025,-3,0,0
167,0.01,inventory_const,71.15901736746639,-4,0,0
168,0.01,inventory_const,60.51594178411085,7,0,0
169,0.01,inventory_const,75.40070357085335,-3,0,0
170,0.01,inventory_const,64.5881724339512,3,0,0
171,0.01,inventory_const,55.72137320000115,8,0,0
172,0.01,inventory_const,72.39234854911717,4,0,0
173,0.01,inventory_const,65.62025962144742,-3,0,0
174,0.01,inventory_const,87.46902314836325,16,0,0
175,0.01,inventory_const,75.18995864353235,-6,0,0
176,0.01,inventory_const,71.65763044897199,4,0,0
177,0.01,inventory_const,66.75702195618085,0,0,0
178,0.01,inventory_const,71.74894550489029,4,0,0
179,0.01,inventory_const,53.82900058755553,-2,0,0
180,0.01,inventory_const,68.52720460590531,0,0,0
181,0.01,inventory_const,70.41773194251721,-6,0,0
182,0.01,inventory_const,72.3548746835599,1,0,0
183,0.01,inventory_const,49.933045084951345,-5,0,0
184,0.01,inventory_const,59.004043277656024,-1,0,0
185,0.01,inventory_const,61.98015406480431,-7,0,0
186,0.01,inventory_const,78.4584326700126,-11,0,0
187,0.01,inventory_const,55.24261414992867,-4,0,0
188,0.01,inventory_const,74.25773119884165,0,0,0
189,0.01,inventory_const,69.21075105533983,2,0,0
190,0.01,inventory_const,80.35818568876812,-1,0,0
191,0.01,inventory_const,72.95010631751006,4,0,0
192,0.01,inventory_const,60.80989955250365,1,0,0
193,0.01,inventory_const,66.60396512095474,-9,0,0
194,0.01,inventory_const,70.27657112989777,-14,0,0
195,0.01,inventory_const,67.45161392188277,-5,0,0
196,0.01,inventory_const,65.92961738984087,-3,0,0
197,0.01,inventory_const,79.4641394511994,1,0,0
198,0.01,inventory_const,63.038736233661524,3,0,0
199,0.01,inventory_const,61.144458602576435,3,0,0
200,0.01,inventory_const,67.49291741840932,-6,0,0
201,0.01,inventory_const,66.8107879993057,0,0,0
202,0.01,inventory_const,63.255937755774596,2,0,0
203,0.01,inventory_const,86.89212968911647,9,0,0
204,0.01,inventory_const,65.55322542413842,-2,0,0
205,0.01,inventory_const,55.58962418720722,-4,0,0
206,0.01,inventory_const,61.88487320619504,-2,0,0
207,0.01,inventory_const,71.78044048625082,4,0,0
208,0.01,inventory_const,70.23462972767055,-3,0,0
209,0.01,inventory_const,67.71575860876976,-7,0,0
210,0.01,inventory_const,49.05494529681687,-9,0,0
211,0.01,inventory_const,72.07797818008612,4,0,0
212,0.01,inventory_const,73.40310936173671,-6,0,0
213,0.01,inventory_const,79.11434097331255,-4,0,0
214,0.01,inventory_const,61.97963073415414,-1,0,0
215,0.01,inventory_const,74.34645034023231,-3,0,0
216,0.01,inventory_const,62.239955586917745,4,0,0
217,0.01,inventory_const,64.45931012778664,1,0,0
218,0.01,inventory_const,67.81199000228648,-1,0,0
219,0.01,inventory_const,75.82186109881268,0,0,0
220,0.01,inventory_const,85.72960854474479,7,0,0
221,0.01,inventory_const,64.64241514642583,-5,0,0
222,0.01,inventory_const,73.95315231464502,-5,0,0
223,0.01,inventory_const,76.30977919895776,4,0,0
224,0.01,inventory_const,74.86693143927539,7,0,0
225,0.01,inventory_const,65.21731060865415,-3,0,0
226,0.01,inventory_const,64.04421338387903,5,0,0
227,0.01,inventory_const,56.56858652194046,5,0,0
228,0.01,inventory_const,73.94242593976799,11,0,0
229,0.01,inventory_const,59.101126699624274,-2,0,0
230,0.01,inventory_const,62.49318698043368,4,0,0
231,0.01,inventory_const,56.277363643589865,4,0,0
232,0.01,inventory_const,63.438020136497244,-2,0,0
233,0.01,inventory_const,39.22849563603836,-5,0,0
234,0.01,inventory_const,65.4218907745302,2,0,0
235,0.01,inventory_const,65.83018599632453,-3,0,0
236,0.01,inventory_const,68.97551813971018,-7,0,0
237,0.01,inventory_const,68.62720460590515,-6,0,0
238,0.01,inventory_const,75.3926297052966,6,0,0
239,0.01,inventory_const,75.60024953942002,13,0,0
240,0.01,inventory_const,75.70866961397832,-1,0,0
241,0.01,inventory_const,86.20162443004313,6,0,0
242,0.01,inventory_const,64.59432296885844,0,0,0
243,0.01,inventory_const,73.86803878084001,2,0,0
244,0.01,inventory_const,61.20764880573104,0,0,0
245,0.01,inventory_const,98.97774216549544,4,0,0
246,0.01,inventory_const,51.242855843531714,0,0,0
247,0.01,inventory_const,74.54936411447125,-5,0,0
248,0.01,inventory_const,67.51796712393559,-8,0,0
249,0.01,inventory_const,73.36585557073741,-1,0,0
250,0.01,inventory_const,57.639438230448505,0,0,0
251,0.01,inventory_const,60.841566184574845,7,0,0
252,0.01,inventory_const,71.58452695244563,3,0,0
253,0.01,inventory_const,76.05608245505016,-4,0,0
254,0.01,inventory_const,74.70166061794491,0,0,0
255,0.01,inventory_const,61.46245008741039,-8,0,0
256,0.01,inventory_const,88.41330753206671,13,0,0
257,0.01,inventory_const,75.41546189962492,-12,0,0
258,0.01,inventory_const,56.18409130014618,8,0,0
259,0.01,inventory_const,69.53493146164942,6,0,0
260,0.01,inventory_const,66.83751413374773,-9,0,0
261,0.01,inventory_const,65.93581738984079,-3,0,0
262,0.01,inventory_const,64.52006589319899,-10,0,0
263,0.01,inventory_const,71.79043044897196,4,0,0
264,0.01,inventory_const,73.68829980532544,2,0,0
265,0.01,inventory_const,65.40681562729344,-5,0,0
266,0.01,inventory_const,76.00335632060694,3,0,0
267,0.01,inventory_const,75.17700834905907,-2,0,0
268,0.01,inventory_const,55.833373200001574,-10,0,0
269,0.01,inventory_const,72.90470631751009,-10,0,0
270,0.01,inventory_const,54.01866569751314,-9,0,0
271,0.01,inventory_const,68.88059480906031,5,0,0
272,0.01,inventory_const,65.5611859963245,3,0,0
273,0.01,inventory_const,77.88886662688788,-1,0,0
274,0.01,inventory_const,69.28385887777216,-5,0,0
275,0.01,inventory_const,71.3546005775691,3,0,0
276,0.01,inventory_const,63.12006260853798,-5,0,0
277,0.01,inventory_const,65.31131060865407,1,0,0
278,0.01,inventory_const,62.06926060555713,4,0,0
279,0.01,inventory_const,64.42884629950845,-8,0,0
280,0.01,inventory_const,65.2762382652105,1,0,0
281,0.01,inventory_const,72.30418250599196,0,0,0
282,0.01,inventory_const,63.32746389021793,7,0,0
283,0.01,inventory_const,78.65616489290869,-4,0,0
284,0.01,inventory_const,56.387868662229266,8,0,0
285,0.01,inventory_const,72.66326512714875,3,0,0
286,0.01,inventory_const,69.26812969910259,6,0,0
287,0.01,inventory_const,61.308804811577005,0,0,0
288,0.01,inventory_const,80.5021347015616,3,0,0
289,0.01,inventory_const,81.37153798622212,0,0,0
290,0.01,inventory_const,70.59659729290867,0,0,0
291,0.01,inventory_const,68.4104455558329,-2,0,0
292,0.01,inventory_const,60.63993350937892,-3,0,0
293,0.01,inventory_const,71.00411234882714,2,0,0
294,0.01,inventory_const,77.86922391441328,-5,0,0
295,0.01,inventory_const,82.48626484196666,-4,0,0
296,0.01,inventory_const,62.11715558691799,-6,0,0
297,0.01,inventory_const,71.72740909273466,-10,0,0
298,0.01,inventory_const,55.3360367878453,0,0,0
299,0.01,inventory_const,58.80704303722217,4,0,0
300,0.01,inventory_const,61.01579757809091,3,0,0
301,0.01,inventory_const,67.35128322109983,-7,0,0
302,0.01,inventory_const,57.469345572012685,9,0,0
303,0.01,inventory_const,75.97477895852398,1,0,0
304,0.01,inventory_const,80.31086235811804,-1,0,0
305,0.01,inventory_const,62.793671924515365,-8,0,0
306,0.01,inventory_const,53.744469886772436,-6,0,0
307,0.01,inventory_const,87.7393515262213,-5,0,0
308,0.01,inventory_const,68.13262139580252,-1,0,0
309,0.01,inventory_const,64.9475075644275,-7,0,0
310,0.01,inventory_const,64.65545633678734,0,0,0
311,0.01,inventory_const,54.4319581155147,9,0,0
312,0.01,inventory_const,67.37160084037725,9,0,0
313,0.01,inventory_const,68.97790986497841,1,0,0
314,0.01,inventory_const,52.247616656151365,2,0,0
315,0.01,inventory_const,81.62551534830573,-4,0,0
316,0.01,inventory_const,77.72547490161995,3,0,0
317,0.01,inventory_const,46.233572203503854,5,0,0
318,0.01,inventory_const,63.92523169588952,3,0,0
319,0.01,inventory_const,72.74187644610765,-7,0,0
320,0.01,inventory_const,66.48289277751104,-1,0,0
321,0.01,inventory_const,80.2044479949327,7,0,0
322,0.01,inventory_const,70.5405249494649,-4,0,0
323,0.01,inventory_const,73.5132583745303,2,0,0
324,0.01,inventory_const,47.731982962083976,8,0,0
325,0.01,inventory_const,77.89607514205332,2,0,0
326,0.01,inventory_const,59.19936217861277,13,0,0
327,0.01,inventory_const,62.56340833667116,-6,0,0
328,0.01,inventory_const,60.6438342021122,7,0,0
329,0.01,inventory_const,80.47979852983997,6,0,0
330,0.01,inventory_const,71.70029299557075,-5,0,0
331,0.01,inventory_const,72.07325052352962,-2,0,0
332,0.01,inventory_const,73.59911963944943,1,0,0
333,0.01,inventory_const,76.25477919895752,0,0,0
334,0.01,inventory_const,76.36141886720571,-2,0,0
335,0.01,inventory_const,80.55556457296467,-2,0,0
336,0.01,inventory_const,67.74161264020307,-5,0,0
337,0.01,inventory_const,60.41788799311155,6,0,0
338,0.01,inventory_const,65.61127817389206,-2,0,0
339,0.01,inventory_const,50.50392922822101,3,0,0
340,0.01,inventory_const,64.89086637406623,2,0,0
341,0.01,inventory_const,74.3489198798834,-8,0,0
342,0.01,inventory_const,63.55356914929092,-4,0,0
343,0.01,inventory_const,72.91066664926223,4,0,0
344,0.01,inventory_const,52.705271969264004,-6,0,0
345,0.01,inventory_const,64.96751036822036,-2,0,0
346,0.01,inventory_const,75.68890204874015,-16,0,0
347,0.01,inventory_const,66.30896640263444,-3,0,0
348,0.01,inventory_const,71.25939472954963,-10,0,0
349,0.01,inventory_const,70.79911515261983,3,0,0
350,0.01,inventory_const,91.76858369817516,2,0,0
351,0.01,inventory_const,80.02915557693147,1,0,0
352,0.01,inventory_const,59.83005635916197,-7,0,0
353,0.01,inventory_const,75.55420858949304,3,0,0
354,0.01,inventory_const,73.8209806639345,3,0,0
355,0.01,inventory_const,52.15200661887275,-10,0,0
356,0.01,inventory_const,73.89253095840746,-5,0,0
357,0.01,inventory_const,57.56350334040599,3,0,0
358,0.01,inventory_const,71.33201888957963,1,0,0
359,0.01,inventory_const,60.07580409027548,-1,0,0
360,0.01,inventory_const,73.69830808005757,0,0,0
361,0.01,inventory_const,69.93675434000012,1,0,0
362,0.01,inventory_const,90.70445099441142,-1,0,0
363,0.01,inventory_const,68.7943281769891,-1,0,0
364,0.01,inventory_const,75.69610228917406,7,0,0
365,0.01,inventory_const,80.86569375163424,-7,0,0
366,0.01,inventory_const,74.67592991716208,6,0,0
367,0.01,inventory_const,75.18140402315315,0,0,0
368,0.01,inventory_const,63.857685727322476,1,0,0
369,0.01,inventory_const,61.824868880289046,-4,0,0
370,0.01,inventory_const,68.92368570494824,-4,0,0
371,0.01,inventory_const,70.9688027638474,13,0,0
372,0.01,inventory_const,72.76130631750999,0,0,0
373,0.01,inventory_const,75.12180530483249,8,0,0
374,0.01,inventory_const,70.79494478358853,3,0,0
375,0.01,inventory_const,72.12048600251859,-3,0,0
376,0.01,inventory_const,56.29734228735248,2,0,0
377,0.01,inventory_const,68.67541464318424,4,0,0
378,0.01,inventory_const,63.59940182448656,-2,0,0
379,0.01,inventory_const,74.5866490585527,-1,0,0
380,0.01,inventory_const,64.96870185305437,-1,0,0
381,0.01,inventory_const,74.11926865224325,-7,0,0
382,0.01,inventory_const,73.9607721487692,4,0,0
383,0.01,inventory_const,66.97325334969668,4,0,0
384,0.01,inventory_const,50.277728987787725,-2,0,0
385,0.01,inventory_const,65.38141562729362,1,0,0
386,0.01,inventory_const,81.633031685903,-10,0,0
387,0.01,inventory_const,83.8196472512574,1,0,0
388,0.01,inventory_const,68.03021416231661,-8,0,0
389,0.01,inventory_const,75.25382666106975,-6,0,0
390,0.01,inventory_const,86.67368569496193,9,0,0
391,0.01,inventory_const,93.80126132926034,-2,0,0
392,0.01,inventory_const,53.648451574761964,0,0,0
393,0.01,inventory_const,79.69125055829181,-7,0,0
394,0.01,inventory_const,59.70171738364678,-3,0,0
395,0.01,inventory_const,52.61672167479088,4,0,0
396,0.01,inventory_const,59.05464175554255,-4,0,0
397,0.01,inventory_const,47.66288074723707,7,0,0
398,0.01,inventory_const,60.69432194998649,-8,0,0
399,0.01,inventory_const,67.29502219661458,-7,0,0
400,0.01,inventory_const,67.20669325837872,-3,0,0
401,0.01,inventory_const,70.23150207111439,7,0,0
402,0.01,inventory_const,86.24581006685776,8,0,0
403,0.01,inventory_const,74.12219502711986,-5,0,0
404,0.01,inventory_const,73.58532943629456,2,0,0
405,0.01,inventory_const,62.60524101186695,0,0,0
406,0.01,inventory_const,81.03660832668447,-15,0,0
407,0.01,inventory_const,57.73067090564393,-2,0,0
408,0.01,inventory_const,73.89388848636699,0,0,0
409,0.01,inventory_const,65.48180711212797,8,0,0
410,0.01,inventory_const,71.20073522717763,1,0,0
411,0.01,inventory_const,83.06904372616361,11,0,0
412,0.01,inventory_const,54.58089604978363,-2,0,0
413,0.01,inventory_const,78.8726487957448,-1,0,0
414,0.01,inventory_const,63.3178540933726,6,0,0
415,0.01,inventory_const,54.79521390949503,-3,0,0
416,0.01,inventory_const,74.52935407719235,1,0,0
417,0.01,inventory_const,65.07218423377753,3,0,0
418,0.01,inventory_const,61.98291439655645,1,0,0
419,0.01,inventory_const,83.86071236121404,-10,0,0
420,0.01,inventory_const,49.28980936552921,-1,0,0
421,0.01,inventory_const,56.71668873678708,0,0,0
422,0.01,inventory_const,50.8907505844586,-5,0,0
423,0.01,inventory_const,80.95749375163405,5,0,0
424,0.01,inventory_const,72.75955007123025,11,0,0
425,0.01,inventory_const,66.54825986188166,-8,0,0
426,0.01,inventory_const,88.00302971768411,-4,0,0
427,0.01,inventory_const,65.27636159586069,-5,0,0
428,0.01,inventory_const,62.2338080962374,-3,0,0
429,0.01,inventory_const,65.55556464008731,-5,0,0
430,0.01,inventory_const,70.85915482086784,-5,0,0
431,0.01,inventory_const,62.35783948975363,1,0,0
432,0.01,inventory_const,62.72522117774278,-1,0,0
433,0.01,inventory_const,63.59404277441422,6,0,0
434,0.01,inventory_const,67.75009502092583,1,0,0
435,0.01,inventory_const,73.01458018306715,-3,0,0
436,0.01,inventory_const,71.49918773649756,-2,0,0
437,0.01,inventory_const,57.283527260002415,-5,0,0
438,0.01,inventory_const,54.07085181519574,5,0,0
439,0.01,inventory_const,67.72557996500728,3,0,0
440,0.01,inventory_const,60.06297293719308,0,0,0
441,0.01,inventory_const,67.62988498364695,-3,0,0
442,0.01,inventory_const,50.525234246860464,-5,0,0
443,0.01,inventory_const,77.38161387713455,-1,0,0
444,0.01,inventory_const,68.17495884920413,-4,0,0
445,0.01,inventory_const,68.7931593300716,-2,0,0
446,0.01,inventory_const,47.91032474139183,7,0,0
447,0.01,inventory_const,59.95551890575999,2,0,0
448,0.01,inventory_const,73.17420282098419,-11,0,0
449,0.01,inventory_const,79.79771158277742,5,0,0
450,0.01,inventory_const,83.69487968601928,0,0,0
451,0.01,inventory_const,74.86148045206897,-5,0,0
452,0.01,inventory_const,65.30648925241667,7,0,0
453,0.01,inventory_const,73.22447820865438,-3,0,0
454,0.01,inventory_const,82.53071887339956,-6,0,0
455,0.01,inventory_const,64.4544377843427,-1,0,0
456,0.01,inventory_const,57.361492021447646,1,0,0
457,0.01,inventory_const,70.34777289244502,2,0,0
458,0.01,inventory_const,75.77525981713313,6,0,0
459,0.01,inventory_const,75.4075218828641,-5,0,0
460,0.01,inventory_const,56.93575256506517,5,0,0
461,0.01,inventory_const,65.84795879206774,8,0,0
462,0.01,inventory_const,55.288939002692075,5,0,0
463,0.01,inventory_const,73.7894357366136,-4,0,0
464,0.01,inventory_const,80.85408243267528,-3,0,0
465,0.01,inventory_const,59.74350606468812,-1,0,0
466,0.01,inventory_const,83.45831935426736,10,0,0
467,0.01,inventory_const,69.81168047444292,0,0,0
468,0.01,inventory_const,66.8125156558616,-8,0,0
469,0.01,inventory_const,78.96269978295106,5,0,0
470,0.01,inventory_const,49.996664919075556,-6,0,0
471,0.01,inventory_const,78.33639300176446,-3,0,0
472,0.01,inventory_const,75.05501966801728,-2,0,0
473,0.01,inventory_const,70.42222844599112,-1,0,0
474,0.01,inventory_const,64.91053148402398,-5,0,0
475,0.01,inventory_const,55.51311916856838,-4,0,0
476,0.01,inventory_const,61.99294402752582,9,0,0
477,0.01,inventory_const,71.30529275513686,-2,0,0
478,0.01,inventory_const,61.19965860257622,1,0,0
479,0.01,inventory_const,59.88810734636843,9,0,0
480,0.01,inventory_const,76.1477889958029,3,0,0
481,0.01,inventory_const,62.60638698043397,-4,0,0
482,0.01,inventory_const,66.02148121811848,2,0,0
483,0.01,inventory_const,76.85119228046325,0,0,0
484,0.01,inventory_const,66.12698623675806,2,0,0
485,0.01,inventory_const,65.88895484324189,-8,0,0
486,0.01,inventory_const,64.77419379018889,-1,0,0
487,0.01,inventory_const,67.2190520680175,-4,0,0
488,0.01,inventory_const,71.61377641753927,4,0,0
489,0.01,inventory_const,72.3025228669735,8,0,0
490,0.01,inventory_const,57.988967409118516,3,0,0
491,0.01,inventory_const,66.25133372743863,3,0,0
492,0.01,inventory_const,66.7585666430681,4,0,0
493,0.01,inventory_const,67.05406338697588,2,0,0
494,0.01,inventory_const,77.51156836086693,8,0,0
495,0.01,inventory_const,60.24717421887263,2,0,0
496,0.01,inventory_const,83.1569088361208,10,0,0
497,0.01,inventory_const,60.01601260544109,-2,0,0
498,0.01,inventory_const,65.20492040549948,8,0,0
499,0.01,inventory_const,58.67066567513885,2,0,0
500,0.01,inventory_const,65.4327927489428,-2,0,0
501,0.01,inventory_const,68.54547694934877,6,0,0
502,0.01,inventory_const,84.39740630133,1,0,0
503,0.01,inventory_const,57.38897696552931,11,0,0
504,0.01,inventory_const,85.59538871062061,2,0,0
505,0.01,inventory_const,73.87205581117144,-6,0,0
506,0.01,inventory_const,77.86476160824856,-1,0,0
507,0.01,inventory_const,77.1560123550211,2,0,0
508,0.01,inventory_const,61.95880657412408,2,0,0
509,0.01,inventory_const,67.71802267748211,-1,0,0
510,0.01,inventory_const,73.33557994263361,2,0,0
511,0.01,inventory_const,72.6341827464264,-5,0,0
512,0.01,inventory_const,70.39293194251718,6,0,0
513,0.01,inventory_const,51.80478221840838,-2,0,0
514,0.01,inventory_const,63.336895283733895,-3,0,0
515,0.01,inventory_const,71.0281337050643,-4,0,0
516,0.01,inventory_const,88.95169122303741,-2,0,0
517,0.01,inventory_const,64.48544477739517,7,0,0
518,0.01,inventory_const,61.96907040240217,-7,0,0
519,0.01,inventory_const,77.78548646101183,4,0,0
520,0.01,inventory_const,57.873585721128535,1,0,0
521,0.01,inventory_const,68.20743423687402,0,0,0
522,0.01,inventory_const,73.84718194561401,7,0,0
523,0.01,inventory_const,67.65576432014268,-3,0,0
524,0.01,inventory_const,59.81744504020308,1,0,0
525,0.01,inventory_const,62.05141789308209,2,0,0
526,0.01,inventory_const,66.40494528683094,0,0,0
527,0.01,inventory_const,63.67509680584703,8,0,0
528,0.01,inventory_const,70.6305249494651,6,0,0
529,0.01,inventory_const,72.27045356775665,2,0,0
530,0.01,inventory_const,75.8106299457302,3,0,0
531,0.01,inventory_const,78.19414900761075,5,0,0
532,0.01,inventory_const,71.22270255198225,-1,0,0
533,0.01,inventory_const,77.7858038398548,-7,0,0
534,0.01,inventory_const,73.38404272966588,2,0,0
535,0.01,inventory_const,62.01275558691745,0,0,0
536,0.01,inventory_const,62.69484101186703,2,0,0
537,0.01,inventory_const,61.16641741221514,0,0,0
538,0.01,inventory_const,86.54808545452852,-6,0,0
539,0.01,inventory_const,62.35053447111443,-5,0,0
540,0.01,inventory_const,60.553130465152435,5,0,0
541,0.01,inventory_const,76.758319696586,-5,0,0
542,0.01,inventory_const,58.10315737183919,-9,0,0
543,0.01,inventory_const,73.22590503583045,2,0,0
544,0.01,inventory_const,49.298156856209346,0,0,0
545,0.01,inventory_const,53.47291364049306,7,0,0
546,0.01,inventory_const,71.67424876098292,2,0,0
547,0.01,inventory_const,59.11472694005806,-1,0,0
548,0.01,inventory_const,72.84443092983975,8,0,0
549,0.01,inventory_const,76.59796787999944,0,0,0
550,0.01,inventory_const,68.10749654303936,-4,0,0
551,0.01,inventory_const,69.45885911820596,-2,0,0
552,0.01,inventory_const,80.96334497927467,-6,0,0
553,0.01,inventory_const,64.9008990492622,-2,0,0
554,0.01,inventory_const,57.114615111663966,-2,0,0
555,0.01,inventory_const,64.60702366159137,2,0,0
556,0.01,inventory_const,80.04373446112788,6,0,0
557,0.01,inventory_const,69.39428874917508,-2,0,0
558,0.01,inventory_const,73.30871939901544,-4,0,0
559,0.01,inventory_const,70.84806963635265,-6,0,0
560,0.01,inventory_const,75.60181710465878,4,0,0
561,0.01,inventory_const,72.77769756191032,4,0,0
562,0.01,inventory_const,67.66611613672922,-6,0,0
563,0.01,inventory_const,59.19774549250269,2,0,0
564,0.01,inventory_const,63.389831455455635,-4,0,0
565,0.01,inventory_const,88.54590101988197,-5,0,0
566,0.01,inventory_const,67.8105900022864,-1,0,0
567,0.01,inventory_const,72.37434854911702,0,0,0
568,0.01,inventory_const,78.70279476431156,-1,0,0
569,0.01,inventory_const,59.98689907163623,-1,0,0
570,0.01,inventory_const,67.09572697482008,2,0,0
571,0.01,inventory_const,84.26957514824733,-2,0,0
572,0.01,inventory_const,59.110193331694745,-8,0,0
573,0.01,inventory_const,66.64793396787229,-2,0,0
574,0.01,inventory_const,61.74835534648378,-5,0,0
575,0.01,inventory_const,64.04989704628099,-5,0,0
576,0.01,inventory_const,55.49463270237311,1,0,0
577,0.01,inventory_const,76.4551678799993,-2,0,0
578,0.01,inventory_const,55.93556059936286,0,0,0
579,0.01,inventory_const,59.370295786975475,8,0,0
580,0.01,inventory_const,73.07084401134512,-2,0,0
581,0.01,inventory_const,77.03190581426821,5,0,0
582,0.01,inventory_const,68.53721239976915,-10,0,0
583,0.01,inventory_const,48.49770514770148,-9,0,0
584,0.01,inventory_const,62.517072164949354,-1,0,0
585,0.01,inventory_const,74.89517695554291,2,0,0
586,0.01,inventory_const,72.68109628023137,6,0,0
587,0.01,inventory_const,55.47984402133142,-5,0,0
588,0.01,inventory_const,59.84453721777095,-2,0,0
589,0.01,inventory_const,63.82242165861058,3,0,0
590,0.01,inventory_const,58.99742168098476,-2,0,0
591,0.01,inventory_const,78.86948670144557,11,0,0
592,0.01,inventory_const,73.12470936173668,4,0,0
593,0.01,inventory_const,57.46146086836532,2,0,0
594,0.01,inventory_const,58.90200056518154,1,0,0
595,0.01,inventory_const,79.00544879574474,-1,0,0
596,0.01,inventory_const,78.63542591739427,0,0,0
597,0.01,inventory_const,65.46468797073715,-5,0,0
598,0.01,inventory_const,71.99765879826123,-8,0,0
599,0.01,inventory_const,73.05200282098369,-1,0,0
600,0.01,inventory_const,62.73540134361896,0,0,0
601,0.01,inventory_const,78.45484422940478,-2,0,0
602,0.01,inventory_const,73.58079326457249,3,0,0
603,0.01,inventory_const,57.186063431724165,-6,0,0
604,0.01,inventory_const,64.5648264653845,1,0,0
605,0.01,inventory_const,73.73981462081022,-1,0,0
606,0.01,inventory_const,64.03227721215677,2,0,0
607,0.01,inventory_const,57.6970410342409,3,0,0
608,0.01,inventory_const,76.96350709594753,11,0,0
609,0.01,inventory_const,71.04652518989857,3,0,0
610,0.01,inventory_const,81.09067543962348,1,0,0
611,0.01,inventory_const,48.93389254706392,-7,0,0
612,0.01,inventory_const,72.92808496127248,-4,0,0
613,0.01,inventory_const,60.64527667415308,2,0,0
614,0.01,inventory_const,65.77740735256174,-5,0,0
615,0.01,inventory_const,67.87415884920364,4,0,0
616,0.01,inventory_const,70.43339577079541,-3,0,0
617,0.01,inventory_const,60.258697789956614,3,0,0
618,0.01,inventory_const,72.04843768245837,-7,0,0
619,0.01,inventory_const,79.76963923933357,-3,0,0
620,0.01,inventory_const,63.76564453696102,-2,0,0
621,0.01,inventory_const,70.11428746749527,6,0,0
622,0.01,inventory_const,66.0362500650362,-5,0,0
623,0.01,inventory_const,72.51117689840703,8,0,0
624,0.01,inventory_const,81.35864300486162,8,0,0
625,0.01,inventory_const,66.39988145855273,-5,0,0
626,0.01,inventory_const,62.58330484014505,7,0,0
627,0.01,inventory_const,50.15523400642692,-2,0,0
628,0.01,inventory_const,61.598545309204894,-3,0,0
629,0.01,inventory_const,74.8754590958315,11,0,0
630,0.01,inventory_const,51.838090040840825,-7,0,0
631,0.01,inventory_const,67.46783095221392,3,0,0
632,0.01,inventory_const,58.125019918437545,4,0,0
633,0.01,inventory_const,69.84681664616522,1,0,0
634,0.01,inventory_const,67.52323095221402,5,0,0
635,0.01,inventory_const,75.53133624604925,3,0,0
636,0.01,inventory_const,65.27562542413872,2,0,0
637,0.01,inventory_const,49.49211718796127,-2,0,0
638,0.01,inventory_const,73.71537062665584,3,0,0
639,0.01,inventory_const,64.18510836523876,9,0,0
640,0.01,inventory_const,55.50473048752653,2,0,0
641,0.01,inventory_const,62.886490717393656,-2,0,0
642,0.01,inventory_const,59.70243652503757,4,0,0
643,0.01,inventory_const,72.29140105843689,1,0,0
644,0.01,inventory_const,65.37666242524097,-6,0,0
645,0.01,inventory_const,63.53807416793029,2,0,0
646,0.01,inventory_const,64.12067593047743,4,0,0
647,0.01,inventory_const,72.53806616839438,-8,0,0
648,0.01,inventory_const,49.650968415601426,5,0,0
649,0.01,inventory_const,71.33454374234327,-2,0,0
650,0.01,inventory_const,63.66562446240357,-6,0,0
651,0.01,inventory_const,79.55634273585952,-2,0,0
652,0.01,inventory_const,72.65823245195293,-7,0,0
653,0.01,inventory_const,62.11009023652605,-8,0,0
654,0.01,inventory_const,55.24995883681618,2,0,0
655,0.01,inventory_const,86.70128697664154,5,0,0
656,0.01,inventory_const,68.48602444002904,-1,0,0
657,0.01,inventory_const,64.0598347401164,3,0,0
658,0.01,inventory_const,69.21944603670056,-6,0,0
659,0.01,inventory_const,76.74011280732049,-1,0,0
660,0.01,inventory_const,77.56797839814567,-4,0,0
661,0.01,inventory_const,59.93793873988443,-3,0,0
662,0.01,inventory_const,72.99787516442765,3,0,0
663,0.01,inventory_const,71.22753522717778,7,0,0
664,0.01,inventory_const,63.290327718495405,-8,0,0
665,0.01,inventory_const,69.7572535106201,-4,0,0
666,0.01,inventory_const,73.60091939901548,-4,0,0
667,0.01,inventory_const,45.5866041573986,14,0,0
668,0.01,inventory_const,80.82138745131527,-3,0,0
669,0.01,inventory_const,80.85892642682995,5,0,0
670,0.01,inventory_const,72.74416010850939,5,0,0
671,0.01,inventory_const,67.09518823973931,1,0,0
672,0.01,inventory_const,65.51154200217047,3,0,0
673,0.01,inventory_const,65.30865809933448,2,0,0
674,0.01,inventory_const,57.22157696552938,-1,0,0
675,0.01,inventory_const,72.85862113299504,-3,0,0
676,0.01,inventory_const,64.41091864295201,0,0,0
677,0.01,inventory_const,62.807906362258905,4,0,0
678,0.01,inventory_const,83.39982413247276,-7,0,0
679,0.01,inventory_const,65.92677619947936,0,0,0
680,0.01,inventory_const,79.39469150821975,-1,0,0
681,0.01,inventory_const,72.04871435180809,3,0,0
682,0.01,inventory_const,65.40426813661338,0,0,0
683,0.01,inventory_const,61.11646992153439,-1,0,0
684,0.01,inventory_const,80.97374778306745,1,0,0
685,0.01,inventory_const,48.148059391000174,-5,0,0
686,0.01,inventory_const,80.21857997739512,1,0,0
687,0.01,inventory_const,50.65079305649941,0,0,0
688,0.01,inventory_const,61.91714554963863,-2,0,0
689,0.01,inventory_const,72.14483068940592,-9,0,0
690,0.01,inventory_const,54.70428473082529,-6,0,0
691,0.01,inventory_const,59.447487271810076,-5,0,0
692,0.01,inventory_const,55.45299303412514,3,0,0
693,0.01,inventory_const,81.82268443565687,4,0,0
694,0.01,inventory_const,63.96913823664249,-6,0,0
695,0.01,inventory_const,53.15798750604995,4,0,0
696,0.01,inventory_const,56.338321171549126,-1,0,0
697,0.01,inventory_const,64.77545481467388,5,0,0
698,0.01,inventory_const,69.16477241157733,2,0,0
699,0.01,inventory_const,70.22398421140328,0,0,0
700,0.01,inventory_const,68.50938044587491,-1,0,0
701,0.01,inventory_const,64.93399403062256,6,0,0
702,0.01,inventory_const,77.93573045516598,4,0,0
703,0.01,inventory_const,66.77312417102704,1,0,0
704,0.01,inventory_const,66.4199040964695,1,0,0
705,0.01,inventory_const,63.668632977569075,3,0,0
706,0.01,inventory_const,62.603399340637566,-9,0,0
707,0.01,inventory_const,80.59523819808771,-8,0,0
708,0.01,inventory_const,69.20016389641165,-3,0,0
709,0.01,inventory_const,72.23164353047767,2,0,0
710,0.01,inventory_const,80.92066259855164,-6,0,0
711,0.01,inventory_const,88.77769949776928,10,0,0
712,0.01,inventory_const,72.70629475811779,-11,0,0
713,0.01,inventory_const,65.34591060865432,5,0,0
714,0.01,inventory_const,75.32100834905941,-6,0,0
715,0.01,inventory_const,54.05418798691761,2,0,0
716,0.01,inventory_const,69.43656541852476,-4,0,0
717,0.01,inventory_const,60.43340433070955,6,0,0
718,0.01,inventory_const,66.85734552726466,1,0,0
719,0.01,inventory_const,63.29477043097012,-4,0,0
720,0.01,inventory_const,60.477012845874924,-1,0,0
721,0.01,inventory_const,88.14081559493275,7,0,0
722,0.01,inventory_const,62.06393294900067,-6,0,0
723,0.01,inventory_const,56.85622923441508,1,0,0
724,0.01,inventory_const,76.74210277004147,-5,0,0
725,0.01,inventory_const,62.377693280753164,2,0,0
726,0.01,inventory_const,63.48665281169315,-2,0,0
727,0.01,inventory_const,61.10018625913264,-1,0,0
728,0.01,inventory_const,61.218797578090886,1,0,0
729,0.01,inventory_const,80.85021008923195,-3,0,0
730,0.01,inventory_const,72.03244048625118,8,0,0
731,0.01,inventory_const,54.03453828139061,-8,0,0
732,0.01,inventory_const,69.86416413684549,-6,0,0
733,0.01,inventory_const,63.77302318072407,-2,0,0
734,0.01,inventory_const,77.33192869261904,-4,0,0
735,0.01,inventory_const,70.46761840871216,5,0,0
736,0.01,inventory_const,59.83906487432705,6,0,0
737,0.01,inventory_const,82.21639249852285,2,0,0
738,0.01,inventory_const,61.85855406480459,1,0,0
739,0.01,inventory_const,63.31108396477555,3,0,0
740,0.01,inventory_const,66.85602918966667,1,0,0
741,0.01,inventory_const,69.76586915548489,6,0,0
742,0.01,inventory_const,72.26560386222968,-2,0,0
743,0.01,inventory_const,80.21117845528215,8,0,0
744,0.01,inventory_const,72.72960129887082,-4,0,0
745,0.01,inventory_const,60.767783214905876,-5,0,0
746,0.01,inventory_const,53.95315811551467,5,0,0
747,0.01,inventory_const,67.78480983641059,0,0,0
748,0.01,inventory_const,60.30615286263537,-4,0,0
749,0.01,inventory_const,67.4741997991315,-2,0,0
750,0.01,inventory_const,57.2199556092919,-5,0,0
751,0.01,inventory_const,61.089312153141464,7,0,0
752,0.01,inventory_const,64.51694280298238,3,0,0
753,0.01,inventory_const,76.69036659831971,-2,0,0
754,0.01,inventory_const,67.61824098949248,1,0,0
755,0.01,inventory_const,74.44298242648176,3,0,0
756,0.01,inventory_const,59.42989730908886,-3,0,0
757,0.01,inventory_const,81.37383016379005,3,0,0
758,0.01,inventory_const,58.39470534338693,-2,0,0
759,0.01,inventory_const,65.39522694625195,1,0,0
760,0.01,inventory_const,65.06337291481879,-3,0,0
761,0.01,inventory_const,67.74564251160616,2,0,0
762,0.01,inventory_const,60.21520280859605,-1,0,0
763,0.01,inventory_const,67.66093597085325,5,0,0
764,0.01,inventory_const,68.92648570494852,0,0,0
765,0.01,inventory_const,56.31381615290948,-1,0,0
766,0.01,inventory_const,80.45962268987006,-1,0,0
767,0.01,inventory_const,79.27345731091066,6,0,0
768,0.01,inventory_const,49.67779105351849,5,0,0
769,0.01,inventory_const,77.84600279860997,2,0,0
770,0.01,inventory_const,73.36858146474623,5,0,0
771,0.01,inventory_const,42.841995585096356,11,0,0
772,0.01,inventory_const,59.535623683965696,-1,0,0
773,0.01,inventory_const,58.61048550926307,-5,0,0
774,0.01,inventory_const,77.12964198599036,4,0,0
775,0.01,inventory_const,75.8686711360915,-2,0,0
776,0.01,inventory_const,66.95434552726448,-3,0,0
777,0.01,inventory_const,71.62261913001362,-6,0,0
778,0.01,inventory_const,61.95324904616501,3,0,0
779,0.01,inventory_const,79.68869174865338,2,0,0
780,0.01,inventory_const,73.86277367088246,-1,0,0
781,0.01,inventory_const,64.90481666853948,0,0,0
782,0.01,inventory_const,70.30633322419658,-2,0,0
783,0.01,inventory_const,74.0083821860483,0,0,0
784,0.01,inventory_const,60.56392066830699,4,0,0
785,0.01,inventory_const,62.753978705702195,-2,0,0
786,0.01,inventory_const,77.87030629513563,-1,0,0
787,0.01,inventory_const,60.236394293430195,0,0,0
788,0.01,inventory_const,93.33048919768294,-14,0,0
789,0.01,inventory_const,57.68744231592052,-9,0,0
790,0.01,inventory_const,64.14686869699142,-7,0,0
791,0.01,inventory_const,71.03827115846565,5,0,0
792,0.01,inventory_const,66.38673372743858,3,0,0
793,0.01,inventory_const,75.27509900451344,-2,0,0
794,0.01,inventory_const,78.86158624914634,-2,0,0
795,0.01,inventory_const,62.34875710903134,5,0,0
796,0.01,inventory_const,73.38124705557198,-6,0,0
797,0.01,inventory_const,81.75011254451283,9,0,0
798,0.01,inventory_const,59.62368446801713,-8,0,0
799,0.01,inventory_const,73.13645533030353,6,0,0
800,0.01,inventory_const,68.97786867461707,-4,0,0
801,0.01,inventory_const,65.15178142998464,0,0,0
802,0.01,inventory_const,71.62128576208465,-4,0,0
803,0.01,inventory_const,76.77080778868128,-1,0,0
804,0.01,inventory_const,68.54649678347317,-3,0,0
805,0.01,inventory_const,76.74835375724808,7,0,0
806,0.01,inventory_const,70.44584828011483,-4,0,0
807,0.01,inventory_const,60.124887752677694,-1,0,0
808,0.01,inventory_const,71.75105180520929,0,0,0
809,0.01,inventory_const,66.27666010231525,-1,0,0
810,0.01,inventory_const,61.453911111896105,4,0,0
811,0.01,inventory_const,67.29675708665673,-2,0,0
812,0.01,inventory_const,69.73691314963904,2,0,0
813,0.01,inventory_const,75.09486785143099,-1,0,0
814,0.01,inventory_const,65.38445809933417,0,0,0
815,0.01,inventory_const,51.681152587439556,-4,0,0
816,0.01,inventory_const,54.2348530968751,7,0,0
817,0.01,inventory_const,69.90954149892855,-4,0,0
818,0.01,inventory_const,74.3493837081611,7,0,0
819,0.01,inventory_const,73.55708392002686,3,0,0
820,0.01,inventory_const,56.953071706456285,-6,0,0
821,0.01,inventory_const,66.85867318382111,7,0,0
822,0.01,inventory_const,75.42908373672952,4,0,0
823,0.01,inventory_const,65.44706813661352,2,0,0
824,0.01,inventory_const,72.23826488671517,-4,0,0
825,0.01,inventory_const,76.6981596052675,6,0,0
826,0.01,inventory_const,74.02019350500666,-2,0,0
827,0.01,inventory_const,82.50362236992555,-5,0,0
828,0.01,inventory_const,50.470666681622845,-4,0,0
829,0.01,inventory_const,71.94252567076637,-7,0,0
830,0.01,inventory_const,70.60673346463028,3,0,0
831,0.01,inventory_const,71.4945040740954,-2,0,0
832,0.01,inventory_const,63.36542013649725,2,0,0
833,0.01,inventory_const,63.10867392749647,1,0,0
834,0.01,inventory_const,66.83075532410976,-4,0,0
835,0.01,inventory_const,75.40143822046178,-5,0,0
836,0.01,inventory_const,70.46003824283618,0,0,0
837,0.01,inventory_const,54.59833152877246,-1,0,0
838,0.01,inventory_const,52.93495587210009,13,0,0
839,0.01,inventory_const,70.16277569623739,1,0,0
840,0.01,inventory_const,77.46871432943362,-14,0,0
841,0.01,inventory_const,61.419092799885675,-4,0,0
842,0.01,inventory_const,81.114746260954,12,0,0
843,0.01,inventory_const,68.94687871189592,-2,0,0
844,0.01,inventory_const,63.783887009002285,-3,0,0
845,0.01,inventory_const,67.86980003956512,-1,0,0
846,0.01,inventory_const,70.32832190523845,4,0,0
847,0.01,inventory_const,87.18345478231345,-5,0,0
848,0.01,inventory_const,72.46205204564285,7,0,0
849,0.01,inventory_const,62.7319231521559,-7,0,0
850,0.01,inventory_const,67.12819779615074,15,0,0
851,0.01,inventory_const,72.47446360503568,-4,0,0
852,0.01,inventory_const,54.901474933980126,5,0,0
853,0.01,inventory_const,55.672047065558104,-3,0,0
854,0.01,inventory_const,77.57192893305236,1,0,0
855,0.01,inventory_const,76.18667113609138,10,0,0
856,0.01,inventory_const,58.656906865499934,-5,0,0
857,0.01,inventory_const,52.65711059626639,1,0,0
858,0.01,inventory_const,60.846207374935915,2,0,0
859,0.01,inventory_const,60.12429778995653,3,0,0
860,0.01,inventory_const,57.41284498306652,-9,0,0
861,0.01,inventory_const,70.33625935864,3,0,0
862,0.01,inventory_const,58.69485435618043,-2,0,0
863,0.01,inventory_const,71.54394678657007,4,0,0
864,0.01,inventory_const,63.50630660269201,7,0,0
865,0.01,inventory_const,70.35510207111435,-3,0,0
866,0.01,inventory_const,72.80873747059252,-3,0,0
867,0.01,inventory_const,53.50496767192608,1,0,0
868,0.01,inventory_const,71.68172695244567,-5,0,0
869,0.01,inventory_const,68.45064427415315,2,0,0
870,0.01,inventory_const,64.45077395606481,2,0,0
871,0.01,inventory_const,57.0976264306222,6,0,0
872,0.01,inventory_const,68.46575908963791,-9,0,0
873,0.01,inventory_const,47.36871446367911,10,0,0
874,0.01,inventory_const,59.287061589666905,-9,0,0
875,0.01,inventory_const,70.02006787380543,4,0,0
876,0.01,inventory_const,71.09658749606382,-5,0,0
877,0.01,inventory_const,61.28855382437078,0,0,0
878,0.01,inventory_const,66.98070305522364,0,0,0
879,0.01,inventory_const,63.67404710032042,12,0,0
880,0.01,inventory_const,63.958549555600825,-6,0,0
881,0.01,inventory_const,57.98387242775743,5,0,0
882,0.01,inventory_const,70.0378889896084,-9,0,0
883,0.01,inventory_const,51.06458478176775,0,0,0
884,0.01,inventory_const,64.02990556144664,-6,0,0
885,0.01,inventory_const,67.91453621128719,2,0,0
886,0.01,inventory_const,67.59046362740975,1,0,0
887,0.01,inventory_const,76.79265178283515,5,0,0
888,0.01,inventory_const,54.03442042167944,11,0,0
889,0.01,inventory_const,58.79985563785954,-6,0,0
890,0.01,inventory_const,71.95834702700353,-3,0,0
891,0.01,inventory_const,65.716491014964,1,0,0
892,0.01,inventory_const,70.18168570494822,-12,0,0
893,0.01,inventory_const,72.86166384546941,1,0,0
894,0.01,inventory_const,75.17005933626575,4,0,0
895,0.01,inventory_const,69.83922668344411,-1,0,0
896,0.01,inventory_const,58.85604455933563,-1,0,0
897,0.01,inventory_const,63.08436890885707,5,0,0
898,0.01,inventory_const,70.28663824283615,2,0,0
899,0.01,inventory_const,65.51732344972612,2,0,0
900,0.01,inventory_const,72.87186512714891,-9,0,0
901,0.01,inventory_const,68.39844427415329,-4,0,0
902,0.01,inventory_const,87.01400355467308,-2,0,0
903,0.01,inventory_const,61.49985032784437,3,0,0
904,0.01,inventory_const,70.13589051172244,-6,0,0
905,0.01,inventory_const,63.34783997062118,3,0,0
906,0.01,inventory_const,62.30137694315505,-4,0,0
907,0.01,inventory_const,63.83764453696125,2,0,0
908,0.01,inventory_const,71.57163044897197,-8,0,0
909,0.01,inventory_const,68.79913949594754,-1,0,0
910,0.01,inventory_const,61.2746797183799,-4,0,0
911,0.01,inventory_const,66.23422870879898,3,0,0
912,0.01,inventory_const,71.50537793965242,-3,0,0
913,0.01,inventory_const,77.85226662688785,5,0,0
914,0.01,inventory_const,48.92393397785844,-5,0,0
915,0.01,inventory_const,74.30719222332687,4,0,0
916,0.01,inventory_const,71.16596918405287,3,0,0
917,0.01,inventory_const,57.510019678003914,-1,0,0
918,0.01,inventory_const,91.31520024763813,-8,0,0
919,0.01,inventory_const,64.33584477739491,1,0,0
920,0.01,inventory_const,70.86749099258986,6,0,0
921,0.01,inventory_const,68.36068674619406,-1,0,0
922,0.01,inventory_const,68.39876061175103,0,0,0
923,0.01,inventory_const,65.38248797073744,1,0,0
924,0.01,inventory_const,46.44204887285386,1,0,0
925,0.01,inventory_const,61.68368580683318,4,0,0
926,0.01,inventory_const,59.432454837048226,-2,0,0
927,0.01,inventory_const,60.73701869389416,0,0,0
928,0.01,inventory_const,63.824992027641315,-1,0,0
929,0.01,inventory_const,71.47004024581699,1,0,0
930,0.01,inventory_const,67.40803223389332,7,0,0
931,0.01,inventory_const,63.48490379889972,-6,0,0
932,0.01,inventory_const,65.5181121307674,-4,0,0
933,0.01,inventory_const,69.83325783652644,2,0,0
934,0.01,inventory_const,74.56778194561457,-11,0,0
935,0.01,inventory_const,73.25452895542696,8,0,0
936,0.01,inventory_const,80.53622840124262,1,0,0
937,0.01,inventory_const,67.67507342425466,-4,0,0
938,0.01,inventory_const,71.22067139889964,-2,0,0
939,0.01,inventory_const,59.70073022471854,-4,0,0
940,0.01,inventory_const,59.41886743768612,6,0,0
941,0.01,inventory_const,64.01133951832196,8,0,0
942,0.01,inventory_const,55.81459327455897,-2,0,0
943,0.01,inventory_const,74.42643621748107,-10,0,0
944,0.01,inventory_const,54.095872930999505,0,0,0
945,0.01,inventory_const,79.51164903617837,-2,0,0
946,0.01,inventory_const,72.6705601085095,-5,0,0
947,0.01,inventory_const,61.68983468297938,7,0,0
948,0.01,inventory_const,72.92671763646842,4,0,0
949,0.01,inventory_const,78.80579476431177,3,0,0
950,0.01,inventory_const,77.61292017745268,7,0,0
951,0.01,inventory_const,75.15407917038965,-1,0,0
952,0.01,inventory_const,61.34758497745321,-5,0,0
953,0.01,inventory_const,75.4459573618526,-8,0,0
954,0.01,inventory_const,19.496817774506326,7,0,0
955,0.01,inventory_const,49.636486034878544,9,0,0
956,0.01,inventory_const,65.01140406790157,2,0,0
957,0.01,inventory_const,68.67177193070972,-2,0,0
958,0.01,inventory_const,69.40334977366012,-6,0,0
959,0.01,inventory_const,71.7326319710854,3,0,0
960,0.01,inventory_const,66.9326420307388,0,0,0
961,0.01,inventory_const,56.699607878177915,3,0,0
962,0.01,inventory_const,67.05473829377843,-6,0,0
963,0.01,inventory_const,73.47304553345856,5,0,0
964,0.01,inventory_const,65.83186266567486,3,0,0
965,0.01,inventory_const,56.538660147063695,-3,0,0
966,0.01,inventory_const,70.23603672072304,-1,0,0
967,0.01,inventory_const,74.31313119884169,6,0,0
968,0.01,inventory_const,64.13689576460138,-3,0,0
969,0.01,inventory_const,63.376327958929494,5,0,0
970,0.01,inventory_const,59.5836960274095,1,0,0
971,0.01,inventory_const,67.1586832210997,-3,0,0
972,0.01,inventory_const,63.048768908857255,-3,0,0
973,0.01,inventory_const,62.758262368104226,-4,0,0
974,0.01,inventory_const,63.1837264368163,-4,0,0
975,0.01,inventory_const,82.22517394607837,5,0,0
976,0.01,inventory_const,80.58373013522157,-8,0,0
977,0.01,inventory_const,56.98180940029124,-6,0,0
978,0.01,inventory_const,57.206227712301825,6,0,0
979,0.01,inventory_const,72.83911763646836,6,0,0
980,0.01,inventory_const,55.279267940927866,-9,0,0
981,0.01,inventory_const,88.08220099131407,2,0,0
982,0.01,inventory_const,74.1391623519238,5,0,0
983,0.01,inventory_const,86.75632968911589,-5,0,0
984,0.01,inventory_const,60.46341412755453,3,0,0
985,0.01,inventory_const,62.473198299392436,2,0,0
986,0.01,inventory_const,67.06766186486254,-5,0,0
987,0.01,inventory_const,72.63107644610722,1,0,0
988,0.01,inventory_const,58.13462995571645,0,0,0
989,0.01,inventory_const,73.24271787690225,5,0,0
990,0.01,inventory_const,82.85374874480235,3,0,0
991,0.01,inventory_const,67.91723119264753,4,0,0
992,0.01,inventory_const,67.86591485504997,0,0,0
993,0.01,inventory_const,68.18362267748222,-3,0,0
994,0.01,inventory_const,65.27185809933417,-4,0,0
995,0.01,inventory_const,71.62726160205455,-3,0,0
996,0.01,inventory_const,53.53182146292545,10,0,0
997,0.01,inventory_const,57.042819437570245,0,0,0
998,0.01,inventory_const,61.28705708046289,6,0,0
999,0.01,inventory_const,63.258988742981046,8,0,0
0,0.01,symmetric_const,66.44316616220073,4,0,0
1,0.01,symmetric_const,49.090991854330355,-3,0,0
2,0.01,symmetric_const,64.29717918656996,-2,0,0
3,0.01,symmetric_const,47.241311419452245,-6,0,0
4,0.01,symmetric_const,58.42027931702319,13,0,0
5,0.01,symmetric_const,63.75842141817674,-2,0,0
6,0.01,symmetric_const,43.23886093548765,9,0,0
7,0.01,symmetric_const,60.94345812170877,-7,0,0
8,0.01,symmetric_const,76.0194269015036,-3,0,0
9,0.01,symmetric_const,78.22379123921769,5,0,0
10,0.01,symmetric_const,58.45399004703472,13,0,0
11,0.01,symmetric_const,50.39749479047828,11,0,0
12,0.01,symmetric_const,74.65906865224315,-1,0,0
13,0.01,symmetric_const,73.78587388274826,-3,0,0
14,0.01,symmetric_const,81.56404847580097,11,0,0
15,0.01,symmetric_const,72.11574526445679,-3,0,0
16,0.01,symmetric_const,76.90834652376203,0,0,0
17,0.01,symmetric_const,70.30193426544281,9,0,0
18,0.01,symmetric_const,86.35212768613526,0,0,0
19,0.01,symmetric_const,67.53188450277878,-1,0,0
20,0.01,symmetric_const,66.14459859696262,7,0,0
21,0.01,symmetric_const,55.9533191685681,8,0,0
22,0.01,symmetric_const,72.67916966492038,-3,0,0
23,0.01,symmetric_const,48.31656593175275,0,0,0
24,0.01,symmetric_const,81.39343843852157,9,0,0
25,0.01,symmetric_const,69.75423471774332,-6,0,0
26,0.01,symmetric_const,65.1860988088282,-1,0,0
27,0.01,symmetric_const,97.4121821536877,6,0,0
28,0.01,symmetric_const,75.90493320182259,-9,0,0
29,0.01,symmetric_const,81.47648243267582,-1,0,0
30,0.01,symmetric_const,52.36166892503712,-4,0,0
31,0.01,symmetric_const,74.30438474940723,4,0,0
32,0.01,symmetric_const,67.96961239976889,-2,0,0
33,0.01,symmetric_const,68.84959024271996,-4,0,0
34,0.01,symmetric_const,63.322954545671905,-5,0,0
35,0.01,symmetric_const,56.63123726871288,10,0,0
36,0.01,symmetric_const,90.30298388147196,-9,0,0
37,0.01,symmetric_const,77.66036683875336,-7,0,0
38,0.01,symmetric_const,67.12334528683073,4,0,0
39,0.01,symmetric_const,61.91994378709114,-12,0,0
40,0.01,symmetric_const,65.03121362431273,-6,0,0
41,0.01,symmetric_const,41.31281726127804,-9,0,0
42,0.01,symmetric_const,46.590320975863506,12,0,0
43,0.01,symmetric_const,78.99153640697205,15,0,0
44,0.01,symmetric_const,70.84521408280628,1,0,0
45,0.01,symmetric_const,77.55933696735087,-8,0,0
46,0.01,symmetric_const,67.06722894923297,2,0,0
47,0.01,symmetric_const,82.73581081053372,0,0,0
48,0.01,symmetric_const,74.95537519299592,-6,0,0
49,0.01,symmetric_const,79.24066838943526,-5,0,0
50,0.01,symmetric_const,78.29563242957892,4,0,0
51,0.01,symmetric_const,55.95331916856799,-12,0,0
52,0.01,symmetric_const,97.21690548433821,-12,0,0
53,0.01,symmetric_const,62.49909304031928,-5,0,0
54,0.01,symmetric_const,63.44865104914601,0,0,0
55,0.01,symmetric_const,80.50225779177822,-8,0,0
56,0.01,symmetric_const,72.27063044897193,-10,0,0
57,0.01,symmetric_const,55.37190889085559,-11,0,0
58,0.01,symmetric_const,56.89835512842467,-3,0,0
59,0.01,symmetric_const,52.07656518807721,-14,0,0
60,0.01,symmetric_const,56.06555184376407,4,0,0
61,0.01,symmetric_const,67.77659675490474,-4,0,0
62,0.01,symmetric_const,73.13488343915924,-17,0,0
63,0.01,symmetric_const,70.24807895233005,3,0,0
64,0.01,symmetric_const,81.02076865843765,9,0,0
65,0.01,symmetric_const,11.05090805097825,23,0,0
66,0.01,symmetric_const,58.2025970400868,-5,0,0
67,0.01,symmetric_const,63.17927216494951,3,0,0
68,0.01,symmetric_const,84.9109864672065,-4,0,0
69,0.01,symmetric_const,57.8321882844881,-5,0,0
70,0.01,symmetric_const,78.91743419212617,0,0,0
71,0.01,symmetric_const,80.21489303033286,-8,0,0
72,0.01,symmetric_const,71.43782716431144,-7,0,0
73,0.01,symmetric_const,72.03044024581709,3,0,0
74,0.01,symmetric_const,123.19352149819963,-5,0,0
75,0.01,symmetric_const,55.58517143745428,-10,0,0
76,0.01,symmetric_const,58.77948526882926,-2,0,0
77,0.01,symmetric_const,66.04809077453012,-6,0,0
78,0.01,symmetric_const,82.13867568005776,6,0,0
79,0.01,symmetric_const,87.81125478231363,3,0,0
80,0.01,symmetric_const,86.41502709718918,6,0,0
81,0.01,symmetric_const,72.71061937044726,5,0,0
82,0.01,symmetric_const,68.2277884801722,14,0,0
83,0.01,symmetric_const,88.48023110315103,-12,0,0
84,0.01,symmetric_const,61.43956338078169,-8,0,0
85,0.01,symmetric_const,57.94894300865404,1,0,0
86,0.01,symmetric_const,86.22643118266183,13,0,0
87,0.01,symmetric_const,68.91464835962563,-9,0,0
88,0.01,symmetric_const,70.07746891505104,-5,0,0
89,0.01,symmetric_const,68.84959024272037,2,0,0
90,0.01,symmetric_const,78.81866534520873,7,0,0
91,0.01,symmetric_const,74.27971811733596,-4,0,0
92,0.01,symmetric_const,62.09055382437077,6,0,0
93,0.01,symmetric_const,61.53833222770004,9,0,0
94,0.01,symmetric_const,74.67479350500616,-8,0,0
95,0.01,symmetric_const,62.85377694315525,-4,0,0
96,0.01,symmetric_const,80.84121684185072,-4,0,0
97,0.01,symmetric_const,77.9386875022584,-9,0,0
98,0.01,symmetric_const,75.5233216424304,2,0,0
99,0.01,symmetric_const,91.89674926043142,-6,0,0
100,0.01,symmetric_const,66.6025733956867,9,0,0
101,0.01,symmetric_const,66.86516920642748,-8,0,0
102,0.01,symmetric_const,50.80829503091235,4,0,0
103,0.01,symmetric_const,36.791855910654135,-5,0,0
104,0.01,symmetric_const,71.73187268057904,-10,0,0
105,0.01,symmetric_const,85.19382917968052,2,0,0
106,0.01,symmetric_const,69.59934953322647,-9,0,0
107,0.01,symmetric_const,53.06877570622396,4,0,0
108,0.01,symmetric_const,70.19196261473246,7,0,0
109,0.01,symmetric_const,53.690577468771195,0,0,0
110,0.01,symmetric_const,62.656239249319924,-6,0,0
111,0.01,symmetric_const,95.98676578752202,17,0,0
112,0.01,symmetric_const,55.187835025298455,-10,0,0
113,0.01,symmetric_const,63.913306602692245,1,0,0
114,0.01,symmetric_const,72.4681681428073,2,0,0
115,0.01,symmetric_const,73.31895730471649,-6,0,0
116,0.01,symmetric_const,54.99255835594852,4,0,0
117,0.01,symmetric_const,64.12656914929039,10,0,0
118,0.01,symmetric_const,80.0353412137463,3,0,0
119,0.01,symmetric_const,98.12381098384458,-18,0,0
120,0.01,symmetric_const,84.60121609817634,-14,0,0
121,0.01,symmetric_const,60.25207619328546,-2,0,0
122,0.01,symmetric_const,82.50908443565754,18,0,0
123,0.01,symmetric_const,59.51578073105725,-20,0,0
124,0.01,symmetric_const,74.13829676109833,8,0,0
125,0.01,symmetric_const,50.61969911638441,1,0,0
126,0.01,symmetric_const,61.3969108714619,-3,0,0
127,0.01,symmetric_const,65.31405633678747,-2,0,0
128,0.01,symmetric_const,60.44961388712056,4,0,0
129,0.01,symmetric_const,70.16277393369114,11,0,0
130,0.01,symmetric_const,33.04079843363752,-20,0,0
131,0.01,symmetric_const,73.04731739603494,-21,0,0
132,0.01,symmetric_const,67.3366078334293,25,0,0
133,0.01,symmetric_const,69.32997064903,2,0,0
134,0.01,symmetric_const,62.99519829939254,12,0,0
135,0.01,symmetric_const,74.05073071797483,-12,0,0
136,0.01,symmetric_const,74.80049000848089,-3,0,0
137,0.01,symmetric_const,75.04520226060595,6,0,0
138,0.01,symmetric_const,57.802999603446096,-23,0,0
139,0.01,symmetric_const,61.0556907969044,-1,0,0
140,0.01,symmetric_const,66.16258447421103,-8,0,0
141,0.01,symmetric_const,74.45032815461536,8,0,0
142,0.01,symmetric_const,65.612623902025,-15,0,0
143,0.01,symmetric_const,42.798872014012204,-20,0,0
144,0.01,symmetric_const,64.68999354975426,18,0,0
145,0.01,symmetric_const,62.402585217887065,4,0,0
146,0.01,symmetric_const,66.89887993643924,10,0,0
147,0.01,symmetric_const,64.46326717487864,-10,0,0
148,0.01,symmetric_const,60.05227747496406,10,0,0
149,0.01,symmetric_const,53.405473731811526,-22,0,0
150,0.01,symmetric_const,50.25381240975594,15,0,0
151,0.01,symmetric_const,65.53852168717856,-6,0,0
152,0.01,symmetric_const,52.53001793783132,0,0,0
153,0.01,symmetric_const,73.98341157658388,-19,0,0
154,0.01,symmetric_const,73.9138314107065,-14,0,0
155,0.01,symmetric_const,55.20355987806197,1,0,0
156,0.01,symmetric_const,82.03096505383178,-4,0,0
157,0.01,symmetric_const,60.959182974472355,-2,0,0
158,0.01,symmetric_const,64.46326717487784,2,0,0
159,0.01,symmetric_const,60.674079237511705,18,0,0
160,0.01,symmetric_const,61.28467819626644,-1,0,0
161,0.01,symmetric_const,86.80784146037422,-6,0,0
162,0.01,symmetric_const,86.22869220714682,1,0,0
163,0.01,symmetric_const,76.94205725377401,6,0,0
164,0.01,symmetric_const,86.31173620130062,13,0,0
165,0.01,symmetric_const,60.887341784110504,-13,0,0
166,0.01,symmetric_const,67.43537668034729,0,0,0
167,0.01,symmetric_const,61.76505860257646,9,0,0
168,0.01,symmetric_const,61.6954784367003,0,0,0
169,0.01,symmetric_const,82.73581081053374,-8,0,0
170,0.01,symmetric_const,73.9654256993346,2,0,0
171,0.01,symmetric_const,77.72768598014443,4,0,0
172,0.01,symmetric_const,75.42455279551274,1,0,0
173,0.01,symmetric_const,29.166305477631568,-14,0,0
174,0.01,symmetric_const,52.572670447151154,-3,0,0
175,0.01,symmetric_const,51.0439631850964,5,0,0
176,0.01,symmetric_const,85.34871436419598,-1,0,0
177,0.01,symmetric_const,75.84881686422494,-1,0,0
178,0.01,symmetric_const,71.25601432323987,-2,0,0
179,0.01,symmetric_const,68.39613749296684,2,0,0
180,0.01,symmetric_const,88.04024218167513,7,0,0
181,0.01,symmetric_const,42.48015986567407,5,0,0
182,0.01,symmetric_const,58.8670513119539,-4,0,0
183,0.01,symmetric_const,66.6564287087997,3,0,0
184,0.01,symmetric_const,78.33602391441326,-1,0,0
185,0.01,symmetric_const,74.1944130986966,-8,0,0
186,0.01,symmetric_const,30.07321097713975,-14,0,0
187,0.01,symmetric_const,77.74567185739306,5,0,0
188,0.01,symmetric_const,79.69638216367434,5,0,0
189,0.01,symmetric_const,62.93682093730922,22,0,0
190,0.01,symmetric_const,53.10916719105853,-5,0,0
191,0.01,symmetric_const,50.84868651574675,5,0,0
192,0.01,symmetric_const,52.27636390639816,6,0,0
193,0.01,symmetric_const,73.29202964816,14,0,0
194,0.01,symmetric_const,84.19041585774198,15,0,0
195,0.01,symmetric_const,56.644701096991696,-3,0,0
196,0.01,symmetric_const,76.89488269548406,7,0,0
197,0.01,symmetric_const,77.13733392312383,10,0,0
198,0.01,symmetric_const,64.02780030237375,7,0,0
199,0.01,symmetric_const,66.79785006503641,5,0,0
200,0.01,symmetric_const,74.12257190833623,-7,0,0
201,0.01,symmetric_const,47.20091993461779,3,0,0
202,0.01,symmetric_const,51.8498388131992,-10,0,0
203,0.01,symmetric_const,64.79102342115777,-7,0,0
204,0.01,symmetric_const,55.046413669061394,12,0,0
205,0.01,symmetric_const,136.79916037802377,25,0,0
206,0.01,symmetric_const,51.72640333421191,-17,0,0
207,0.01,symmetric_const,65.42855003646844,-6,0,0
208,0.01,symmetric_const,109.4060697773034,26,0,0
209,0.01,symmetric_const,72.10228143617881,0,0,0
210,0.01,symmetric_const,49.44793678165155,4,0,0
211,0.01,symmetric_const,54.53684458170983,-12,0,0
212,0.01,symmetric_const,68.46797868332794,9,0,0
213,0.01,symmetric_const,59.89965331493454,13,0,0
214,0.01,symmetric_const,66.57338471464506,1,0,0
215,0.01,symmetric_const,58.48543975256189,5,0,0
216,0.01,symmetric_const,95.7039230750471,5,0,0
217,0.01,symmetric_const,76.11819574842116,-6,0,0
218,0.01,symmetric_const,67.03804026819154,-2,0,0
219,0.01,symmetric_const,67.86190177354433,-2,0,0
220,0.01,symmetric_const,59.7110574004077,-2,0,0
221,0.01,symmetric_const,64.25452667725006,7,0,0
222,0.01,symmetric_const,90.16156252523547,13,0,0
223,0.01,symmetric_const,68.56674753024562,0,0,0
224,0.01,symmetric_const,70.191962614732,-5,0,0
225,0.01,symmetric_const,88.6036665821398,-3,0,0
226,0.01,symmetric_const,85.54851308251642,-5,0,0
227,0.01,symmetric_const,38.672986051060434,18,0,0
228,0.01,symmetric_const,60.236351340522106,-9,0,0
229,0.01,symmetric_const,64.95711140946605,-11,0,0
230,0.01,symmetric_const,59.60334677418223,-2,0,0
231,0.01,symmetric_const,57.53362071924974,0,0,0
232,0.01,symmetric_const,84.9536389765259,3,0,0
233,0.01,symmetric_const,69.70932118393705,-1,0,0
234,0.01,symmetric_const,62.09055382437077,8,0,0
235,0.01,symmetric_const,71.45129099258982,0,0,0
236,0.01,symmetric_const,69.01793925551465,-10,0,0
237,0.01,symmetric_const,83.82679017559792,-5,0,0
238,0.01,symmetric_const,62.65623924931947,-14,0,0
239,0.01,symmetric_const,57.94442095968407,15,0,0
240,0.01,symmetric_const,76.10473192014365,-19,0,0
241,0.01,symmetric_const,63.64618874298111,-4,0,0
242,0.01,symmetric_const,85.56423793527978,-2,0,0
243,0.01,symmetric_const,102.66275821171683,-3,0,0
244,0.01,symmetric_const,71.8441053557749,0,0,0
245,0.01,symmetric_const,62.31954122373253,2,0,0
246,0.01,symmetric_const,76.51101011160631,-8,0,0
247,0.01,symmetric_const,63.560883724341465,10,0,0
248,0.01,symmetric_const,70.98663543904371,-1,0,0
249,0.01,symmetric_const,64.69225457424005,4,0,0
250,0.01,symmetric_const,66.09074328384986,-7,0,0
251,0.01,symmetric_const,91.71493641935945,-15,0,0
252,0.01,symmetric_const,56.8871523246313,-8,0,0
253,0.01,symmetric_const,55.40109757189697,5,0,0
254,0.01,symmetric_const,53.735491002576055,-3,0,0
255,0.01,symmetric_const,69.74077088946484,-5,0,0
256,0.01,symmetric_const,50.18423224387982,-4,0,0
257,0.01,symmetric_const,64.30612096587811,15,0,0
258,0.01,symmetric_const,93.63871906908616,15,0,0
259,0.01,symmetric_const,89.69238492271802,16,0,0
260,0.01,symmetric_const,58.08810334040601,-1,0,0
261,0.01,symmetric_const,51.203370418582594,0,0,0
262,0.01,symmetric_const,62.62252851930759,-8,0,0
263,0.01,symmetric_const,90.07399648211066,5,0,0
264,0.01,symmetric_const,57.62344778685973,0,0,0
265,0.01,symmetric_const,73.63993047754002,11,0,0
266,0.01,symmetric_const,70.16503495817568,-5,0,0
267,0.01,symmetric_const,76.45941582297895,2,0,0
268,0.01,symmetric_const,72.08881760790098,-3,0,0
269,0.01,symmetric_const,75.83309201146119,-2,0,0
270,0.01,symmetric_const,42.929090566456466,-9,0,0
271,0.01,symmetric_const,59.98269730908913,-3,0,0
272,0.01,symmetric_const,74.05299174245988,10,0,0
273,0.01,symmetric_const,34.18789413629975,15,0,0
274,0.01,symmetric_const,65.8348282279319,-1,0,0
275,0.01,symmetric_const,74.72638779363433,-12,0,0
276,0.01,symmetric_const,48.3861460976284,-11,0,0
277,0.01,symmetric_const,66.88541610816151,-7,0,0
278,0.01,symmetric_const,63.572086528134605,-1,0,0
279,0.01,symmetric_const,72.49735682384893,0,0,0
280,0.01,symmetric_const,73.07650607707626,3,0,0
281,0.01,symmetric_const,83.07476986060577,0,0,0
282,0.01,symmetric_const,38.486651161016766,-5,0,0
283,0.01,symmetric_const,81.97258769174914,-8,0,0
284,0.01,symmetric_const,61.567520908741585,9,0,0
285,0.01,symmetric_const,82.94455130816141,-7,0,0
286,0.01,symmetric_const,73.86891787690229,-3,0,0
287,0.01,symmetric_const,92.36818788743437,-9,0,0
288,0.01,symmetric_const,65.75404525826269,-3,0,0
289,0.01,symmetric_const,89.84727010723373,13,0,0
290,0.01,symmetric_const,62.909893280752726,-4,0,0
291,0.01,symmetric_const,65.35670884610727,7,0,0
292,0.01,symmetric_const,74.85886737056398,19,0,0
293,0.01,symmetric_const,63.9851477930531,14,0,0
294,0.01,symmetric_const,75.8218892076685,3,0,0
295,0.01,symmetric_const,66.68335636535471,-7,0,0
296,0.01,symmetric_const,61.83689979293763,-6,0,0
297,0.01,symmetric_const,50.73419281606556,3,0,0
298,0.01,symmetric_const,46.35013077270901,-3,0,0
299,0.01,symmetric_const,79.84900632370409,8,0,0
300,0.01,symmetric_const,75.2562037827189,-1,0,0
301,0.01,symmetric_const,68.97302572170912,-5,0,0
302,0.01,symmetric_const,78.05544222642385,5,0,0
303,0.01,symmetric_const,97.71074971892449,23,0,0
304,0.01,symmetric_const,74.61641614292365,0,0,0
305,0.01,symmetric_const,62.04790131505092,3,0,0
306,0.01,symmetric_const,72.62531435180806,1,0,0
307,0.01,symmetric_const,54.15749404680241,13,0,0
308,0.01,symmetric_const,66.81357491780011,-8,0,0
309,0.01,symmetric_const,78.86131785452812,12,0,0
310,0.01,symmetric_const,69.43100052043295,1,0,0
311,0.01,symmetric_const,69.52750834286525,-2,0,0
312,0.01,symmetric_const,61.6079123935757,4,0,0
313,0.01,symmetric_const,108.62938283024005,25,0,0
314,0.01,symmetric_const,57.29569154058015,5,0,0
315,0.01,symmetric_const,70.57583519860964,-8,0,0
316,0.01,symmetric_const,77.87362938535284,10,0,0
317,0.01,symmetric_const,86.59457891377531,-7,0,0
318,0.01,symmetric_const,82.32501057009961,-1,0,0
319,0.01,symmetric_const,66.74399475192405,5,0,0
320,0.01,symmetric_const,64.98856111499305,3,0,0
321,0.01,symmetric_const,69.30078196798797,-8,0,0
322,0.01,symmetric_const,91.38944119756616,-12,0,0
323,0.01,symmetric_const,64.113105321013,1,0,0
324,0.01,symmetric_const,62.37339653684512,8,0,0
325,0.01,symmetric_const,86.28480854474401,13,0,0
326,0.01,symmetric_const,62.58439805895898,9,0,0
327,0.01,symmetric_const,51.28867543722225,0,0,0
328,0.01,symmetric_const,68.02572873736722,-6,0,0
329,0.01,symmetric_const,86.3566497351062,14,0,0
330,0.01,symmetric_const,52.09229004084057,9,0,0
331,0.01,symmetric_const,73.03611459224192,8,0,0
332,0.01,symmetric_const,69.72278501221501,-10,0,0
333,0.01,symmetric_const,71.7184088523012,-3,0,0
334,0.01,symmetric_const,83.15555283027459,6,0,0
335,0.01,symmetric_const,70.36031162752573,3,0,0
336,0.01,symmetric_const,56.30574204691857,-15,0,0
337,0.01,symmetric_const,99.46166130688607,-1,0,0
338,0.01,symmetric_const,96.2224339417059,-4,0,0
339,0.01,symmetric_const,38.50237601378092,-6,0,0
340,0.01,symmetric_const,59.69985459661467,3,0,0
341,0.01,symmetric_const,57.41018524026174,-9,0,0
342,0.01,symmetric_const,88.45998420141689,-1,0,0
343,0.01,symmetric_const,94.57029120066329,-7,0,0
344,0.01,symmetric_const,51.852099837685955,-6,0,0
345,0.01,symmetric_const,74.29092092112899,3,0,0
346,0.01,symmetric_const,68.4230651495235,-2,0,0
347,0.01,symmetric_const,73.75442417722138,1,0,0
348,0.01,symmetric_const,63.852668216124016,-9,0,0
349,0.01,symmetric_const,74.21013795146064,21,0,0
350,0.01,symmetric_const,72.93734574532422,-1,0,0
351,0.01,symmetric_const,41.047960426051986,-2,0,0
352,0.01,symmetric_const,66.99764878335687,1,0,0
353,0.01,symmetric_const,71.91820757062032,-13,0,0
354,0.01,symmetric_const,65.61036287754018,11,0,0
355,0.01,symmetric_const,86.37237458787013,13,0,0
356,0.01,symmetric_const,61.102865355194695,4,0,0
357,0.01,symmetric_const,43.90105418286896,-6,0,0
358,0.01,symmetric_const,73.48956734199544,10,0,0
359,0.01,symmetric_const,106.49233763391612,-16,0,0
360,0.01,symmetric_const,67.09641763027464,0,0,0
361,0.01,symmetric_const,55.796172959567514,-5,0,0
362,0.01,symmetric_const,61.12527096278063,-8,0,0
363,0.01,symmetric_const,70.31765911820645,-2,0,0
364,0.01,symmetric_const,53.78934631568842,-1,0,0
365,0.01,symmetric_const,74.27745709285108,4,0,0
366,0.01,symmetric_const,63.43518722086799,-7,0,0
367,0.01,symmetric_const,76.7399975109679,10,0,0
368,0.01,symmetric_const,65.28486765574593,-4,0,0
369,0.01,symmetric_const,61.834638768452464,4,0,0
370,0.01,symmetric_const,62.86950179591838,-3,0,0
371,0.01,symmetric_const,106.06807356520466,6,0,0
372,0.01,symmetric_const,56.85796364359021,-6,0,0
373,0.01,symmetric_const,87.76860227299373,0,0,0
374,0.01,symmetric_const,55.13397971218603,-2,0,0
375,0.01,symmetric_const,63.955959112011996,0,0,0
376,0.01,symmetric_const,58.70764407846701,3,0,0
377,0.01,symmetric_const,61.39464984697668,-9,0,0
378,0.01,symmetric_const,68.09983095221423,-5,0,0
379,0.01,symmetric_const,49.98443352555921,6,0,0
380,0.01,symmetric_const,76.9106075482473,-8,0,0
381,0.01,symmetric_const,78.91291214315561,-2,0,0
382,0.01,symmetric_const,78.49090909892887,0,0,0
383,0.01,symmetric_const,71.63310383366144,3,0,0
384,0.01,symmetric_const,67.50721787070847,-7,0,0
385,0.01,symmetric_const,53.320168713170915,-8,0,0
386,0.01,symmetric_const,72.2145141113743,2,0,0
387,0.01,symmetric_const,61.93114659088474,-15,0,0
388,0.01,symmetric_const,84.65733243577336,6,0,0
389,0.01,symmetric_const,83.55062821794496,-4,0,0
390,0.01,symmetric_const,55.371908890855366,13,0,0
391,0.01,symmetric_const,30.708476567965022,9,0,0
392,0.01,symmetric_const,77.27423323039068,4,0,0
393,0.01,symmetric_const,76.51327113609136,8,0,0
394,0.01,symmetric_const,66.9415324457593,1,0,0
395,0.01,symmetric_const,61.08714050243162,-5,0,0
396,0.01,symmetric_const,69.89565607397901,10,0,0
397,0.01,symmetric_const,65.35896987059255,5,0,0
398,0.01,symmetric_const,66.6698925370772,-2,0,0
399,0.01,symmetric_const,76.70854780544175,8,0,0
400,0.01,symmetric_const,68.28164379328587,14,0,0
401,0.01,symmetric_const,71.37944980222849,3,0,0
402,0.01,symmetric_const,49.70385183757071,10,0,0
403,0.01,symmetric_const,69.41527566766945,-8,0,0
404,0.01,symmetric_const,71.99004876098297,-6,0,0
405,0.01,symmetric_const,101.19242831174552,25,0,0
406,0.01,symmetric_const,48.30084107898972,11,0,0
407,0.01,symmetric_const,91.94166279423644,27,0,0
408,0.01,symmetric_const,56.31694485071171,-12,0,0
409,0.01,symmetric_const,73.99687540486173,-6,0,0
410,0.01,symmetric_const,82.12747287626576,11,0,0
411,0.01,symmetric_const,62.750486047266236,-9,0,0
412,0.01,symmetric_const,67.25356383927527,3,0,0
413,0.01,symmetric_const,58.31256869079766,-9,0,0
414,0.01,symmetric_const,61.49567971837996,14,0,0
415,0.01,symmetric_const,71.88675786509441,-7,0,0
416,0.01,symmetric_const,77.40445178283525,1,0,0
417,0.01,symmetric_const,87.11987285389046,-8,0,0
418,0.01,symmetric_const,63.7000440560939,2,0,0
419,0.01,symmetric_const,84.00860301666967,-4,0,0
420,0.01,symmetric_const,35.162118777197065,-8,0,0
421,0.01,symmetric_const,69.78568442326855,-14,0,0
422,0.01,symmetric_const,57.349546853693255,-5,0,0
423,0.01,symmetric_const,24.344515537286497,-21,0,0
424,0.01,symmetric_const,92.9001625823721,-15,0,0
425,0.01,symmetric_const,87.67209445056176,5,0,0
426,0.01,symmetric_const,66.92354656851046,4,0,0
427,0.01,symmetric_const,73.02265076396384,9,0,0
428,0.01,symmetric_const,55.82762266509417,-3,0,0
429,0.01,symmetric_const,61.48221589010147,1,0,0
430,0.01,symmetric_const,57.618925737888674,-2,0,0
431,0.01,symmetric_const,78.26870477302236,-8,0,0
432,0.01,symmetric_const,63.37680985878475,1,0,0
433,0.01,symmetric_const,58.76602144055164,11,0,0
434,0.01,symmetric_const,68.03025078633777,-6,0,0
435,0.01,symmetric_const,80.31592290173586,-1,0,0
436,0.01,symmetric_const,67.3769993182641,2,0,0
437,0.01,symmetric_const,79.08804422940489,-6,0,0
438,0.01,symmetric_const,60.70100689406894,2,0,0
439,0.01,symmetric_const,60.761645280637,2,0,0
440,0.01,symmetric_const,69.56789982769983,1,0,0
441,0.01,symmetric_const,63.95822013649786,8,0,0
442,0.01,symmetric_const,74.94417238920346,15,0,0
443,0.01,symmetric_const,69.1167081024313,1,0,0
444,0.01,symmetric_const,72.82059102115802,1,0,0
445,0.01,symmetric_const,53.095703362780114,-2,0,0
446,0.01,symmetric_const,73.51649499855148,-6,0,0
447,0.01,symmetric_const,50.422161422548015,-15,0,0
448,0.01,symmetric_const,81.4472937516341,-13,0,0
449,0.01,symmetric_const,60.153307346368024,9,0,0
450,0.01,symmetric_const,73.52995882682978,-7,0,0
451,0.01,symmetric_const,69.6397410180611,-4,0,0
452,0.01,symmetric_const,62.54174554963879,-6,0,0
453,0.01,symmetric_const,68.04597563910147,3,0,0
454,0.01,symmetric_const,69.35689830558636,-4,0,0
455,0.01,symmetric_const,81.46075757991241,10,0,0
456,0.01,symmetric_const,64.35329552416817,-8,0,0
457,0.01,symmetric_const,62.018712634009376,7,0,0
458,0.01,symmetric_const,82.09602317073791,17,0,0
459,0.01,symmetric_const,69.68465455186652,-11,0,0
460,0.01,symmetric_const,63.95595911201201,10,0,0
461,0.01,symmetric_const,75.97451336769927,12,0,0
462,0.01,symmetric_const,48.727366172186976,-11,0,0
463,0.01,symmetric_const,71.73187268057916,4,0,0
464,0.01,symmetric_const,85.02548016688615,-12,0,0
465,0.01,symmetric_const,64.33983169588964,-5,0,0
466,0.01,symmetric_const,67.63291437418252,-18,0,0
467,0.01,symmetric_const,73.27404377091125,-7,0,0
468,0.01,symmetric_const,68.66551637716248,-13,0,0
469,0.01,symmetric_const,59.459664393459335,0,0,0
470,0.01,symmetric_const,71.64656766194048,-16,0,0
471,0.01,symmetric_const,62.66970307759823,-1,0,0
472,0.01,symmetric_const,64.53510836523947,3,0,0
473,0.01,symmetric_const,58.27217720596309,-12,0,0
474,0.01,symmetric_const,66.6272400277582,-3,0,0
475,0.01,symmetric_const,66.09074328384986,-5,0,0
476,0.01,symmetric_const,77.91175984570089,9,0,0
477,0.01,symmetric_const,69.02020027999959,-8,0,0
478,0.01,symmetric_const,82.52480928841987,13,0,0
479,0.01,symmetric_const,68.42306514952315,-2,0,0
480,0.01,symmetric_const,64.083916639971,7,0,0
481,0.01,symmetric_const,64.7640957646014,-7,0,0
482,0.01,symmetric_const,89.24119319744932,-16,0,0
483,0.01,symmetric_const,41.20284561056724,-15,0,0
484,0.01,symmetric_const,53.26405237557384,-4,0,0
485,0.01,symmetric_const,53.349357394213484,4,0,0
486,0.01,symmetric_const,113.62178280786611,22,0,0
487,0.01,symmetric_const,64.55083321800271,8,0,0
488,0.01,symmetric_const,61.935668639855294,5,0,0
489,0.01,symmetric_const,80.69753446112817,0,0,0
490,0.01,symmetric_const,54.95216687111389,-1,0,0
491,0.01,symmetric_const,96.94978762462637,3,0,0
492,0.01,symmetric_const,66.0638156272937,11,0,0
493,0.01,symmetric_const,65.10305481467373,3,0,0
494,0.01,symmetric_const,67.81472721525506,13,0,0
495,0.01,symmetric_const,55.98024682512391,-6,0,0
496,0.01,symmetric_const,39.308251641884226,17,0,0
497,0.01,symmetric_const,71.48274069811686,0,0,0
498,0.01,symmetric_const,81.64709246995517,-19,0,0
499,0.01,symmetric_const,58.60887523154997,-6,0,0
500,0.01,symmetric_const,92.73407459406326,13,0,0
501,0.01,symmetric_const,56.12166818136143,-16,0,0
502,0.01,symmetric_const,97.49974819681188,-6,0,0
503,0.01,symmetric_const,69.4444643487111,0,0,0
504,0.01,symmetric_const,80.53144647281897,-14,0,0
505,0.01,symmetric_const,62.78419677727908,-1,0,0
506,0.01,symmetric_const,54.36849556891616,-10,0,0
507,0.01,symmetric_const,83.0478422040502,10,0,0
508,0.01,symmetric_const,86.14338718850718,-19,0,0
509,0.01,symmetric_const,90.58582659394779,13,0,0
510,0.01,symmetric_const,54.494192072391,9,0,0
511,0.01,symmetric_const,67.50495684622308,3,0,0
512,0.01,symmetric_const,69.06059176483404,-7,0,0
513,0.01,symmetric_const,64.62267440836423,1,0,0
514,0.01,symmetric_const,101.33158864349775,-17,0,0
515,0.01,symmetric_const,51.44356062173742,-1,0,0
516,0.01,symmetric_const,82.40805456425443,5,0,0
517,0.01,symmetric_const,70.2503399768151,9,0,0
518,0.01,symmetric_const,65.59463802477603,-18,0,0
519,0.01,symmetric_const,74.54683597704735,-1,0,0
520,0.01,symmetric_const,75.9206580545864,-4,0,0
521,0.01,symmetric_const,75.99023822046206,5,0,0
522,0.01,symmetric_const,85.66526780668272,-5,0,0
523,0.01,symmetric_const,80.05106606650952,-18,0,0
524,0.01,symmetric_const,49.99789735383774,7,0,0
525,0.01,symmetric_const,65.66647921513777,13,0,0
526,0.01,symmetric_const,66.0480907745303,-2,0,0
527,0.01,symmetric_const,74.64560482396615,-4,0,0
528,0.01,symmetric_const,71.5477988150223,3,0,0
529,0.01,symmetric_const,59.10271946613784,5,0,0
530,0.01,symmetric_const,62.1735978185248,-2,0,0
531,0.01,symmetric_const,62.64051439655623,21,0,0
532,0.01,symmetric_const,56.24962570932104,-1,0,0
533,0.01,symmetric_const,64.98856111499288,5,0,0
534,0.01,symmetric_const,100.48306050607357,13,0,0
535,0.01,symmetric_const,58.34175737183915,-3,0,0
536,0.01,symmetric_const,88.05370600995387,2,0,0
537,0.01,symmetric_const,78.84333197727943,-5,0,0
538,0.01,symmetric_const,41.328542114041284,-8,0,0
539,0.01,symmetric_const,70.67008199655666,3,0,0
540,0.01,symmetric_const,55.214762681854836,12,0,0
541,0.01,symmetric_const,74.5468359770473,-3,0,0
542,0.01,symmetric_const,55.257415191174914,15,0,0
543,0.01,symmetric_const,70.51745783652649,-4,0,0
544,0.01,symmetric_const,68.81814053719361,2,0,0
545,0.01,symmetric_const,95.3896306570457,3,0,0
546,0.01,symmetric_const,50.77458430090019,8,0,0
547,0.01,symmetric_const,74.24826841180902,-8,0,0
548,0.01,symmetric_const,133.30627898140983,-16,0,0
549,0.01,symmetric_const,85.77297843290808,7,0,0
550,0.01,symmetric_const,64.02553927788813,-7,0,0
551,0.01,symmetric_const,92.87323492581527,23,0,0
552,0.01,symmetric_const,52.10575386911941,0,0,0
553,0.01,symmetric_const,62.76847192451578,-2,0,0
554,0.01,symmetric_const,74.04178893866634,5,0,0
555,0.01,symmetric_const,37.89403807951112,-9,0,0
556,0.01,symmetric_const,46.70481467554441,-6,0,0
557,0.01,symmetric_const,55.641287775051524,14,0,0
558,0.01,symmetric_const,53.92850664743992,15,0,0
559,0.01,symmetric_const,47.21212273841081,-2,0,0
560,0.01,symmetric_const,67.61945054590421,-9,0,0
561,0.01,symmetric_const,62.35767168408171,-3,0,0
562,0.01,symmetric_const,59.09151666234534,0,0,0
563,0.01,symmetric_const,63.417201343619126,16,0,0
564,0.01,symmetric_const,67.78779955869823,7,0,0
565,0.01,symmetric_const,70.2211512957739,-9,0,0
566,0.01,symmetric_const,67.06948997371758,0,0,0
567,0.01,symmetric_const,69.38834801111273,-10,0,0
568,0.01,symmetric_const,51.25948675618035,0,0,0
569,0.01,symmetric_const,70.65887919276388,0,0,0
570,0.01,symmetric_const,77.30568293591773,8,0,0
571,0.01,symmetric_const,65.96504678037581,-8,0,0
572,0.01,symmetric_const,52.952020982057775,-8,0,0
573,0.01,symmetric_const,73.3481459857581,-2,0,0
574,0.01,symmetric_const,76.04409353357426,9,0,0
575,0.01,symmetric_const,66.84050257435592,-12,0,0
576,0.01,symmetric_const,77.04750685551392,8,0,0
577,0.01,symmetric_const,41.38691947612426,10,0,0
578,0.01,symmetric_const,61.623637246338944,7,0,0
579,0.01,symmetric_const,78.5335616082487,3,0,0
580,0.01,symmetric_const,54.355031740638,-1,0,0
581,0.01,symmetric_const,68.9752867461944,-3,0,0
582,0.01,symmetric_const,64.42513671452895,-3,0,0
583,0.01,symmetric_const,75.77697567386383,10,0,0
584,0.01,symmetric_const,72.65224200836445,3,0,0
585,0.01,symmetric_const,61.4260995525042,1,0,0
586,0.01,symmetric_const,68.08410609945076,-6,0,0
587,0.01,symmetric_const,79.9320503178587,0,0,0
588,0.01,symmetric_const,52.4851044040264,-9,0,0
589,0.01,symmetric_const,74.00807820865441,9,0,0
590,0.01,symmetric_const,75.86001966801786,-2,0,0
591,0.01,symmetric_const,94.26278185611744,-5,0,0
592,0.01,symmetric_const,78.22379123921763,-3,0,0
593,0.01,symmetric_const,69.87993122121605,-5,0,0
594,0.01,symmetric_const,64.84940078324092,5,0,0
595,0.01,symmetric_const,90.4152165566677,13,0,0
596,0.01,symmetric_const,66.09074328384987,1,0,0
597,0.01,symmetric_const,73.27178274642631,-7,0,0
598,0.01,symmetric_const,81.83116633551163,-6,0,0
599,0.01,symmetric_const,76.72427265820494,-1,0,0
600,0.01,symmetric_const,71.2941447835891,3,0,0
601,0.01,symmetric_const,69.95177241157717,-2,0,0
602,0.01,symmetric_const,92.94281509169139,-6,0,0
603,0.01,symmetric_const,65.82362542413887,6,0,0
604,0.01,symmetric_const,57.31141639334356,-2,0,0
605,0.01,symmetric_const,92.63304472266032,12,0,0
606,0.01,symmetric_const,92.59265323782608,-9,0,0
607,0.01,symmetric_const,70.13584627713402,1,0,0
608,0.01,symmetric_const,61.39917189594749,1,0,0
609,0.01,symmetric_const,72.99120105843696,-1,0,0
610,0.01,symmetric_const,94.67132107206572,-2,0,0
611,0.01,symmetric_const,64.36223730347501,-21,0,0
612,0.01,symmetric_const,86.26908369198236,-24,0,0
613,0.01,symmetric_const,74.23706560801634,7,0,0
614,0.01,symmetric_const,78.63459147965159,-12,0,0
615,0.01,symmetric_const,70.57357417412436,4,0,0
616,0.01,symmetric_const,76.38531360813238,3,0,0
617,0.01,symmetric_const,60.84695029927627,-4,0,0
618,0.01,symmetric_const,68.04145359013137,23,0,0
619,0.01,symmetric_const,93.83399573843428,7,0,0
620,0.01,symmetric_const,72.8834904322116,-13,0,0
621,0.01,symmetric_const,70.2076874674955,2,0,0
622,0.01,symmetric_const,65.04693847707607,1,0,0
623,0.01,symmetric_const,68.11329478049231,4,0,0
624,0.01,symmetric_const,81.83116633551185,8,0,0
625,0.01,symmetric_const,63.57660857710505,3,0,0
626,0.01,symmetric_const,78.57847514205355,-10,0,0
627,0.01,symmetric_const,62.14893118645364,-4,0,0
628,0.01,symmetric_const,75.09905757371769,-8,0,0
629,0.01,symmetric_const,66.50380454876904,2,0,0
630,0.01,symmetric_const,68.52409502092598,-5,0,0
631,0.01,symmetric_const,54.80622346590667,-5,0,0
632,0.01,symmetric_const,75.84881686422486,3,0,0
633,0.01,symmetric_const,63.996350596846526,-3,0,0
634,0.01,symmetric_const,61.18364832486395,-6,0,0
635,0.01,symmetric_const,70.89906939591873,3,0,0
636,0.01,symmetric_const,71.30986963635229,-4,0,0
637,0.01,symmetric_const,64.62267440836405,-5,0,0
638,0.01,symmetric_const,54.79275963762842,2,0,0
639,0.01,symmetric_const,62.81112443383569,3,0,0
640,0.01,symmetric_const,63.47557870570222,6,0,0
641,0.01,symmetric_const,37.38446899216001,13,0,0
642,0.01,symmetric_const,63.81679878025989,-6,0,0
643,0.01,symmetric_const,68.3534849836467,-1,0,0
644,0.01,symmetric_const,66.9415324457591,-1,0,0
645,0.01,symmetric_const,81.67628115099649,7,0,0
646,0.01,symmetric_const,45.925866703995325,-23,0,0
647,0.01,symmetric_const,68.29510762156337,-15,0,0
648,0.01,symmetric_const,35.676209913519415,10,0,0
649,0.01,symmetric_const,63.63046389021747,9,0,0
650,0.01,symmetric_const,61.666289755658454,-6,0,0
651,0.01,symmetric_const,60.916530465152505,-5,0,0
652,0.01,symmetric_const,52.65797546579029,-5,0,0
653,0.01,symmetric_const,56.84449981531179,7,0,0
654,0.01,symmetric_const,68.34002115536896,-2,0,0
655,0.01,symmetric_const,62.20278649956629,8,0,0
656,0.01,symmetric_const,66.68787841432606,-3,0,0
657,0.01,symmetric_const,69.7676985460202,5,0,0
658,0.01,symmetric_const,67.25130281479005,-1,0,0
659,0.01,symmetric_const,76.48408245504987,-2,0,0
660,0.01,symmetric_const,74.05525276694448,-8,0,0
661,0.01,symmetric_const,62.20504752405168,2,0,0
662,0.01,symmetric_const,62.37113551236007,-6,0,0
663,0.01,symmetric_const,69.5409721711435,-1,0,0
664,0.01,symmetric_const,73.45585661198328,4,0,0
665,0.01,symmetric_const,71.3076086118673,8,0,0
666,0.01,symmetric_const,66.03688797073744,-9,0,0
667,0.01,symmetric_const,55.93985534029002,-7,0,0
668,0.01,symmetric_const,66.9415324457591,3,0,0
669,0.01,symmetric_const,70.63421256069319,-12,0,0
670,0.01,symmetric_const,78.70417164552737,-9,0,0
671,0.01,symmetric_const,74.6613296767286,3,0,0
672,0.01,symmetric_const,84.89752263892774,-1,0,0
673,0.01,symmetric_const,58.24072750043672,-6,0,0
674,0.01,symmetric_const,84.7269126016472,-13,0,0
675,0.01,symmetric_const,53.733229978090776,-3,0,0
676,0.01,symmetric_const,65.52505785890071,11,0,0
677,0.01,symmetric_const,58.51236740911759,-13,0,0
678,0.01,symmetric_const,63.929031455455515,2,0,0
679,0.01,symmetric_const,80.64367914801528,4,0,0
680,0.01,symmetric_const,53.97342018124573,-4,0,0
681,0.01,symmetric_const,90.27379520043132,13,0,0
682,0.01,symmetric_const,66.3174696587267,1,0,0
683,0.01,symmetric_const,66.16258447421131,2,0,0
684,0.01,symmetric_const,59.897392290449375,7,0,0
685,0.01,symmetric_const,65.30059250850894,-3,0,0
686,0.01,symmetric_const,78.95782567696045,-3,0,0
687,0.01,symmetric_const,96.15285377582993,1,0,0
688,0.01,symmetric_const,76.4998073078134,-7,0,0
689,0.01,symmetric_const,67.19518647719212,-3,0,0
690,0.01,symmetric_const,71.5904513243421,-8,0,0
691,0.01,symmetric_const,56.71654228735258,-4,0,0
692,0.01,symmetric_const,75.0160135795627,-20,0,0
693,0.01,symmetric_const,77.33261059247184,-16,0,0
694,0.01,symmetric_const,79.9343113423435,4,0,0
695,0.01,symmetric_const,70.23461512405191,2,0,0
696,0.01,symmetric_const,43.220875058238676,-4,0,0
697,0.01,symmetric_const,62.175858843010076,-2,0,0
698,0.01,symmetric_const,53.21019706246118,0,0,0
699,0.01,symmetric_const,72.6365171556011,-2,0,0
700,0.01,symmetric_const,73.94970084657098,-7,0,0
701,0.01,symmetric_const,53.71750512532708,-6,0,0
702,0.01,symmetric_const,55.75352045024829,-26,0,0
703,0.01,symmetric_const,67.33660783342964,-5,0,0
704,0.01,symmetric_const,72.47042916729265,-14,0,0
705,0.01,symmetric_const,75.59290180830646,7,0,0
706,0.01,symmetric_const,79.15762439528089,1,0,0
707,0.01,symmetric_const,70.17623776196854,10,0,0
708,0.01,symmetric_const,59.36315657102722,-1,0,0
709,0.01,symmetric_const,66.92580759299574,2,0,0
710,0.01,symmetric_const,26.380530862205433,11,0,0
711,0.01,symmetric_const,79.75023747678665,-11,0,0
712,0.01,symmetric_const,65.39710033094161,12,0,0
713,0.01,symmetric_const,74.68825733328443,1,0,0
714,0.01,symmetric_const,69.32544860005936,-2,0,0
715,0.01,symmetric_const,70.17623776196871,-2,0,0
716,0.01,symmetric_const,96.7769165628622,-9,0,0
717,0.01,symmetric_const,70.05280228298,3,0,0
718,0.01,symmetric_const,74.43460330185178,-3,0,0
719,0.01,symmetric_const,55.91066665924848,3,0,0
720,0.01,symmetric_const,67.53414552726464,1,0,0
721,0.01,symmetric_const,69.18854929279286,2,0,0
722,0.01,symmetric_const,58.074639512127874,6,0,0
723,0.01,symmetric_const,57.21038652194102,-1,0,0
724,0.01,symmetric_const,72.24370279241577,-2,0,0
725,0.01,symmetric_const,64.56429704628079,-7,0,0
726,0.01,symmetric_const,63.32295454567236,-7,0,0
727,0.01,symmetric_const,51.92168000356196,7,0,0
728,0.01,symmetric_const,62.28809151820599,-4,0,0
729,0.01,symmetric_const,71.74759753334268,5,0,0
730,0.01,symmetric_const,77.30794396040255,12,0,0
731,0.01,symmetric_const,84.3744897232981,-2,0,0
732,0.01,symmetric_const,75.08333272095518,1,0,0
733,0.01,symmetric_const,67.08069277751116,5,0,0
734,0.01,symmetric_const,73.82626536758278,4,0,0
735,0.01,symmetric_const,66.06607665177921,7,0,0
736,0.01,symmetric_const,78.62112765137317,-11,0,0
737,0.01,symmetric_const,63.529434018813845,-12,0,0
738,0.01,symmetric_const,66.5868485429232,2,0,0
739,0.01,symmetric_const,60.67860128648255,-2,0,0
740,0.01,symmetric_const,40.80777022289686,-1,0,0
741,0.01,symmetric_const,60.66061540923431,-7,0,0
742,0.01,symmetric_const,84.40593942882515,14,0,0
743,0.01,symmetric_const,58.55275889395307,24,0,0
744,0.01,symmetric_const,67.57679803658436,-8,0,0
745,0.01,symmetric_const,58.584208599479425,0,0,0
746,0.01,symmetric_const,77.27875527936186,4,0,0
747,0.01,symmetric_const,79.35516208911713,-11,0,0
748,0.01,symmetric_const,53.407734756296406,-2,0,0
749,0.01,symmetric_const,52.42898806642779,11,0,0
750,0.01,symmetric_const,68.21206362740952,5,0,0
751,0.01,symmetric_const,57.562809400291314,4,0,0
752,0.01,symmetric_const,90.44214421322442,7,0,0
753,0.01,symmetric_const,76.68388117337054,8,0,0
754,0.01,symmetric_const,86.47114343478734,-12,0,0
755,0.01,symmetric_const,73.98115055209814,9,0,0
756,0.01,symmetric_const,60.620223924399625,10,0,0
757,0.01,symmetric_const,75.01601357956412,6,0,0
758,0.01,symmetric_const,77.78380231774202,4,0,0
759,0.01,symmetric_const,69.38382596214275,2,0,0
760,0.01,symmetric_const,49.68812698480656,13,0,0
761,0.01,symmetric_const,117.75445184427508,-20,0,0
762,0.01,symmetric_const,62.42725184995777,4,0,0
763,0.01,symmetric_const,75.08559374544029,3,0,0
764,0.01,symmetric_const,44.63734964509899,12,0,0
765,0.01,symmetric_const,80.17450154549863,-3,0,0
766,0.01,symmetric_const,60.6179628999144,-4,0,0
767,0.01,symmetric_const,72.9620123773953,-3,0,0
768,0.01,symmetric_const,70.43441384237212,12,0,0
769,0.01,symmetric_const,46.71827850382306,3,0,0
770,0.01,symmetric_const,69.46913098078176,-6,0,0
771,0.01,symmetric_const,83.00292867024498,1,0,0
772,0.01,symmetric_const,76.40103846089579,4,0,0
773,0.01,symmetric_const,67.20865030547031,2,0,0
774,0.01,symmetric_const,90.00215529174915,-4,0,0
775,0.01,symmetric_const,65.65301538685969,-10,0,0
776,0.01,symmetric_const,70.70153170208346,5,0,0
777,0.01,symmetric_const,73.40652334784181,-12,0,0
778,0.01,symmetric_const,63.30496866842361,-4,0,0
779,0.01,symmetric_const,55.84108649337253,-2,0,0
780,0.01,symmetric_const,67.77433573042003,-16,0,0
781,0.01,symmetric_const,92.84404624477361,13,0,0
782,0.01,symmetric_const,56.66268697424027,4,0,0
783,0.01,symmetric_const,95.32005049117015,18,0,0
784,0.01,symmetric_const,91.3018751544413,0,0,0
785,0.01,symmetric_const,59.8839284621715,0,0,0
786,0.01,symmetric_const,68.22326643120277,4,0,0
787,0.01,symmetric_const,57.169995037106276,0,0,0
788,0.01,symmetric_const,72.27063044897216,-6,0,0
789,0.01,symmetric_const,71.39517465499173,2,0,0
790,0.01,symmetric_const,65.51385505510802,4,0,0
791,0.01,symmetric_const,80.17676256998368,-9,0,0
792,0.01,symmetric_const,76.59857615473084,8,0,0
793,0.01,symmetric_const,64.5912247028374,5,0,0
794,0.01,symmetric_const,56.783861428743535,3,0,0
795,0.01,symmetric_const,67.8439158962957,5,0,0
796,0.01,symmetric_const,75.7657728700699,-13,0,0
797,0.01,symmetric_const,70.95744675800233,-9,0,0
798,0.01,symmetric_const,91.13352614164769,0,0,0
799,0.01,symmetric_const,62.52828172136083,19,0,0
800,0.01,symmetric_const,83.90757314526695,9,0,0
801,0.01,symmetric_const,65.42402798749754,-14,0,0
802,0.01,symmetric_const,68.66551637716304,-7,0,0
803,0.01,symmetric_const,78.04197839814628,6,0,0
804,0.01,symmetric_const,63.02438698043446,2,0,0
805,0.01,symmetric_const,76.21696459533916,7,0,0
806,0.01,symmetric_const,65.21754851435475,-3,0,0
807,0.01,symmetric_const,69.59934953322664,5,0,0
808,0.01,symmetric_const,69.24466563039078,-2,0,0
809,0.01,symmetric_const,77.68955551979536,-9,0,0
810,0.01,symmetric_const,62.712355586917965,6,0,0
811,0.01,symmetric_const,85.87400830431089,0,0,0
812,0.01,symmetric_const,37.90750190778954,-8,0,0
813,0.01,symmetric_const,69.24466563039078,-4,0,0
814,0.01,symmetric_const,55.80963678784633,12,0,0
815,0.01,symmetric_const,77.09242038931899,5,0,0
816,0.01,symmetric_const,67.21985310926289,-11,0,0
817,0.01,symmetric_const,79.73903467299351,12,0,0
818,0.01,symmetric_const,68.99101159895753,-4,0,0
819,0.01,symmetric_const,61.156720668306946,-2,0,0
820,0.01,symmetric_const,81.15098721088128,4,0,0
821,0.01,symmetric_const,46.31868106718214,1,0,0
822,0.01,symmetric_const,71.92941037441437,-6,0,0
823,0.01,symmetric_const,65.65075436237495,0,0,0
824,0.01,symmetric_const,105.70218685857697,8,0,0
825,0.01,symmetric_const,84.69772392060668,-17,0,0
826,0.01,symmetric_const,49.50405311924851,18,0,0
827,0.01,symmetric_const,64.96163345843678,-1,0,0
828,0.01,symmetric_const,64.84713975875616,17,0,0
829,0.01,symmetric_const,75.73432316454358,-1,0,0
830,0.01,symmetric_const,59.17682168098497,-6,0,0
831,0.01,symmetric_const,75.69393167970827,-8,0,0
832,0.01,symmetric_const,57.81872445620951,-2,0,0
833,0.01,symmetric_const,98.50542254323705,13,0,0
834,0.01,symmetric_const,106.74825268983773,14,0,0
835,0.01,symmetric_const,64.95937243395207,-3,0,0
836,0.01,symmetric_const,63.16580833667132,4,0,0
837,0.01,symmetric_const,70.68580684932056,6,0,0
838,0.01,symmetric_const,87.21638067632279,3,0,0
839,0.01,symmetric_const,72.27063044897193,6,0,0
840,0.01,symmetric_const,69.82381488361818,3,0,0
841,0.01,symmetric_const,66.3893108490878,0,0,0
842,0.01,symmetric_const,49.37383456680493,9,0,0
843,0.01,symmetric_const,72.35819649209691,6,0,0
844,0.01,symmetric_const,62.743805292444904,6,0,0
845,0.01,symmetric_const,74.30890679837826,0,0,0
846,0.01,symmetric_const,64.46552819936369,10,0,0
847,0.01,symmetric_const,81.35304695368768,6,0,0
848,0.01,symmetric_const,88.40160683933351,5,0,0
849,0.01,symmetric_const,64.49245585591996,0,0,0
850,0.01,symmetric_const,71.21336181392041,9,0,0
851,0.01,symmetric_const,70.47480532720658,7,0,0
852,0.01,symmetric_const,46.97193253525643,-7,0,0
853,0.01,symmetric_const,69.92258373053528,18,0,0
854,0.01,symmetric_const,73.71403269238704,10,0,0
855,0.01,symmetric_const,77.98586206054847,14,0,0
856,0.01,symmetric_const,80.74018697044767,-7,0,0
857,0.01,symmetric_const,49.03487551673345,-9,0,0
858,0.01,symmetric_const,53.268574424544454,2,0,0
859,0.01,symmetric_const,72.02817922133187,3,0,0
860,0.01,symmetric_const,82.43724324529526,1,0,0
861,0.01,symmetric_const,71.60617617710545,11,0,0
862,0.01,symmetric_const,70.33338397096963,19,0,0
863,0.01,symmetric_const,71.71614782781614,-9,0,0
864,0.01,symmetric_const,76.1024708956578,-9,0,0
865,0.01,symmetric_const,53.32016871317171,-10,0,0
866,0.01,symmetric_const,58.34401839632443,5,0,0
867,0.01,symmetric_const,73.48730631751012,2,0,0
868,0.01,symmetric_const,66.99538775887186,-7,0,0
869,0.01,symmetric_const,56.51900459351759,-2,0,0
870,0.01,symmetric_const,83.31496006376096,3,0,0
871,0.01,symmetric_const,68.98875057447253,-12,0,0
872,0.01,symmetric_const,89.10203286569867,24,0,0
873,0.01,symmetric_const,63.545158871577996,-19,0,0
874,0.01,symmetric_const,82.39459073597561,-2,0,0
875,0.01,symmetric_const,73.75442417722088,1,0,0
876,0.01,symmetric_const,69.72278501221501,6,0,0
877,0.01,symmetric_const,45.88321419467684,24,0,0
878,0.01,symmetric_const,56.6604259497542,-14,0,0
879,0.01,symmetric_const,59.2755905279015,7,0,0
880,0.01,symmetric_const,76.86569401444223,3,0,0
881,0.01,symmetric_const,60.16677117464599,-2,0,0
882,0.01,symmetric_const,58.78174629331488,12,0,0
883,0.01,symmetric_const,67.26476664306836,-4,0,0
884,0.01,symmetric_const,71.54779881502219,3,0,0
885,0.01,symmetric_const,24.414095703160456,14,0,0
886,0.01,symmetric_const,62.99293727490681,10,0,0
887,0.01,symmetric_const,55.50212744329997,6,0,0
888,0.01,symmetric_const,66.72600887467519,-4,0,0
889,0.01,symmetric_const,94.30317334095162,16,0,0
890,0.01,symmetric_const,79.4965834453534,-1,0,0
891,0.01,symmetric_const,71.94513522717796,7,0,0
892,0.01,symmetric_const,54.95884762593653,6,0,0
893,0.01,symmetric_const,64.39142598451707,3,0,0
894,0.01,symmetric_const,52.91389052170862,-1,0,0
895,0.01,symmetric_const,81.47422140819208,-15,0,0
896,0.01,symmetric_const,78.01505074158928,4,0,0
897,0.01,symmetric_const,74.65906865224281,5,0,0
898,0.01,symmetric_const,60.88960280859624,5,0,0
899,0.01,symmetric_const,76.08674604289445,4,0,0
900,0.01,symmetric_const,87.18719199528118,-1,0,0
901,0.01,symmetric_const,27.383944184145548,20,0,0
902,0.01,symmetric_const,28.219008493292222,15,0,0
903,0.01,symmetric_const,93.79360425360062,8,0,0
904,0.01,symmetric_const,70.98211339007285,1,0,0
905,0.01,symmetric_const,81.46527962888322,0,0,0
906,0.01,symmetric_const,91.10885950957709,-30,0,0
907,0.01,symmetric_const,69.6262771897828,3,0,0
908,0.01,symmetric_const,62.245439008886024,1,0,0
909,0.01,symmetric_const,54.59522194379326,8,0,0
910,0.01,symmetric_const,74.03952791418078,7,0,0
911,0.01,symmetric_const,66.73947270295355,5,0,0
912,0.01,symmetric_const,89.60934092856382,6,0,0
913,0.01,symmetric_const,103.81879569368692,5,0,0
914,0.01,symmetric_const,58.709905102953144,-1,0,0
915,0.01,symmetric_const,73.04731739603471,3,0,0
916,0.01,symmetric_const,111.50272348879139,16,0,0
917,0.01,symmetric_const,68.49490633988432,9,0,0
918,0.01,symmetric_const,76.44142994573019,-3,0,0
919,0.01,symmetric_const,71.11007091803253,8,0,0
920,0.01,symmetric_const,62.88296562419657,-8,0,0
921,0.01,symmetric_const,84.46205576642274,12,0,0
922,0.01,symmetric_const,63.44865104914629,-8,0,0
923,0.01,symmetric_const,58.05891465936463,3,0,0
924,0.01,symmetric_const,74.43008125288111,5,0,0
925,0.01,symmetric_const,54.43807573479285,-15,0,0
926,0.01,symmetric_const,73.35934878955105,1,0,0
927,0.01,symmetric_const,82.99172586645193,8,0,0
928,0.01,symmetric_const,87.67209445056187,-11,0,0
929,0.01,symmetric_const,70.63195153620725,2,0,0
930,0.01,symmetric_const,69.58362468046313,0,0,0
931,0.01,symmetric_const,88.2220550227471,-14,0,0
932,0.01,symmetric_const,67.68903071178005,-2,0,0
933,0.01,symmetric_const,69.1189691269168,-1,0,0
934,0.01,symmetric_const,67.02457643991261,13,0,0
935,0.01,symmetric_const,58.853587483675994,-5,0,0
936,0.01,symmetric_const,69.79462620257686,-9,0,0
937,0.01,symmetric_const,64.96163345843684,5,0,0
938,0.01,symmetric_const,62.923357109031144,3,0,0
939,0.01,symmetric_const,80.03534121374665,3,0,0
940,0.01,symmetric_const,65.908930442778,-8,0,0
941,0.01,symmetric_const,77.40671280732022,-9,0,0
942,0.01,symmetric_const,64.82021210219935,1,0,0
943,0.01,symmetric_const,9.94872588212047,19,0,0
944,0.01,symmetric_const,71.70268399953784,-12,0,0
945,0.01,symmetric_const,81.65829527374797,8,0,0
946,0.01,symmetric_const,77.18892821175163,0,0,0
947,0.01,symmetric_const,76.70854780544119,20,0,0
948,0.01,symmetric_const,62.71235558691785,0,0,0
949,0.01,symmetric_const,92.38165171571268,14,0,0
950,0.01,symmetric_const,75.87348349629588,11,0,0
951,0.01,symmetric_const,70.14931010541233,4,0,0
952,0.01,symmetric_const,48.01799836651503,-13,0,0
953,0.01,symmetric_const,67.84391589629568,1,0,0
954,0.01,symmetric_const,68.35348498364692,-7,0,0
955,0.01,symmetric_const,78.16767490161976,9,0,0
956,0.01,symmetric_const,75.73432316454398,9,0,0
957,0.01,symmetric_const,100.15756528427937,-6,0,0
958,0.01,symmetric_const,78.29563242957806,-14,0,0
959,0.01,symmetric_const,62.568673206195456,2,0,0
960,0.01,symmetric_const,83.53942541415262,-1,0,0
961,0.01,symmetric_const,47.65211165988643,-1,0,0
962,0.01,symmetric_const,70.68580684932004,4,0,0
963,0.01,symmetric_const,75.83535303594692,6,0,0
964,0.01,symmetric_const,39.860473238555755,-8,0,0
965,0.01,symmetric_const,74.74437367088234,5,0,0
966,0.01,symmetric_const,59.71105740040696,-4,0,0
967,0.01,symmetric_const,81.59097613235645,-11,0,0
968,0.01,symmetric_const,75.59290180830664,-5,0,0
969,0.01,symmetric_const,84.1230967163508,-12,0,0
970,0.01,symmetric_const,66.14685962144756,5,0,0
971,0.01,symmetric_const,70.1066575960927,-3,0,0
972,0.01,symmetric_const,66.64296488052116,-4,0,0
973,0.01,symmetric_const,76.9083465237619,4,0,0
974,0.01,symmetric_const,75.59516283279186,-7,0,0
975,0.01,symmetric_const,63.704566105064146,-6,0,0
976,0.01,symmetric_const,59.15215504891364,4,0,0
977,0.01,symmetric_const,62.018712634009376,-3,0,0
978,0.01,symmetric_const,54.01155064159457,-17,0,0
979,0.01,symmetric_const,62.68542793036117,0,0,0
980,0.01,symmetric_const,65.908930442778,-4,0,0
981,0.01,symmetric_const,68.78001007684429,3,0,0
982,0.01,symmetric_const,72.25716662069442,-3,0,0
983,0.01,symmetric_const,76.47287965125724,-5,0,0
984,0.01,symmetric_const,56.02289933444433,-9,0,0
985,0.01,symmetric_const,53.68831644428565,2,0,0
986,0.01,symmetric_const,59.616810602460646,15,0,0
987,0.01,symmetric_const,67.48923199345961,-2,0,0
988,0.01,symmetric_const,57.30915536885777,14,0,0
989,0.01,symmetric_const,71.83290255198142,3,0,0
990,0.01,symmetric_const,81.2766837143555,9,0,0
991,0.01,symmetric_const,59.62801340625299,-4,0,0
992,0.01,symmetric_const,57.33834404989983,4,0,0
993,0.01,symmetric_const,58.33949634735427,-5,0,0
994,0.01,symmetric_const,65.90893044277817,4,0,0
995,0.01,symmetric_const,73.78361285826314,1,0,0
996,0.01,symmetric_const,67.85737972457389,2,0,0
997,0.01,symmetric_const,61.893016130535415,2,0,0
998,0.01,symmetric_const,30.05748612437469,15,0,0
999,0.01,symmetric_const,58.5280922618814,-6,0,0
0,0.1,inventory_const,67.79823972656257,-1,3,0
1,0.1,inventory_const,58.01912156471819,0,2,0
2,0.1,inventory_const,60.3723334736932,1,1,0
3,0.1,inventory_const,64.94359209987317,-3,3,0
4,0.1,inventory_const,69.11758137116928,0,4,0
5,0.1,inventory_const,52.987537152446635,2,2,0
6,0.1,inventory_const,65.81524880186794,-1,3,0
7,0.1,inventory_const,52.11483207984833,-2,4,0
8,0.1,inventory_const,71.36233049287358,-5,4,0
9,0.1,inventory_const,62.93062295856288,-1,4,0
10,0.1,inventory_const,53.66676672969493,4,1,0
11,0.1,inventory_const,53.9283437200595,-1,0,0
12,0.1,inventory_const,58.57448499270957,1,0,0
13,0.1,inventory_const,65.00359209987303,3,4,0
14,0.1,inventory_const,60.41200405482806,-1,4,1
15,0.1,inventory_const,67.57973337252305,1,3,0
16,0.1,inventory_const,68.94911164432881,0,0,0
17,0.1,inventory_const,65.67790715726119,6,1,0
18,0.1,inventory_const,62.19044554105142,-2,1,0
19,0.1,inventory_const,71.64723113359429,2,3,0
20,0.1,inventory_const,67.45117651214473,1,8,1
21,0.1,inventory_const,62.827194180418374,0,1,0
22,0.1,inventory_const,65.62325574143799,1,2,0
23,0.1,inventory_const,61.762839827732535,-3,1,0
24,0.1,inventory_const,75.64111575943934,5,0,0
25,0.1,inventory_const,65.7577297397496,-1,2,0
26,0.1,inventory_const,59.524061983074034,-4,5,0
27,0.1,inventory_const,67.65121265700634,-4,0,0
28,0.1,inventory_const,65.82864095281366,-2,3,0
29,0.1,inventory_const,61.71947955017748,1,3,0
30,0.1,inventory_const,69.58270299617055,2,4,0
31,0.1,inventory_const,72.44462328454006,3,2,0
32,0.1,inventory_const,68.08916215066745,-2,3,0
33,0.1,inventory_const,55.12909235942665,1,2,0
34,0.1,inventory_const,69.33287678090852,-1,2,0
35,0.1,inventory_const,53.44520031167416,1,5,1
36,0.1,inventory_const,58.52239140193916,2,1,0
37,0.1,inventory_const,59.633074691152856,0,5,0
38,0.1,inventory_const,54.239273083734474,-4,3,0
39,0.1,inventory_const,52.182896947664375,-1,0,0
40,0.1,inventory_const,75.56202697250362,0,7,0
41,0.1,inventory_const,61.426738332717775,4,4,0
42,0.1,inventory_const,57.215490278881134,2,1,0
43,0.1,inventory_const,62.7001309660007,4,0,0
44,0.1,inventory_const,67.19299215506327,0,2,0
45,0.1,inventory_const,62.15340362768086,3,3,0
46,0.1,inventory_const,72.01563599261891,-3,1,0
47,0.1,inventory_const,75.5299467785359,0,2,0
48,0.1,inventory_const,61.70986689728852,-2,0,0
49,0.1,inventory_const,69.3313608692262,0,0,0
50,0.1,inventory_const,67.62145494233391,0,1,0
51,0.1,inventory_const,61.909939187011986,0,0,0
52,0.1,inventory_const,52.682188085932296,0,0,0
53,0.1,inventory_const,59.46038398003191,-1,0,0
54,0.1,inventory_const,64.14723395805356,-1,3,0
55,0.1,inventory_const,68.776804008848,0,0,0
56,0.1,inventory_const,76.21969803597585,-3,4,0
57,0.1,inventory_const,73.39281506352876,1,2,0
58,0.1,inventory_const,64.93247095720932,0,4,0
59,0.1,inventory_const,70.966022857393,-7,4,0
60,0.1,inventory_const,72.599473418922,-2,5,0
61,0.1,inventory_const,63.47654324693252,-2,2,0
62,0.1,inventory_const,59.037475917404095,5,2,0
63,0.1,inventory_const,64.55482167712165,3,4,0
64,0.1,inventory_const,69.20333214627195,2,0,0
65,0.1,inventory_const,66.13776951738453,-2,3,0
66,0.1,inventory_const,77.3884828202046,2,2,0
67,0.1,inventory_const,55.595949433378465,0,4,0
68,0.1,inventory_const,53.987573297308074,1,3,1
69,0.1,inventory_const,64.98074196549112,-2,0,0
70,0.1,inventory_const,64.78105702287922,-3,3,0
71,0.1,inventory_const,79.184732527439,-1,0,0
72,0.1,inventory_const,63.62911446878795,3,3,0
73,0.1,inventory_const,63.2491941804185,2,1,0
74,0.1,inventory_const,73.31067427321625,-2,1,1
75,0.1,inventory_const,64.91372973974958,3,2,0
76,0.1,inventory_const,60.60536748281913,2,0,0
77,0.1,inventory_const,68.57878222546378,4,3,0
78,0.1,inventory_const,66.72461965176643,-1,3,0
79,0.1,inventory_const,68.79573385486034,0,6,0
80,0.1,inventory_const,55.74338515109292,-5,3,0
81,0.1,inventory_const,57.72904927499519,2,6,2
82,0.1,inventory_const,69.71881143075535,5,0,0
83,0.1,inventory_const,67.44499215506332,0,0,0
84,0.1,inventory_const,50.87856010689188,-4,8,0
85,0.1,inventory_const,76.63603439441101,-5,3,0
86,0.1,inventory_const,64.42878553225995,-2,1,0
87,0.1,inventory_const,68.40481143075532,1,1,0
88,0.1,inventory_const,60.38459012049793,6,3,1
89,0.1,inventory_const,62.41581639094993,0,2,0
90,0.1,inventory_const,67.59076738164902,4,4,0
91,0.1,inventory_const,63.218387612805486,-1,5,1
92,0.1,inventory_const,61.69876753800929,1,2,0
93,0.1,inventory_const,68.04939701408819,-7,3,0
94,0.1,inventory_const,59.253841481130735,4,2,0
95,0.1,inventory_const,53.897764593959494,2,0,0
96,0.1,inventory_const,58.398170417658775,1,3,0
97,0.1,inventory_const,65.47339338131445,1,7,0
98,0.1,inventory_const,71.78836663773541,-2,3,0
99,0.1,inventory_const,60.70419583381663,1,1,0
100,0.1,inventory_const,67.49944752042666,1,2,0
101,0.1,inventory_const,72.78327091122964,-1,1,0
102,0.1,inventory_const,59.71490469554841,0,0,0
103,0.1,inventory_const,68.91665942940165,-4,5,0
104,0.1,inventory_const,54.44915722724255,2,4,0
105,0.1,inventory_const,61.7656028285769,2,2,0
106,0.1,inventory_const,63.756160171292294,3,0,0
107,0.1,inventory_const,63.83122338571019,-1,6,0
108,0.1,inventory_const,62.026590120497815,-2,1,0
109,0.1,inventory_const,55.98741435638465,-4,5,0
110,0.1,inventory_const,58.3911469808761,-2,0,0
111,0.1,inventory_const,55.00725872225735,5,1,0
112,0.1,inventory_const,49.92386245620099,5,1,0
113,0.1,inventory_const,52.899395879796444,0,1,0
114,0.1,inventory_const,52.261095666223014,-5,2,0
115,0.1,inventory_const,69.16223972656258,-5,0,0
116,0.1,inventory_const,63.704300961604986,2,7,0
117,0.1,inventory_const,67.41604100800377,1,3,0
118,0.1,inventory_const,49.78324024566945,5,2,0
119,0.1,inventory_const,72.02111527710225,2,1,0
120,0.1,inventory_const,65.57389973535379,-1,0,0
121,0.1,inventory_const,63.67266604299448,-2,0,0
122,0.1,inventory_const,68.15274608060196,-1,4,0
123,0.1,inventory_const,70.89860892306291,-2,1,0
124,0.1,inventory_const,62.31207997732463,-1,3,0
125,0.1,inventory_const,55.40229321372084,3,4,1
126,0.1,inventory_const,76.77709018692144,6,3,1
127,0.1,inventory_const,69.27327421802596,1,4,0
128,0.1,inventory_const,60.443769191407625,-4,3,0
129,0.1,inventory_const,58.09776870907035,-1,3,0
130,0.1,inventory_const,50.74892518828142,4,2,0
131,0.1,inventory_const,56.30004398882326,-1,5,0
132,0.1,inventory_const,65.04405173670762,4,2,0
133,0.1,inventory_const,67.04629765480854,2,5,0
134,0.1,inventory_const,58.93428990692435,1,2,0
135,0.1,inventory_const,69.71448201189003,-3,2,0
136,0.1,inventory_const,62.676102243046444,2,4,0
137,0.1,inventory_const,61.28295883466075,2,9,0
138,0.1,inventory_const,62.04352311694629,5,4,1
139,0.1,inventory_const,61.87905339010592,-3,2,0
140,0.1,inventory_const,73.45843562066212,0,7,0
141,0.1,inventory_const,60.95219583381663,5,0,0
142,0.1,inventory_const,61.63271703167058,1,6,0
143,0.1,inventory_const,61.83646732443606,2,1,0
144,0.1,inventory_const,69.23654736204315,1,4,0
145,0.1,inventory_const,66.1181999489275,0,5,0
146,0.1,inventory_const,71.79775927101821,-2,6,0
147,0.1,inventory_const,54.24553715244656,4,4,0
148,0.1,inventory_const,73.40566519791065,-4,4,0
149,0.1,inventory_const,74.03682248543603,0,3,0
150,0.1,inventory_const,72.7043522762583,1,4,0
151,0.1,inventory_const,62.305031606721286,-1,0,0
152,0.1,inventory_const,63.01323774718735,0,0,0
153,0.1,inventory_const,68.55256172352055,0,1,0
154,0.1,inventory_const,59.27997484953619,-10,4,0
155,0.1,inventory_const,56.57053549904833,1,4,0
156,0.1,inventory_const,69.16329600141029,-1,1,0
157,0.1,inventory_const,52.697146654899086,2,2,0
158,0.1,inventory_const,62.90287960536756,-2,6,0
159,0.1,inventory_const,61.87040197428257,4,1,0
160,0.1,inventory_const,68.62314036728316,-2,3,0
161,0.1,inventory_const,59.25539620577372,0,3,0
162,0.1,inventory_const,63.48057939179415,-1,0,0
163,0.1,inventory_const,59.565146980875966,-6,0,0
164,0.1,inventory_const,66.38416380406579,3,1,0
165,0.1,inventory_const,67.11034816114716,-4,7,0
166,0.1,inventory_const,66.57355595501133,-4,2,0
167,0.1,inventory_const,71.1618820670803,0,1,0
168,0.1,inventory_const,63.1473859594072,0,4,0
169,0.1,inventory_const,72.31118756682554,-2,1,0
170,0.1,inventory_const,59.38652477034452,-2,7,1
171,0.1,inventory_const,66.75978387886178,3,1,1
172,0.1,inventory_const,69.85064143515089,1,1,0
173,0.1,inventory_const,60.8825396141591,2,3,0
174,0.1,inventory_const,61.343939187011955,2,4,1
175,0.1,inventory_const,58.82138184429641,-3,8,1
176,0.1,inventory_const,62.108094821139105,-1,2,0
177,0.1,inventory_const,53.92185172749714,2,0,0
178,0.1,inventory_const,66.58285451518677,2,1,0
179,0.1,inventory_const,65.14931366968398,2,0,0
180,0.1,inventory_const,56.338615210678626,-2,1,0
181,0.1,inventory_const,65.62868451958244,2,6,0
182,0.1,inventory_const,61.102347835170406,2,5,1
183,0.1,inventory_const,61.9292446867571,-2,2,0
184,0.1,inventory_const,69.87759621498387,2,1,0
185,0.1,inventory_const,54.93623528547471,-4,6,0
186,0.1,inventory_const,79.28840359091134,-6,2,0
187,0.1,inventory_const,67.04263353090624,-5,7,0
188,0.1,inventory_const,64.31963566664189,-5,6,0
189,0.1,inventory_const,68.9032742180259,-1,1,0
190,0.1,inventory_const,57.88695520188736,4,0,0
191,0.1,inventory_const,71.15112963857946,1,2,0
192,0.1,inventory_const,61.959009823336885,-1,2,0
193,0.1,inventory_const,60.80325162632698,2,6,0
194,0.1,inventory_const,74.60636712007252,3,2,0
195,0.1,inventory_const,60.49676011610222,-4,0,0
196,0.1,inventory_const,60.37577661331477,-1,0,0
197,0.1,inventory_const,59.60002583821239,3,1,0
198,0.1,inventory_const,56.54044142594071,1,4,0
199,0.1,inventory_const,77.44547753403265,-5,4,0
200,0.1,inventory_const,69.24081143075529,-1,2,0
201,0.1,inventory_const,57.92781227583913,1,2,0
202,0.1,inventory_const,52.19818066402513,-3,1,0
203,0.1,inventory_const,67.13367544427692,0,8,1
204,0.1,inventory_const,66.09304960097195,0,3,0
205,0.1,inventory_const,64.41172231784242,2,5,0
206,0.1,inventory_const,60.22749027888119,4,2,0
207,0.1,inventory_const,54.87070880144927,-5,8,0
208,0.1,inventory_const,59.67886855068696,-1,1,0
209,0.1,inventory_const,57.15616299575129,-6,1,0
210,0.1,inventory_const,63.85024303335905,-5,1,0
211,0.1,inventory_const,64.90931366968402,2,4,0
212,0.1,inventory_const,61.939053390105755,-1,3,0
213,0.1,inventory_const,54.37138894022672,-4,2,0
214,0.1,inventory_const,65.53161388325765,-1,0,0
215,0.1,inventory_const,70.03626893185424,-2,1,0
216,0.1,inventory_const,60.68276705567217,4,1,0
217,0.1,inventory_const,48.43961274896613,0,1,0
218,0.1,inventory_const,58.08244884784796,2,1,0
219,0.1,inventory_const,65.16386359049231,0,0,0
220,0.1,inventory_const,69.27475350250921,-2,4,0
221,0.1,inventory_const,66.21237688410159,2,4,1
222,0.1,inventory_const,61.50640197428265,6,0,0
223,0.1,inventory_const,67.07173337252303,3,8,0
224,0.1,inventory_const,56.56491115278118,-9,2,0
225,0.1,inventory_const,63.4706011751786,1,0,0
226,0.1,inventory_const,66.74826150994693,-5,4,0
227,0.1,inventory_const,62.63300982333692,-3,5,0
228,0.1,inventory_const,54.048607306434064,4,7,0
229,0.1,inventory_const,56.4349010627752,0,0,0
230,0.1,inventory_const,74.13527091122944,-7,5,0
231,0.1,inventory_const,65.24499909463322,4,1,0
232,0.1,inventory_const,66.27015638215858,2,3,0
233,0.1,inventory_const,68.67845328893566,-1,5,1
234,0.1,inventory_const,69.42052557865901,5,1,0
235,0.1,inventory_const,70.95931084522493,-1,3,0
236,0.1,inventory_const,60.82024634015539,-1,1,0
237,0.1,inventory_const,63.03123774718716,-2,2,0
238,0.1,inventory_const,70.45257971777113,3,1,0
239,0.1,inventory_const,70.08845328893568,-1,1,0
240,0.1,inventory_const,60.2358812587658,-3,1,0
241,0.1,inventory_const,69.40401228504959,-3,1,0
242,0.1,inventory_const,72.22337192390671,-5,6,1
243,0.1,inventory_const,65.1531149511254,0,1,1
244,0.1,inventory_const,73.63945905744458,-5,2,0
245,0.1,inventory_const,57.615066786908585,4,6,0
246,0.1,inventory_const,58.646727278037076,-1,0,0
247,0.1,inventory_const,70.31018922022383,-1,6,0
248,0.1,inventory_const,60.696510408867425,-1,0,0
249,0.1,inventory_const,62.86827917822049,0,7,0
250,0.1,inventory_const,63.62482861669167,-1,6,0
251,0.1,inventory_const,68.45241351130062,4,2,0
252,0.1,inventory_const,67.17111116199149,1,4,2
253,0.1,inventory_const,62.150116604523646,-3,3,0
254,0.1,inventory_const,63.47817453276957,2,3,0
255,0.1,inventory_const,67.16729236863694,-1,12,2
256,0.1,inventory_const,59.591653334915605,2,1,0
257,0.1,inventory_const,70.22982413883439,1,2,0
258,0.1,inventory_const,52.1418368836828,-2,2,0
259,0.1,inventory_const,58.4612484758911,3,4,0
260,0.1,inventory_const,64.85878553225996,4,5,0
261,0.1,inventory_const,63.109780246088405,-1,0,0
262,0.1,inventory_const,64.24939338131446,1,5,0
263,0.1,inventory_const,75.70119910384356,0,1,0
264,0.1,inventory_const,67.18927058525225,-5,1,0
265,0.1,inventory_const,72.87255841672396,2,4,0
266,0.1,inventory_const,56.288741639514285,-4,1,0
267,0.1,inventory_const,54.982586005387105,3,4,0
268,0.1,inventory_const,59.830517348437354,5,6,0
269,0.1,inventory_const,66.80549850910273,2,2,0
270,0.1,inventory_const,74.76358596861746,2,4,2
271,0.1,inventory_const,61.46047426400571,2,2,0
272,0.1,inventory_const,55.022556800095344,2,4,0
273,0.1,inventory_const,76.78823311296952,1,2,0
274,0.1,inventory_const,66.06991409683098,4,0,0
275,0.1,inventory_const,70.09446071084278,-2,5,0
276,0.1,inventory_const,66.71167229384079,1,1,0
277,0.1,inventory_const,67.66665579662828,-2,1,0
278,0.1,inventory_const,65.51050710207107,-1,4,0
279,0.1,inventory_const,69.6679761401881,4,2,0
280,0.1,inventory_const,75.61767625259131,-5,3,0
281,0.1,inventory_const,73.64239584302675,-3,3,0
282,0.1,inventory_const,68.22398307975772,4,1,1
283,0.1,inventory_const,57.284850556436254,2,2,0
284,0.1,inventory_const,68.6146483747209,-1,0,0
285,0.1,inventory_const,65.31828660012769,-1,2,0
286,0.1,inventory_const,60.53968947977725,-1,0,0
287,0.1,inventory_const,58.33917570383045,0,1,0
288,0.1,inventory_const,63.5297366793194,-3,3,0
289,0.1,inventory_const,60.826940840410145,-5,0,0
290,0.1,inventory_const,57.47678520628301,-2,0,0
291,0.1,inventory_const,74.1862730469648,5,1,0
292,0.1,inventory_const,84.44949964339398,3,2,0
293,0.1,inventory_const,63.76627223865077,0,5,0
294,0.1,inventory_const,51.57049523907585,-3,5,0
295,0.1,inventory_const,70.53458713967842,-2,3,0
296,0.1,inventory_const,67.73336086922626,-4,0,0
297,0.1,inventory_const,64.3023153230821,7,0,0
298,0.1,inventory_const,62.407859957718756,2,5,0
299,0.1,inventory_const,64.82801559184591,3,5,0
300,0.1,inventory_const,56.15843400403338,-4,1,0
301,0.1,inventory_const,62.33227175631333,-1,2,0
302,0.1,inventory_const,75.12819333533452,-2,1,0
303,0.1,inventory_const,60.27741798915798,-2,4,0
304,0.1,inventory_const,65.66336465836002,-5,5,0
305,0.1,inventory_const,58.443356910475714,0,1,0
306,0.1,inventory_const,61.51158846709967,-3,0,0
307,0.1,inventory_const,62.59040939618984,-3,0,0
308,0.1,inventory_const,70.29501757122125,0,6,1
309,0.1,inventory_const,59.36296956336446,-7,0,0
310,0.1,inventory_const,62.08828296735442,9,3,0
311,0.1,inventory_const,69.7116323598455,1,3,0
312,0.1,inventory_const,67.91281837032528,-1,1,0
313,0.1,inventory_const,64.49140774279164,4,0,0
314,0.1,inventory_const,75.2514988350797,6,5,0
315,0.1,inventory_const,66.88946930381115,-3,1,0
316,0.1,inventory_const,70.23887299177477,-4,3,0
317,0.1,inventory_const,59.14741798915799,2,0,0
318,0.1,inventory_const,58.68534948856848,5,1,0
319,0.1,inventory_const,65.58860165751582,-2,3,0
320,0.1,inventory_const,61.62290832832204,2,2,0
321,0.1,inventory_const,71.27058713967841,-2,4,0
322,0.1,inventory_const,60.45733875986491,-4,4,0
323,0.1,inventory_const,67.61121265700632,-2,8,0
324,0.1,inventory_const,59.333338277527446,-7,2,0
325,0.1,inventory_const,64.11989231344688,2,0,0
326,0.1,inventory_const,54.27406528987041,2,3,0
327,0.1,inventory_const,53.387602020262534,3,3,0
328,0.1,inventory_const,58.78766406361939,-5,1,0
329,0.1,inventory_const,63.69414896025154,-5,6,0
330,0.1,inventory_const,47.75595604697139,-4,2,0
331,0.1,inventory_const,58.35031862987873,-1,2,0
332,0.1,inventory_const,64.17610224304622,-2,4,0
333,0.1,inventory_const,66.26116909023757,0,5,0
334,0.1,inventory_const,66.78573337252303,3,4,0
335,0.1,inventory_const,69.00489808195562,-2,0,0
336,0.1,inventory_const,59.36521927059903,-4,1,0
337,0.1,inventory_const,68.0689560102017,3,3,0
338,0.1,inventory_const,59.6461268508898,5,0,0
339,0.1,inventory_const,56.878162995751495,4,7,0
340,0.1,inventory_const,59.82691905702586,3,2,0
341,0.1,inventory_const,73.50800155634579,4,0,0
342,0.1,inventory_const,62.68725210866438,-1,3,0
343,0.1,inventory_const,58.82317570383054,-6,3,0
344,0.1,inventory_const,58.191168281923325,3,0,0
345,0.1,inventory_const,66.27251452397832,4,5,4
346,0.1,inventory_const,56.090300635628,0,4,0
347,0.1,inventory_const,70.36015307536191,2,1,0
348,0.1,inventory_const,58.2757904924547,1,0,0
349,0.1,inventory_const,62.51126647014166,4,0,0
350,0.1,inventory_const,74.31329269461389,-1,0,0
351,0.1,inventory_const,60.65494826231742,4,5,0
352,0.1,inventory_const,61.930850400076,-3,6,0
353,0.1,inventory_const,67.2260192246196,1,7,1
354,0.1,inventory_const,64.30744388765315,1,3,0
355,0.1,inventory_const,60.73541104958804,-4,2,0
356,0.1,inventory_const,57.25492599659566,-1,7,0
357,0.1,inventory_const,64.22938595940718,0,3,0
358,0.1,inventory_const,67.18835558305472,-1,2,1
359,0.1,inventory_const,63.726308383512276,1,6,0
360,0.1,inventory_const,68.2484676504129,0,0,0
361,0.1,inventory_const,68.69190336812733,-1,1,0
362,0.1,inventory_const,66.04075680930566,-6,2,0
363,0.1,inventory_const,51.39596710165188,-1,1,0
364,0.1,inventory_const,64.26284346050605,3,0,0
365,0.1,inventory_const,68.99226150994687,-1,1,0
366,0.1,inventory_const,76.57568367449842,2,4,0
367,0.1,inventory_const,63.30765696768897,0,6,0
368,0.1,inventory_const,62.2448865449378,6,1,0
369,0.1,inventory_const,69.6996179983682,0,2,0
370,0.1,inventory_const,65.54069194148974,-5,3,0
371,0.1,inventory_const,54.306680078494736,-1,2,0
372,0.1,inventory_const,61.070680404471545,-3,2,0
373,0.1,inventory_const,72.5582582031505,1,5,2
374,0.1,inventory_const,52.71164558703141,1,0,0
375,0.1,inventory_const,64.71723774718726,4,0,0
376,0.1,inventory_const,65.14732803116107,-1,1,0
377,0.1,inventory_const,72.87124597740876,-8,2,0
378,0.1,inventory_const,58.375327705184105,-1,0,0
379,0.1,inventory_const,69.62931778479468,1,4,1
380,0.1,inventory_const,57.456170417658825,3,2,0
381,0.1,inventory_const,51.365153594469106,0,1,0
382,0.1,inventory_const,65.09293374448004,2,0,0
383,0.1,inventory_const,68.27416743683926,1,5,1
384,0.1,inventory_const,64.63820737083466,-3,2,0
385,0.1,inventory_const,75.21187876028341,-2,5,0
386,0.1,inventory_const,73.08386391646935,0,1,0
387,0.1,inventory_const,57.61305669690222,-3,0,0
388,0.1,inventory_const,61.51272397124063,3,3,0
389,0.1,inventory_const,59.661967909966265,0,0,0
390,0.1,inventory_const,69.49228329333147,3,3,0
391,0.1,inventory_const,62.79408045966204,-6,1,0
392,0.1,inventory_const,69.13599050166508,1,3,0
393,0.1,inventory_const,64.99852888545513,-3,5,0
394,0.1,inventory_const,69.93271735764758,1,1,0
395,0.1,inventory_const,57.20653549904824,-1,0,0
396,0.1,inventory_const,57.581776130977616,0,1,0
397,0.1,inventory_const,63.1961745327697,-2,0,0
398,0.1,inventory_const,57.58354078521998,2,0,0
399,0.1,inventory_const,71.09646071084296,6,1,0
400,0.1,inventory_const,59.79664062683666,0,2,0
401,0.1,inventory_const,65.74927752482225,1,3,0
402,0.1,inventory_const,66.17842739044059,2,1,0
403,0.1,inventory_const,61.06898061804526,-2,1,0
404,0.1,inventory_const,56.872521137571056,2,3,0
405,0.1,inventory_const,68.78973385486017,-4,3,0
406,0.1,inventory_const,71.90085120839035,2,2,0
407,0.1,inventory_const,68.88110422242164,-3,1,0
408,0.1,inventory_const,48.57713826831696,-5,5,0
409,0.1,inventory_const,59.02536748281925,0,4,0
410,0.1,inventory_const,53.82363864746134,-1,2,0
411,0.1,inventory_const,64.84157031648874,1,3,0
412,0.1,inventory_const,62.802901388751934,-6,5,0
413,0.1,inventory_const,63.22825739483602,0,0,0
414,0.1,inventory_const,57.97054655372902,0,4,0
415,0.1,inventory_const,68.93679706927816,-2,2,0
416,0.1,inventory_const,61.74508953496746,0,2,0
417,0.1,inventory_const,73.36370876467947,0,0,0
418,0.1,inventory_const,72.48008126797629,1,1,0
419,0.1,inventory_const,57.044799567760265,-1,4,0
420,0.1,inventory_const,57.37980485393189,0,1,0
421,0.1,inventory_const,72.70029813714598,-1,3,0
422,0.1,inventory_const,55.36212321811658,-1,0,0
423,0.1,inventory_const,60.57315440278353,-7,0,0
424,0.1,inventory_const,55.13911366047358,-2,2,0
425,0.1,inventory_const,61.263353121341936,-1,2,0
426,0.1,inventory_const,64.00879989373726,1,4,0
427,0.1,inventory_const,64.19364260621202,-1,4,1
428,0.1,inventory_const,64.04550181589926,2,2,0
429,0.1,inventory_const,64.20996460316985,0,5,0
430,0.1,inventory_const,56.17333464475405,-1,0,0
431,0.1,inventory_const,63.149668178729996,2,1,0
432,0.1,inventory_const,68.53650379527448,-1,3,0
433,0.1,inventory_const,66.22153417162707,0,1,0
434,0.1,inventory_const,64.25402253141596,1,0,0
435,0.1,inventory_const,71.38032307096637,-2,2,0
436,0.1,inventory_const,69.9826381283545,1,4,0
437,0.1,inventory_const,65.36866273619802,-2,4,0
438,0.1,inventory_const,54.67090058043789,-3,0,0
439,0.1,inventory_const,52.2716599485085,4,1,0
440,0.1,inventory_const,62.59857939179412,-1,1,0
441,0.1,inventory_const,59.656025838212315,-3,1,0
442,0.1,inventory_const,57.71763485832764,-2,1,0
443,0.1,inventory_const,62.32980154713556,2,6,0
444,0.1,inventory_const,72.83733577904542,4,5,0
445,0.1,inventory_const,63.826008169938405,-6,0,0
446,0.1,inventory_const,59.711110836014484,1,0,0
447,0.1,inventory_const,69.01758137116934,-4,2,0
448,0.1,inventory_const,66.1930139384477,0,3,0
449,0.1,inventory_const,69.97421100360813,1,0,0
450,0.1,inventory_const,61.032496047390055,-4,0,0
451,0.1,inventory_const,75.47039253623043,-1,3,0
452,0.1,inventory_const,61.81530261500346,1,4,1
453,0.1,inventory_const,74.53129269461385,-1,8,1
454,0.1,inventory_const,63.817436948083284,1,3,0
455,0.1,inventory_const,63.1334221042689,-3,5,1
456,0.1,inventory_const,49.410177031251635,1,1,1
457,0.1,inventory_const,50.17734868025423,2,1,0
458,0.1,inventory_const,53.23648829950611,-3,4,1
459,0.1,inventory_const,63.09018889424675,-1,0,0
460,0.1,inventory_const,67.74631943819293,4,3,0
461,0.1,inventory_const,59.474546553729056,-2,1,0
462,0.1,inventory_const,61.65613790557063,0,1,0
463,0.1,inventory_const,65.67105702287927,9,4,0
464,0.1,inventory_const,63.8537005344578,2,2,0
465,0.1,inventory_const,62.912210677631094,3,0,0
466,0.1,inventory_const,60.24708905263003,1,4,0
467,0.1,inventory_const,61.75668040447175,3,3,0
468,0.1,inventory_const,61.23654276459524,3,1,0
469,0.1,inventory_const,67.12729236863677,-1,0,0
470,0.1,inventory_const,64.30833016689661,3,2,0
471,0.1,inventory_const,71.86740112919856,0,3,0
472,0.1,inventory_const,63.74060117517837,-3,1,0
473,0.1,inventory_const,59.65864804874377,-3,1,0
474,0.1,inventory_const,63.36551617737638,-3,2,0
475,0.1,inventory_const,64.43510752921816,-1,6,0
476,0.1,inventory_const,68.93442456598137,1,6,1
477,0.1,inventory_const,63.489129312602415,-1,1,0
478,0.1,inventory_const,73.99413540708849,-1,0,0
479,0.1,inventory_const,76.89289146836279,-4,5,0
480,0.1,inventory_const,56.93129156032251,4,1,0
481,0.1,inventory_const,60.87185947538154,3,2,0
482,0.1,inventory_const,69.65070299617047,2,2,0
483,0.1,inventory_const,66.94261965176639,3,5,1
484,0.1,inventory_const,56.03230063562785,2,4,0
485,0.1,inventory_const,69.14175515590748,-1,1,0
486,0.1,inventory_const,68.8625112171818,6,5,0
487,0.1,inventory_const,63.693656967689265,-4,7,0
488,0.1,inventory_const,52.36734537345784,0,2,0
489,0.1,inventory_const,62.77759161753579,4,4,1
490,0.1,inventory_const,73.34588569985385,-6,2,0
491,0.1,inventory_const,73.38967955938799,1,2,0
492,0.1,inventory_const,57.92107799794944,0,1,0
493,0.1,inventory_const,64.14912931260233,-5,1,0
494,0.1,inventory_const,72.68710091562497,-3,7,1
495,0.1,inventory_const,63.137874319196015,-1,6,0
496,0.1,inventory_const,57.395721991865344,2,0,0
497,0.1,inventory_const,71.36433049287369,1,1,0
498,0.1,inventory_const,67.50546188190383,0,1,0
499,0.1,inventory_const,71.10217534108381,-5,12,1
500,0.1,inventory_const,71.15841020450404,0,1,0
501,0.1,inventory_const,57.71194991571571,-1,3,0
502,0.1,inventory_const,78.21469638257722,2,0,0
503,0.1,inventory_const,54.40976507629691,1,0,0
504,0.1,inventory_const,54.28712108238096,-5,4,0
505,0.1,inventory_const,63.29976588461106,0,1,0
506,0.1,inventory_const,65.12838430600905,-1,3,0
507,0.1,inventory_const,54.423222577395904,2,3,0
508,0.1,inventory_const,64.34145130956028,-4,1,0
509,0.1,inventory_const,62.00193224744186,-2,10,0
510,0.1,inventory_const,70.68038842111957,-2,5,0
511,0.1,inventory_const,62.23391788596484,-5,2,0
512,0.1,inventory_const,56.09051371566392,-3,3,0
513,0.1,inventory_const,52.0901588806407,-1,0,0
514,0.1,inventory_const,80.15128244824729,-1,9,0
515,0.1,inventory_const,60.913967909966274,0,0,0
516,0.1,inventory_const,73.39788569985359,-2,0,0
517,0.1,inventory_const,54.11107436517588,0,0,0
518,0.1,inventory_const,66.00499215506328,0,2,0
519,0.1,inventory_const,59.8416097681467,2,0,0
520,0.1,inventory_const,60.00954126755724,3,1,0
521,0.1,inventory_const,53.27420986931682,0,0,0
522,0.1,inventory_const,59.26501676290684,5,4,0
523,0.1,inventory_const,69.13908243903717,-1,7,0
524,0.1,inventory_const,57.431862782178115,1,5,0
525,0.1,inventory_const,64.5609157502293,1,3,0
526,0.1,inventory_const,75.13645740404641,2,1,0
527,0.1,inventory_const,55.8421263685525,-4,9,0
528,0.1,inventory_const,67.55544752042664,-3,5,1
529,0.1,inventory_const,61.27683240582533,0,2,0
530,0.1,inventory_const,66.55264095281348,-4,0,0
531,0.1,inventory_const,73.53413540708851,3,1,0
532,0.1,inventory_const,63.970543246932536,0,2,1
533,0.1,inventory_const,62.29298061804525,6,4,1
534,0.1,inventory_const,69.2030388722684,-3,0,0
535,0.1,inventory_const,63.342981100382474,-1,0,0
536,0.1,inventory_const,61.379024184814,-2,1,0
537,0.1,inventory_const,67.86619300935729,-6,1,0
538,0.1,inventory_const,63.48607303775469,3,2,0
539,0.1,inventory_const,61.92811660452355,3,0,0
540,0.1,inventory_const,63.6620368928929,-4,1,0
541,0.1,inventory_const,59.948347835170296,-4,3,0
542,0.1,inventory_const,57.187049274995104,2,1,0
543,0.1,inventory_const,69.66475350250928,0,4,0
544,0.1,inventory_const,63.92947261060766,1,1,0
545,0.1,inventory_const,66.49882530989521,5,1,0
546,0.1,inventory_const,60.484181472339515,4,1,0
547,0.1,inventory_const,52.27251008289049,1,3,1
548,0.1,inventory_const,68.96782050606072,-1,1,0
549,0.1,inventory_const,60.55907469115283,4,1,0
550,0.1,inventory_const,73.6262512635804,1,0,0
551,0.1,inventory_const,72.35605206268445,0,1,0
552,0.1,inventory_const,72.47110091562502,3,3,0
553,0.1,inventory_const,81.3931017239392,4,5,0
554,0.1,inventory_const,58.8603404132632,-1,2,0
555,0.1,inventory_const,67.59484015370964,1,2,0
556,0.1,inventory_const,67.3179469348961,-3,3,0
557,0.1,inventory_const,69.16017485874659,2,0,0
558,0.1,inventory_const,67.11655430161329,-1,1,0
559,0.1,inventory_const,67.8697769392918,-1,2,0
560,0.1,inventory_const,71.77727470036321,0,1,0
561,0.1,inventory_const,57.95703491351776,-1,2,0
562,0.1,inventory_const,65.35749802676554,-3,7,0
563,0.1,inventory_const,73.45160726966463,-1,3,0
564,0.1,inventory_const,66.55009151434263,3,1,0
565,0.1,inventory_const,65.87380566224627,-1,1,0
566,0.1,inventory_const,69.51221100360823,-1,3,0
567,0.1,inventory_const,76.33691325174712,2,3,0
568,0.1,inventory_const,61.326261183969905,3,3,0
569,0.1,inventory_const,63.33256503031686,-4,0,0
570,0.1,inventory_const,59.17118312573773,1,4,0
571,0.1,inventory_const,66.7827280863512,-2,2,0
572,0.1,inventory_const,62.42314367407957,2,2,0
573,0.1,inventory_const,57.09449935418655,-2,2,0
574,0.1,inventory_const,66.15909316774074,0,3,0
575,0.1,inventory_const,67.06947672571852,0,5,1
576,0.1,inventory_const,53.545779437774,-4,6,0
577,0.1,inventory_const,68.74308986094445,2,2,1
578,0.1,inventory_const,65.50072066444409,-3,1,0
579,0.1,inventory_const,67.8808688766639,-5,6,2
580,0.1,inventory_const,69.46352344292336,3,1,0
581,0.1,inventory_const,61.48623940058559,5,5,0
582,0.1,inventory_const,64.25879295416726,3,4,0
583,0.1,inventory_const,57.19529156032246,4,1,0
584,0.1,inventory_const,65.94510752921803,5,2,0
585,0.1,inventory_const,57.77302749161052,-2,3,0
586,0.1,inventory_const,55.79130592179976,3,0,0
587,0.1,inventory_const,71.64265248983168,0,5,0
588,0.1,inventory_const,56.0892405716464,-1,1,0
589,0.1,inventory_const,58.11419220104324,-3,2,0
590,0.1,inventory_const,69.83045328893593,-7,2,0
591,0.1,inventory_const,55.21854243861816,3,2,0
592,0.1,inventory_const,58.921323916050454,2,6,2
593,0.1,inventory_const,71.07526727845601,-1,3,0
594,0.1,inventory_const,71.14400107400843,-3,0,0
595,0.1,inventory_const,72.84332141756825,1,2,0
596,0.1,inventory_const,66.39099215506326,4,3,0
597,0.1,inventory_const,67.36752029248716,2,0,0
598,0.1,inventory_const,73.86846434361644,2,3,0
599,0.1,inventory_const,61.47815968895509,-2,1,0
600,0.1,inventory_const,64.32797202507697,-5,5,1
601,0.1,inventory_const,67.08893422681714,-1,1,0
602,0.1,inventory_const,61.42527389204895,-1,1,0
603,0.1,inventory_const,67.16231943819305,0,9,0
604,0.1,inventory_const,68.51615259302469,-7,2,0
605,0.1,inventory_const,64.65076374887566,0,4,0
606,0.1,inventory_const,62.8202032557239,2,2,0
607,0.1,inventory_const,61.60124468675713,0,6,0
608,0.1,inventory_const,61.819939187012054,0,1,0
609,0.1,inventory_const,63.00055760840982,3,7,0
610,0.1,inventory_const,57.606492414616696,2,3,0
611,0.1,inventory_const,70.53789642855736,-3,6,0
612,0.1,inventory_const,63.32777282418115,0,1,0
613,0.1,inventory_const,59.260919057025774,-1,1,0
614,0.1,inventory_const,67.7923050767157,5,2,0
615,0.1,inventory_const,68.36679658694078,-1,0,0
616,0.1,inventory_const,56.7545211375712,0,0,0
617,0.1,inventory_const,61.55038761280548,-3,6,0
618,0.1,inventory_const,57.159606135373224,2,4,0
619,0.1,inventory_const,63.98320160232572,-1,1,0
620,0.1,inventory_const,72.1168442688205,2,1,0
621,0.1,inventory_const,70.02418922022378,7,1,0
622,0.1,inventory_const,59.76935312134208,-1,0,0
623,0.1,inventory_const,65.18934287497558,-1,2,0
624,0.1,inventory_const,62.656452962958696,3,3,0
625,0.1,inventory_const,66.45976951738464,-2,4,0
626,0.1,inventory_const,62.468094821138976,1,3,0
627,0.1,inventory_const,59.28047757080208,0,3,0
628,0.1,inventory_const,50.84112438917731,-3,2,0
629,0.1,inventory_const,65.08107138435645,-2,0,0
630,0.1,inventory_const,66.29571537827229,-4,2,0
631,0.1,inventory_const,61.10220325572402,-2,3,0
632,0.1,inventory_const,66.76747672571832,6,3,1
633,0.1,inventory_const,68.39179872267641,5,1,0
634,0.1,inventory_const,56.127942493808405,-6,0,0
635,0.1,inventory_const,70.2675526482152,4,5,0
636,0.1,inventory_const,63.00367132916604,1,5,1
637,0.1,inventory_const,61.84950875546909,0,2,0
638,0.1,inventory_const,66.25855809074704,-2,1,0
639,0.1,inventory_const,60.57364591300842,-5,2,0
640,0.1,inventory_const,62.45849919782631,1,0,0
641,0.1,inventory_const,58.19825327972535,3,4,0
642,0.1,inventory_const,74.22609926222681,2,2,0
643,0.1,inventory_const,69.28562493793822,4,2,0
644,0.1,inventory_const,66.46020737083472,-1,0,0
645,0.1,inventory_const,66.33549108719546,-1,1,0
646,0.1,inventory_const,62.95945824913032,0,1,0
647,0.1,inventory_const,62.32205125437022,-1,0,0
648,0.1,inventory_const,72.30778105440277,4,1,0
649,0.1,inventory_const,62.067096474537266,-6,0,0
650,0.1,inventory_const,59.33998227144343,-7,3,0
651,0.1,inventory_const,63.42517239703409,2,2,0
652,0.1,inventory_const,61.05767511829988,0,0,0
653,0.1,inventory_const,62.56552311694628,-3,0,0
654,0.1,inventory_const,67.69229765480847,2,2,0
655,0.1,inventory_const,64.8515092378066,1,3,0
656,0.1,inventory_const,65.20770795636486,-3,2,0
657,0.1,inventory_const,61.056481685912985,3,2,0
658,0.1,inventory_const,63.322887027274874,-5,2,0
659,0.1,inventory_const,65.09097731124874,0,3,0
660,0.1,inventory_const,66.36253630736252,-4,0,0
661,0.1,inventory_const,65.2616574500264,-3,2,0
662,0.1,inventory_const,63.70692317213661,0,1,0
663,0.1,inventory_const,64.16487960536739,-4,0,0
664,0.1,inventory_const,73.20276455718995,1,7,1
665,0.1,inventory_const,65.66587053006222,2,0,0
666,0.1,inventory_const,73.50772312615675,5,1,0
667,0.1,inventory_const,61.88356668371523,-1,2,0
668,0.1,inventory_const,65.99143267661236,7,2,0
669,0.1,inventory_const,76.44341218387945,-3,4,0
670,0.1,inventory_const,70.03515521109773,-2,3,0
671,0.1,inventory_const,56.73466192788362,-1,1,0
672,0.1,inventory_const,50.57335925259781,-8,4,0
673,0.1,inventory_const,68.74906807755991,4,3,0
674,0.1,inventory_const,68.61309680051416,0,0,0
675,0.1,inventory_const,59.23866241022097,-4,3,0
676,0.1,inventory_const,72.92420721447434,4,0,0
677,0.1,inventory_const,54.95062957215593,1,0,0
678,0.1,inventory_const,71.37946599701473,-1,3,0
679,0.1,inventory_const,59.70265547065134,2,7,1
680,0.1,inventory_const,73.78767955938781,5,3,0
681,0.1,inventory_const,75.50639947580038,-1,0,0
682,0.1,inventory_const,55.209378211522846,1,4,0
683,0.1,inventory_const,50.50127639053096,2,4,1
684,0.1,inventory_const,68.82824714846976,0,3,0
685,0.1,inventory_const,67.90197565785064,1,7,0
686,0.1,inventory_const,58.036618843452146,0,1,0
687,0.1,inventory_const,62.63213096600063,0,0,0
688,0.1,inventory_const,47.58076261458427,-1,3,1
689,0.1,inventory_const,75.59204133398094,5,4,1
690,0.1,inventory_const,59.273146980876106,0,4,1
691,0.1,inventory_const,54.543164649149844,3,4,0
692,0.1,inventory_const,57.000303786064194,-1,3,0
693,0.1,inventory_const,62.118637320040136,-4,2,0
694,0.1,inventory_const,63.054901388752114,0,1,0
695,0.1,inventory_const,49.8176084774949,6,1,0
696,0.1,inventory_const,57.2080907060282,-4,2,0
697,0.1,inventory_const,70.20878270780085,1,7,0
698,0.1,inventory_const,49.73864724042954,-2,0,0
699,0.1,inventory_const,68.30889808195576,4,0,0
700,0.1,inventory_const,62.24423940058563,-1,0,0
701,0.1,inventory_const,68.2728906600484,-3,3,0
702,0.1,inventory_const,70.00162542027556,-1,2,0
703,0.1,inventory_const,63.734557608409716,-1,3,0
704,0.1,inventory_const,72.10161469157194,0,7,0
705,0.1,inventory_const,61.96582333051987,4,1,0
706,0.1,inventory_const,68.68478222546345,0,0,0
707,0.1,inventory_const,77.64410716647134,2,2,0
708,0.1,inventory_const,65.91891938300279,-1,2,0
709,0.1,inventory_const,57.88627506310979,-1,7,1
710,0.1,inventory_const,65.26565745002648,1,4,0
711,0.1,inventory_const,56.1437724982041,0,0,0
712,0.1,inventory_const,59.786231978678245,2,4,0
713,0.1,inventory_const,60.243645913008436,-1,3,1
714,0.1,inventory_const,59.8297112631617,-1,2,0
715,0.1,inventory_const,63.28291575022928,-5,4,0
716,0.1,inventory_const,58.00313955896888,-3,1,0
717,0.1,inventory_const,59.51542541106525,1,2,0
718,0.1,inventory_const,59.397946126581914,0,2,0
719,0.1,inventory_const,67.84567229384078,5,0,0
720,0.1,inventory_const,62.61865910342465,4,3,0
721,0.1,inventory_const,63.610485318686486,1,4,0
722,0.1,inventory_const,64.82704266140206,4,0,0
723,0.1,inventory_const,69.41902499312847,1,1,0
724,0.1,inventory_const,64.18747309294483,2,5,0
725,0.1,inventory_const,56.7557581367269,1,0,0
726,0.1,inventory_const,56.98074906142156,1,3,0
727,0.1,inventory_const,60.720438119144205,-1,8,0
728,0.1,inventory_const,59.032420124893605,0,0,0
729,0.1,inventory_const,60.53845990252864,-3,0,0
730,0.1,inventory_const,68.65451121718166,2,2,0
731,0.1,inventory_const,54.50897287016102,-1,0,0
732,0.1,inventory_const,57.77976128716301,2,1,0
733,0.1,inventory_const,69.25593257341913,0,2,0
734,0.1,inventory_const,70.52476786398609,7,0,0
735,0.1,inventory_const,65.27982002372329,-2,2,0
736,0.1,inventory_const,63.991165457464035,2,3,0
737,0.1,inventory_const,61.20516497512676,5,2,0
738,0.1,inventory_const,55.41538515109286,3,3,0
739,0.1,inventory_const,62.96300240142972,-4,0,0
740,0.1,inventory_const,67.79321265700638,0,2,0
741,0.1,inventory_const,69.25956007012229,3,1,0
742,0.1,inventory_const,70.0566955742633,-3,7,0
743,0.1,inventory_const,64.05125259100163,-4,1,0
744,0.1,inventory_const,52.33100159311533,-5,6,0
745,0.1,inventory_const,70.7538023554497,-3,1,0
746,0.1,inventory_const,68.3020335860966,2,1,0
747,0.1,inventory_const,61.566629898132916,1,4,0
748,0.1,inventory_const,62.60690832832216,-2,2,0
749,0.1,inventory_const,74.32519862150617,1,1,0
750,0.1,inventory_const,60.412347835170294,-2,1,0
751,0.1,inventory_const,66.96119087362189,-4,4,0
752,0.1,inventory_const,69.11731036288748,0,4,1
753,0.1,inventory_const,73.97200155634583,2,1,0
754,0.1,inventory_const,68.51427587142412,2,0,0
755,0.1,inventory_const,57.222933418503004,2,1,0
756,0.1,inventory_const,61.17611612218633,2,1,0
757,0.1,inventory_const,66.01192151873826,1,3,0
758,0.1,inventory_const,78.44781010333402,0,6,0
759,0.1,inventory_const,61.5661453274779,1,2,0
760,0.1,inventory_const,69.94299578783684,2,5,0
761,0.1,inventory_const,51.92450217864581,5,0,0
762,0.1,inventory_const,61.033845113904334,0,2,0
763,0.1,inventory_const,70.3142619922843,0,2,0
764,0.1,inventory_const,68.50369722766146,-4,6,0
765,0.1,inventory_const,66.75914730685315,6,3,0
766,0.1,inventory_const,59.0646624102211,-2,2,0
767,0.1,inventory_const,61.744043832463035,8,7,1
768,0.1,inventory_const,68.39280400884809,2,1,0
769,0.1,inventory_const,59.689381844296406,1,5,0
770,0.1,inventory_const,63.19742904383858,3,3,0
771,0.1,inventory_const,65.40904266140222,-2,3,0
772,0.1,inventory_const,64.26460117517854,9,4,0
773,0.1,inventory_const,57.53100570822613,2,1,0
774,0.1,inventory_const,61.76643811914417,-1,2,0
775,0.1,inventory_const,71.56449685570436,-3,1,0
776,0.1,inventory_const,74.23187133837646,3,1,0
777,0.1,inventory_const,74.52682248543606,0,0,0
778,0.1,inventory_const,68.64637357730521,0,2,0
779,0.1,inventory_const,60.20701676290685,1,0,0
780,0.1,inventory_const,67.33440608939344,5,1,0
781,0.1,inventory_const,59.97867298256443,-2,3,0
782,0.1,inventory_const,73.95009877988952,-1,3,1
783,0.1,inventory_const,57.05957693008156,-1,0,0
784,0.1,inventory_const,57.84136385004575,0,4,0
785,0.1,inventory_const,61.06076011610213,2,0,0
786,0.1,inventory_const,66.75924880186807,1,2,0
787,0.1,inventory_const,60.36566817873006,-2,2,0
788,0.1,inventory_const,72.29595105000695,0,10,0
789,0.1,inventory_const,60.650669832128244,5,5,1
790,0.1,inventory_const,64.69658681370129,-4,1,0
791,0.1,inventory_const,65.11829402203506,0,5,0
792,0.1,inventory_const,68.62453300056627,0,5,0
793,0.1,inventory_const,62.103982753780826,-2,1,0
794,0.1,inventory_const,63.70652146354814,-2,3,0
795,0.1,inventory_const,68.535126005806,1,2,0
796,0.1,inventory_const,57.30878520628312,-6,3,0
797,0.1,inventory_const,62.79526647014157,0,2,0
798,0.1,inventory_const,52.32598194546654,3,2,0
799,0.1,inventory_const,57.732141212367196,-2,2,0
800,0.1,inventory_const,60.12928777118884,-3,1,0
801,0.1,inventory_const,67.76783486753783,-4,0,0
802,0.1,inventory_const,64.64450710207103,1,1,0
803,0.1,inventory_const,69.03108986094442,0,0,0
804,0.1,inventory_const,63.6775379607609,1,1,0
805,0.1,inventory_const,65.78473502592132,2,0,0
806,0.1,inventory_const,69.13889808195563,6,1,0
807,0.1,inventory_const,63.52638067323548,1,1,0
808,0.1,inventory_const,74.8090068425177,5,1,0
809,0.1,inventory_const,62.6500438324631,-6,2,0
810,0.1,inventory_const,60.630225039108325,0,1,0
811,0.1,inventory_const,70.90643892745857,0,1,0
812,0.1,inventory_const,63.9990857458335,1,3,0
813,0.1,inventory_const,64.97544388765323,-1,9,0
814,0.1,inventory_const,48.289883757247964,-2,2,0
815,0.1,inventory_const,70.07444634936587,-1,4,0
816,0.1,inventory_const,70.8968437864831,1,3,0
817,0.1,inventory_const,54.70888621896074,-4,6,1
818,0.1,inventory_const,58.84581227583911,-1,0,0
819,0.1,inventory_const,59.555425411065244,1,0,0
820,0.1,inventory_const,68.43508986094442,0,3,0
821,0.1,inventory_const,54.12831451476799,-2,3,0
822,0.1,inventory_const,65.17685088241342,2,2,0
823,0.1,inventory_const,59.53413790557063,0,2,0
824,0.1,inventory_const,77.82589675453431,3,7,0
825,0.1,inventory_const,63.686000748031404,-1,4,0
826,0.1,inventory_const,60.39166769639269,-1,2,0
827,0.1,inventory_const,71.74455099481696,-3,1,0
828,0.1,inventory_const,66.13379130076908,2,1,0
829,0.1,inventory_const,59.5125321922518,1,4,0
830,0.1,inventory_const,71.46958185350667,-3,0,0
831,0.1,inventory_const,65.1351218906953,0,1,0
832,0.1,inventory_const,53.87538151831923,1,3,0
833,0.1,inventory_const,60.688203255723906,0,0,0
834,0.1,inventory_const,69.22252557865883,1,2,0
835,0.1,inventory_const,67.94565366089262,4,2,0
836,0.1,inventory_const,66.77204052566657,-2,4,1
837,0.1,inventory_const,80.7012314595712,-6,2,0
838,0.1,inventory_const,73.02045740404633,0,0,0
839,0.1,inventory_const,58.4310854198565,1,0,0
840,0.1,inventory_const,64.48834452837384,0,2,0
841,0.1,inventory_const,65.89992151873815,-3,2,0
842,0.1,inventory_const,64.90734287497554,-1,4,0
843,0.1,inventory_const,66.21324880186785,5,3,0
844,0.1,inventory_const,58.003490278881145,-2,1,0
845,0.1,inventory_const,60.48307469115292,2,3,0
846,0.1,inventory_const,66.16632637776297,4,3,0
847,0.1,inventory_const,63.53804431480037,-1,2,0
848,0.1,inventory_const,54.60800736162449,-1,6,0
849,0.1,inventory_const,60.43594612658188,-2,0,0
850,0.1,inventory_const,58.914560915206096,-3,1,1
851,0.1,inventory_const,64.70655066883978,1,1,0
852,0.1,inventory_const,59.72648862548289,1,1,0
853,0.1,inventory_const,66.54924137996079,2,3,1
854,0.1,inventory_const,69.41511164432876,2,2,0
855,0.1,inventory_const,61.74872397124045,-3,1,0
856,0.1,inventory_const,71.83355313055225,3,2,0
857,0.1,inventory_const,70.80086556986745,3,1,0
858,0.1,inventory_const,68.91451815675157,2,3,0
859,0.1,inventory_const,66.85745494233399,0,2,0
860,0.1,inventory_const,63.78256503031707,-4,5,0
861,0.1,inventory_const,53.30363122555417,2,2,0
862,0.1,inventory_const,55.513114142811006,1,2,0
863,0.1,inventory_const,58.29975434759314,2,2,0
864,0.1,inventory_const,64.65253630736254,4,1,0
865,0.1,inventory_const,60.609132619398906,-3,1,0
866,0.1,inventory_const,66.09594330212275,-3,5,0
867,0.1,inventory_const,68.04915472876037,1,1,0
868,0.1,inventory_const,59.33432605178588,0,0,0
869,0.1,inventory_const,55.435551996260955,-2,0,0
870,0.1,inventory_const,61.2139461265819,2,0,0
871,0.1,inventory_const,77.20950625698714,-1,7,0
872,0.1,inventory_const,62.60753796076085,5,2,0
873,0.1,inventory_const,68.18425457037708,-1,5,1
874,0.1,inventory_const,68.06652557865891,1,4,0
875,0.1,inventory_const,53.54721515548857,-3,2,0
876,0.1,inventory_const,61.08845990252854,-5,2,0
877,0.1,inventory_const,64.62649274059356,-6,2,0
878,0.1,inventory_const,65.51904266140195,2,1,0
879,0.1,inventory_const,59.41134569943489,2,4,0
880,0.1,inventory_const,70.7593613515636,1,2,0
881,0.1,inventory_const,62.12205125437032,1,3,0
882,0.1,inventory_const,70.59032307096663,-2,5,0
883,0.1,inventory_const,68.38570464956877,5,6,0
884,0.1,inventory_const,63.47346567103766,1,3,0
885,0.1,inventory_const,62.87297367847543,2,2,0
886,0.1,inventory_const,59.692268123539975,-3,0,0
887,0.1,inventory_const,65.8740766705281,5,2,0
888,0.1,inventory_const,63.94873881505504,-5,3,0
889,0.1,inventory_const,59.47149076121843,-3,0,0
890,0.1,inventory_const,67.54882215945895,6,2,0
891,0.1,inventory_const,67.93199744123501,-1,2,0
892,0.1,inventory_const,58.033783070547315,-4,2,0
893,0.1,inventory_const,69.28925985654872,0,2,1
894,0.1,inventory_const,71.50080764162136,0,2,0
895,0.1,inventory_const,62.65323032527991,-1,0,0
896,0.1,inventory_const,60.024289906924324,1,3,0
897,0.1,inventory_const,77.59996952659475,4,5,0
898,0.1,inventory_const,69.02973385486032,0,2,0
899,0.1,inventory_const,54.66469443997187,0,2,0
900,0.1,inventory_const,55.71552279096937,-3,1,0
901,0.1,inventory_const,60.47966769639271,1,2,0
902,0.1,inventory_const,61.42502418481416,-2,3,0
903,0.1,inventory_const,62.91599332612421,0,0,0
904,0.1,inventory_const,65.54272066444412,1,0,0
905,0.1,inventory_const,61.55128083161878,-1,1,0
906,0.1,inventory_const,67.16116909023754,0,9,0
907,0.1,inventory_const,71.11707171033356,4,6,0
908,0.1,inventory_const,65.24131366968408,0,4,0
909,0.1,inventory_const,65.33294116638726,1,5,0
910,0.1,inventory_const,59.83100934099957,4,0,0
911,0.1,inventory_const,63.983385959407244,0,0,0
912,0.1,inventory_const,59.81861884345214,0,0,0
913,0.1,inventory_const,68.76788585621404,5,1,0
914,0.1,inventory_const,60.55791740362747,-2,5,0
915,0.1,inventory_const,53.529829944112876,0,2,0
916,0.1,inventory_const,48.47261440236451,-1,0,0
917,0.1,inventory_const,59.064441908277956,-4,2,0
918,0.1,inventory_const,60.71240197428254,0,5,0
919,0.1,inventory_const,64.12115803555673,-5,3,0
920,0.1,inventory_const,72.3517736324954,3,7,1
921,0.1,inventory_const,68.3503194381929,0,3,0
922,0.1,inventory_const,62.734973678475285,-2,4,0
923,0.1,inventory_const,81.26971651256369,1,3,0
924,0.1,inventory_const,59.28320490912208,-1,3,0
925,0.1,inventory_const,55.19863651172585,-1,1,0
926,0.1,inventory_const,63.33775846270393,1,1,0
927,0.1,inventory_const,65.59515109598686,-1,3,0
928,0.1,inventory_const,56.593993000147236,2,0,0
929,0.1,inventory_const,72.64312269900941,1,3,0
930,0.1,inventory_const,68.54686193709406,-1,4,0
931,0.1,inventory_const,64.72970053445795,-6,3,0
932,0.1,inventory_const,64.32635146794388,-2,0,0
933,0.1,inventory_const,62.11112140835783,3,4,0
934,0.1,inventory_const,61.4356533349154,6,0,0
935,0.1,inventory_const,72.59626562505787,4,9,0
936,0.1,inventory_const,56.094058350300315,-2,4,0
937,0.1,inventory_const,64.00310010731084,0,3,1
938,0.1,inventory_const,57.06204398882329,-1,1,0
939,0.1,inventory_const,63.626742447828576,-1,5,0
940,0.1,inventory_const,68.57026150994687,-1,0,0
941,0.1,inventory_const,65.91504960097205,4,12,2
942,0.1,inventory_const,69.02550593101006,-1,1,1
943,0.1,inventory_const,55.79010885663939,-4,6,0
944,0.1,inventory_const,54.14721515548851,-1,0,0
945,0.1,inventory_const,61.74644554105146,-2,1,0
946,0.1,inventory_const,69.17661965176669,1,5,0
947,0.1,inventory_const,66.70464095281369,-2,2,0
948,0.1,inventory_const,63.358807315644526,4,2,0
949,0.1,inventory_const,60.235331337957646,1,2,0
950,0.1,inventory_const,62.001772824181046,2,1,0
951,0.1,inventory_const,66.54469888105962,7,1,0
952,0.1,inventory_const,64.92608788156923,3,2,0
953,0.1,inventory_const,67.22176951738459,-2,5,1
954,0.1,inventory_const,65.13905654054207,-4,3,0
955,0.1,inventory_const,68.57565366089257,0,7,0
956,0.1,inventory_const,71.58181719926421,-5,4,0
957,0.1,inventory_const,70.88287299177479,0,3,0
958,0.1,inventory_const,73.42820027490441,0,1,0
959,0.1,inventory_const,60.087067269245836,-5,0,0
960,0.1,inventory_const,68.26832686010005,1,3,0
961,0.1,inventory_const,61.31732439838771,1,5,0
962,0.1,inventory_const,70.30894528149804,-2,8,0
963,0.1,inventory_const,63.81764260621185,-1,6,0
964,0.1,inventory_const,64.04312189069523,2,2,0
965,0.1,inventory_const,55.40745744081612,1,3,0
966,0.1,inventory_const,62.405252108664456,-1,0,0
967,0.1,inventory_const,63.97255760840977,-3,0,0
968,0.1,inventory_const,58.99977613097761,0,1,0
969,0.1,inventory_const,57.75726283736819,0,1,0
970,0.1,inventory_const,60.78509647453728,-4,2,0
971,0.1,inventory_const,62.31753796076083,1,3,0
972,0.1,inventory_const,57.94464062683687,-2,3,0
973,0.1,inventory_const,59.48051040886753,-1,0,0
974,0.1,inventory_const,56.78185536027081,0,1,0
975,0.1,inventory_const,65.1611218906952,6,3,0
976,0.1,inventory_const,60.74397533187346,-1,1,0
977,0.1,inventory_const,61.104145327477966,1,4,0
978,0.1,inventory_const,69.90620358170092,2,0,0
979,0.1,inventory_const,59.51043448637091,-1,0,0
980,0.1,inventory_const,58.19266934979089,-2,0,0
981,0.1,inventory_const,65.08545873146761,-3,0,0
982,0.1,inventory_const,68.48996129637345,0,5,0
983,0.1,inventory_const,70.58980977735712,0,0,0
984,0.1,inventory_const,61.75293011170652,0,3,1
985,0.1,inventory_const,66.6387350259213,2,1,0
986,0.1,inventory_const,57.90017041765884,5,1,0
987,0.1,inventory_const,60.29907469115281,2,1,0
988,0.1,inventory_const,64.75083652093622,-1,2,0
989,0.1,inventory_const,68.89822536508541,-2,4,1
990,0.1,inventory_const,60.39576919140768,0,1,0
991,0.1,inventory_const,65.5763768841017,6,3,0
992,0.1,inventory_const,70.01366108279973,5,1,0
993,0.1,inventory_const,52.46165994850844,-2,0,0
994,0.1,inventory_const,68.28917651214476,1,1,0
995,0.1,inventory_const,64.46715803555679,5,1,0
996,0.1,inventory_const,65.45417816554287,0,1,0
997,0.1,inventory_const,74.13390748323816,2,3,0
998,0.1,inventory_const,62.61533182029493,2,1,0
999,0.1,inventory_const,63.754036892893055,2,0,0
0,0.1,symmetric_const,73.73331366968381,-4,0,0
1,0.1,symmetric_const,60.37558023687825,1,0,0
2,0.1,symmetric_const,65.42300570822636,-10,0,0
3,0.1,symmetric_const,76.16324186229758,-7,0,0
4,0.1,symmetric_const,80.06910518709617,-1,0,0
5,0.1,symmetric_const,71.00794709125626,-16,0,0
6,0.1,symmetric_const,70.00482813435451,-4,0,0
7,0.1,symmetric_const,67.81938184429623,-9,0,0
8,0.1,symmetric_const,61.833537152445956,-6,0,0
9,0.1,symmetric_const,77.58524234463539,10,0,0
10,0.1,symmetric_const,79.08934699008648,8,0,0
11,0.1,symmetric_const,45.95060190067147,-19,0,0
12,0.1,symmetric_const,67.06612733322703,-2,0,0
13,0.1,symmetric_const,57.98939539745925,9,0,0
14,0.1,symmetric_const,64.81598130676878,-9,0,0
15,0.1,symmetric_const,56.68064675809245,-1,0,0
16,0.1,symmetric_const,77.20472162911892,-5,0,0
17,0.1,symmetric_const,66.48246369166236,-14,0,0
18,0.1,symmetric_const,72.17767875107353,-2,0,0
19,0.1,symmetric_const,70.24931003691034,-4,0,0
20,0.1,symmetric_const,57.87373917780144,-10,0,0
21,0.1,symmetric_const,58.92541024127354,7,0,0
22,0.1,symmetric_const,67.71151254460284,-5,0,0
23,0.1,symmetric_const,75.0061058758198,-6,0,0
24,0.1,symmetric_const,70.04616711086214,-7,0,0
25,0.1,symmetric_const,99.72907808077059,-1,0,0
26,0.1,symmetric_const,76.44608457477284,-1,0,0
27,0.1,symmetric_const,53.33027756159163,2,0,0
28,0.1,symmetric_const,53.067817442420335,4,0,0
29,0.1,symmetric_const,47.524215035897726,5,0,0
30,0.1,symmetric_const,74.30678601459744,-3,0,0
31,0.1,symmetric_const,72.30890881065915,-3,0,0
32,0.1,symmetric_const,99.6236131577648,-9,0,0
33,0.1,symmetric_const,69.09217405043216,-7,0,0
34,0.1,symmetric_const,92.26191571345942,10,0,0
35,0.1,symmetric_const,58.8019671016518,-1,0,0
36,0.1,symmetric_const,70.8407605984396,7,0,0
37,0.1,symmetric_const,69.4289514127534,3,0,0
38,0.1,symmetric_const,75.80069936339726,-2,0,0
39,0.1,symmetric_const,43.18389634573566,6,0,0
40,0.1,symmetric_const,87.89342751003142,-8,0,0
41,0.1,symmetric_const,59.48090436957136,10,0,0
42,0.1,symmetric_const,74.80055857308423,-9,0,0
43,0.1,symmetric_const,71.68150181589942,-8,0,0
44,0.1,symmetric_const,81.76616146194476,9,0,0
45,0.1,symmetric_const,62.26799251780977,3,0,0
46,0.1,symmetric_const,57.89950431438149,-5,0,0
47,0.1,symmetric_const,75.9421207196342,-2,0,0
48,0.1,symmetric_const,65.55423576781193,1,0,0
49,0.1,symmetric_const,96.73884700648352,9,0,0
50,0.1,symmetric_const,62.11637986492093,-2,0,0
51,0.1,symmetric_const,78.40021842551516,-4,0,0
52,0.1,symmetric_const,71.65573667931949,7,0,0
53,0.1,symmetric_const,62.37345744081597,7,0,0
54,0.1,symmetric_const,61.30380816072794,0,0,0
55,0.1,symmetric_const,79.07136877347082,2,0,0
56,0.1,symmetric_const,59.7481732421179,4,0,0
57,0.1,symmetric_const,79.46986770560306,-1,0,0
58,0.1,symmetric_const,76.55154949777864,7,0,0
59,0.1,symmetric_const,79.9121099909305,3,0,0
60,0.1,symmetric_const,91.87120370129082,12,0,0
61,0.1,symmetric_const,60.94126566182729,9,0,0
62,0.1,symmetric_const,48.34697803674169,-8,0,0
63,0.1,symmetric_const,65.63633993092594,16,0,0
64,0.1,symmetric_const,73.83877859268932,-22,0,0
65,0.1,symmetric_const,72.38082167712162,-3,0,0
66,0.1,symmetric_const,84.68447966976822,5,0,0
67,0.1,symmetric_const,58.688715258681995,0,0,0
68,0.1,symmetric_const,72.46830838351252,17,0,0
69,0.1,symmetric_const,56.55720361847028,3,0,0
70,0.1,symmetric_const,46.817108254711684,-11,0,0
71,0.1,symmetric_const,77.70868548425653,-4,0,0
72,0.1,symmetric_const,47.28511567661849,12,0,0
73,0.1,symmetric_const,67.61623891824814,4,0,0
74,0.1,symmetric_const,39.13661166470058,-2,0,0
75,0.1,symmetric_const,60.624870892808644,-3,0,0
76,0.1,symmetric_const,81.97949568464355,9,0,0
77,0.1,symmetric_const,59.58877366926521,2,0,0
78,0.1,symmetric_const,75.17088799194994,-13,0,0
79,0.1,symmetric_const,68.34911083601423,19,0,0
80,0.1,symmetric_const,82.37559024008851,-10,0,0
81,0.1,symmetric_const,76.90630507671585,5,0,0
82,0.1,symmetric_const,58.37770303294002,3,0,0
83,0.1,symmetric_const,70.15941895383264,-6,0,0
84,0.1,symmetric_const,67.81159492433267,-12,0,0
85,0.1,symmetric_const,59.323909173405866,2,0,0
86,0.1,symmetric_const,58.05890388723418,-5,0,0
87,0.1,symmetric_const,70.26728825352643,-12,0,0
88,0.1,symmetric_const,64.99874163951415,10,0,0
89,0.1,symmetric_const,85.70798121997268,-15,0,0
90,0.1,symmetric_const,75.17329236863668,-7,0,0
91,0.1,symmetric_const,63.2399637948555,-1,0,0
92,0.1,symmetric_const,77.7883852706832,-11,0,0
93,0.1,symmetric_const,85.94708057925271,-4,0,0
94,0.1,symmetric_const,68.85307469115355,-2,0,0
95,0.1,symmetric_const,60.96703079840688,6,0,0
96,0.1,symmetric_const,76.95004842991068,-6,0,0
97,0.1,symmetric_const,77.93999792357205,0,0,0
98,0.1,symmetric_const,57.336223266119504,-1,0,0
99,0.1,symmetric_const,74.84670630296682,-2,0,0
100,0.1,symmetric_const,88.11454865269496,3,0,0
101,0.1,symmetric_const,51.9724030257529,6,0,0
102,0.1,symmetric_const,63.59231499710518,-9,0,0
103,0.1,symmetric_const,65.2456279187578,-4,0,0
104,0.1,symmetric_const,127.342198980278,11,0,0
105,0.1,symmetric_const,71.41423294335277,-12,0,0
106,0.1,symmetric_const,75.56160000411765,1,0,0
107,0.1,symmetric_const,77.67272905102641,14,0,0
108,0.1,symmetric_const,72.99803737523018,7,0,0
109,0.1,symmetric_const,67.74746897783405,-3,0,0
110,0.1,symmetric_const,65.2354366221063,-5,0,0
111,0.1,symmetric_const,60.94905258179148,4,0,0
112,0.1,symmetric_const,41.62585705043796,-8,0,0
113,0.1,symmetric_const,58.696502178645915,-3,0,0
114,0.1,symmetric_const,44.9582480303236,-11,0,0
115,0.1,symmetric_const,63.41734158432382,3,0,0
116,0.1,symmetric_const,60.820226898892884,7,0,0
117,0.1,symmetric_const,82.60449830271705,8,0,0
118,0.1,symmetric_const,84.10860294816746,8,0,0
119,0.1,symmetric_const,84.26800252102078,10,0,0
120,0.1,symmetric_const,68.1459679099662,-4,0,0
121,0.1,symmetric_const,97.68745752363678,2,0,0
122,0.1,symmetric_const,64.61822092399755,1,0,0
123,0.1,symmetric_const,56.30253041926312,6,0,0
124,0.1,symmetric_const,66.61609812793552,-1,0,0
125,0.1,symmetric_const,47.920309591342914,4,0,0
126,0.1,symmetric_const,82.74832403564096,12,0,0
127,0.1,symmetric_const,78.86582147073477,11,0,0
128,0.1,symmetric_const,68.84288339450131,1,0,0
129,0.1,symmetric_const,90.32095132595833,-5,0,0
130,0.1,symmetric_const,57.75808295814407,1,0,0
131,0.1,symmetric_const,71.81513625217235,17,0,0
132,0.1,symmetric_const,82.5092246763619,9,0,0
133,0.1,symmetric_const,75.77252985012996,-3,0,0
134,0.1,symmetric_const,77.35633428200788,-10,0,0
135,0.1,symmetric_const,75.26077907502713,5,0,0
136,0.1,symmetric_const,52.53568407401491,4,0,0
137,0.1,symmetric_const,63.440702344216106,8,0,0
138,0.1,symmetric_const,81.26219760680533,12,0,0
139,0.1,symmetric_const,59.09500111077796,14,0,0
140,0.1,symmetric_const,53.20923879865704,0,0,0
141,0.1,symmetric_const,41.239953791645235,8,0,0
142,0.1,symmetric_const,60.11071574101925,7,0,0
143,0.1,symmetric_const,70.9588211947842,2,0,0
144,0.1,symmetric_const,66.12232556944866,-7,0,0
145,0.1,symmetric_const,73.35817549744411,4,0,0
146,0.1,symmetric_const,59.66847345569164,5,0,0
147,0.1,symmetric_const,59.79191659531352,13,0,0
148,0.1,symmetric_const,74.06768665531797,-6,0,0
149,0.1,symmetric_const,71.37289396684469,3,0,0
150,0.1,symmetric_const,94.92853888866614,-10,0,0
151,0.1,symmetric_const,62.49690058043757,15,0,0
152,0.1,symmetric_const,63.43291542425243,-1,0,0
153,0.1,symmetric_const,71.167346664109,2,0,0
154,0.1,symmetric_const,56.35406069242231,6,0,0
155,0.1,symmetric_const,75.68504314373945,-7,0,0
156,0.1,symmetric_const,48.637607669180795,-1,0,0
157,0.1,symmetric_const,75.39441351130085,12,0,0
158,0.1,symmetric_const,62.31952279096936,9,0,0
159,0.1,symmetric_const,60.0130377379769,-6,0,0
160,0.1,symmetric_const,73.35279295416733,1,0,0
161,0.1,symmetric_const,79.4854415455311,-9,0,0
162,0.1,symmetric_const,67.42088291216396,6,0,0
163,0.1,symmetric_const,46.24123153311052,-16,0,0
164,0.1,symmetric_const,77.15319135595928,7,0,0
165,0.1,symmetric_const,66.31527719884525,-1,0,0
166,0.1,symmetric_const,80.40588254941736,5,0,0
167,0.1,symmetric_const,64.57447757080237,2,0,0
168,0.1,symmetric_const,62.72821301975296,11,0,0
169,0.1,symmetric_const,59.951316168166215,-3,0,0
170,0.1,symmetric_const,69.20542589340243,-6,0,0
171,0.1,symmetric_const,61.59443779316712,-7,0,0
172,0.1,symmetric_const,74.67951981014983,-5,0,0
173,0.1,symmetric_const,38.81002559903095,-15,0,0
174,0.1,symmetric_const,75.56160000411745,-3,0,0
175,0.1,symmetric_const,61.02875236821791,3,0,0
176,0.1,symmetric_const,87.91919264661078,5,0,0
177,0.1,symmetric_const,65.19409764559805,-8,0,0
178,0.1,symmetric_const,64.72368584700405,-9,0,0
179,0.1,symmetric_const,67.41069161551309,-13,0,0
180,0.1,symmetric_const,37.323899170195546,15,0,0
181,0.1,symmetric_const,70.56810918261544,18,0,0
182,0.1,symmetric_const,77.01176999972199,-1,0,0
183,0.1,symmetric_const,85.18603914821938,-8,0,0
184,0.1,symmetric_const,76.85237042686913,7,0,0
185,0.1,symmetric_const,56.929937414023925,13,0,0
186,0.1,symmetric_const,76.02182050606098,-7,0,0
187,0.1,symmetric_const,68.64993176510472,3,0,0
188,0.1,symmetric_const,66.82943235063534,1,0,0
189,0.1,symmetric_const,70.36496625656781,-3,0,0
190,0.1,symmetric_const,50.97226223543987,-7,0,0
191,0.1,symmetric_const,66.10434735283303,5,0,0
192,0.1,symmetric_const,60.62487089280853,-7,0,0
193,0.1,symmetric_const,72.93631580541945,2,0,0
194,0.1,symmetric_const,47.12812048045271,10,0,0
195,0.1,symmetric_const,66.23798178910602,14,0,0
196,0.1,symmetric_const,66.03243448637102,7,0,0
197,0.1,symmetric_const,64.89327671650813,-6,0,0
198,0.1,symmetric_const,51.687155936591125,-14,0,0
199,0.1,symmetric_const,65.69806150073651,5,0,0
200,0.1,symmetric_const,58.210516540122626,-4,0,0
201,0.1,symmetric_const,87.97312729645716,-9,0,0
202,0.1,symmetric_const,11.883628887406985,-17,0,0
203,0.1,symmetric_const,57.59868338529111,7,0,0
204,0.1,symmetric_const,81.6091662657783,-5,0,0
205,0.1,symmetric_const,66.44112471515444,-3,0,0
206,0.1,symmetric_const,65.72382663731645,0,0,0
207,0.1,symmetric_const,67.58806940498113,1,0,0
208,0.1,symmetric_const,57.58310954536296,7,0,0
209,0.1,symmetric_const,80.27224811314511,4,0,0
210,0.1,symmetric_const,78.04546284657829,6,0,0
211,0.1,symmetric_const,72.54022124997448,9,0,0
212,0.1,symmetric_const,62.9415472424526,5,0,0
213,0.1,symmetric_const,56.25878706606727,-17,0,0
214,0.1,symmetric_const,51.15742694487335,8,0,0
215,0.1,symmetric_const,59.7044298889229,-5,0,0
216,0.1,symmetric_const,74.8443019262795,0,0,0
217,0.1,symmetric_const,72.85661601899284,-1,0,0
218,0.1,symmetric_const,66.27153384565014,-4,0,0
219,0.1,symmetric_const,54.46164841149027,2,0,0
220,0.1,symmetric_const,69.62190304215028,3,0,0
221,0.1,symmetric_const,75.64908671050807,19,0,0
222,0.1,symmetric_const,76.94764405322394,-6,0,0
223,0.1,symmetric_const,57.26671477634409,19,0,0
224,0.1,symmetric_const,87.24804229865538,5,0,0
225,0.1,symmetric_const,75.29673550825828,5,0,0
226,0.1,symmetric_const,73.45825787717376,-5,0,0
227,0.1,symmetric_const,46.950742690984384,8,0,0
228,0.1,symmetric_const,72.07221382806728,-4,0,0
229,0.1,symmetric_const,75.43815686449648,11,0,0
230,0.1,symmetric_const,110.80128284378861,-18,0,0
231,0.1,symmetric_const,55.38987633534083,-1,0,0
232,0.1,symmetric_const,66.49265498831392,-3,0,0
233,0.1,symmetric_const,43.1916832657007,11,0,0
234,0.1,symmetric_const,77.85251121718147,4,0,0
235,0.1,symmetric_const,60.899926685318974,-4,0,0
236,0.1,symmetric_const,72.48628660012804,3,0,0
237,0.1,symmetric_const,56.09698311652738,5,0,0
238,0.1,symmetric_const,69.77351569503912,-12,0,0
239,0.1,symmetric_const,68.88903112438402,-2,0,0
240,0.1,symmetric_const,59.46533052964338,-2,0,0
241,0.1,symmetric_const,61.96717158871968,3,0,0
242,0.1,symmetric_const,90.3389295425743,19,0,0
243,0.1,symmetric_const,59.33169609337017,9,0,0
244,0.1,symmetric_const,75.98345969614206,-11,0,0
245,0.1,symmetric_const,43.078431422729864,12,0,0
246,0.1,symmetric_const,71.66352359928351,14,0,0
247,0.1,symmetric_const,101.76829426121617,16,0,0
248,0.1,symmetric_const,108.49720216748392,15,0,0
249,0.1,symmetric_const,58.69650217864569,-5,0,0
250,0.1,symmetric_const,65.07065450597747,16,0,0
251,0.1,symmetric_const,53.479485837793334,1,0,0
252,0.1,symmetric_const,76.23515472876011,13,0,0
253,0.1,symmetric_const,70.78682594859265,5,0,0
254,0.1,symmetric_const,72.00808788156883,-9,0,0
255,0.1,symmetric_const,65.53866192788371,-3,0,0
256,0.1,symmetric_const,71.72284079240717,7,0,0
257,0.1,symmetric_const,78.53144848510078,-15,0,0
258,0.1,symmetric_const,61.36552973053949,-13,0,0
259,0.1,symmetric_const,62.99067313892476,-5,0,0
260,0.1,symmetric_const,73.4582578771736,5,0,0
261,0.1,symmetric_const,70.55013096600044,8,0,0
262,0.1,symmetric_const,70.41890090641486,1,0,0
263,0.1,symmetric_const,65.55664014449917,-1,0,0
264,0.1,symmetric_const,65.76756999051173,3,0,0
265,0.1,symmetric_const,107.65646095002421,32,0,0
266,0.1,symmetric_const,95.63564566985315,14,0,0
267,0.1,symmetric_const,68.17173304654608,-3,0,0
268,0.1,symmetric_const,58.544889525756616,-14,0,0
269,0.1,symmetric_const,89.50837962176479,13,0,0
270,0.1,symmetric_const,79.57292825192098,-23,0,0
271,0.1,symmetric_const,67.56230426840148,6,0,0
272,0.1,symmetric_const,49.65091792273449,-4,0,0
273,0.1,symmetric_const,65.74180485393191,2,0,0
274,0.1,symmetric_const,62.656300153290886,9,0,0
275,0.1,symmetric_const,40.96730237582187,-17,0,0
276,0.1,symmetric_const,83.08269702127518,18,0,0
277,0.1,symmetric_const,50.751141092776265,10,0,0
278,0.1,symmetric_const,67.37473518228148,13,0,0
279,0.1,symmetric_const,74.37869888105962,5,0,0
280,0.1,symmetric_const,70.98218195467632,-5,0,0
281,0.1,symmetric_const,74.35293374447978,0,0,0
282,0.1,symmetric_const,44.919313430502825,-18,0,0
283,0.1,symmetric_const,60.96943517509396,8,0,0
284,0.1,symmetric_const,66.47467677169834,5,0,0
285,0.1,symmetric_const,90.41622495231309,-14,0,0
286,0.1,symmetric_const,87.02692115599143,18,0,0
287,0.1,symmetric_const,81.12318062725501,10,0,0
288,0.1,symmetric_const,79.53937619537771,-7,0,0
289,0.1,symmetric_const,71.34712883026455,2,0,0
290,0.1,symmetric_const,55.23826368245197,0,0,0
291,0.1,symmetric_const,63.38138515109256,9,0,0
292,0.1,symmetric_const,86.60025271059236,2,0,0
293,0.1,symmetric_const,76.29687629857096,6,0,0
294,0.1,symmetric_const,84.21647224786079,8,0,0
295,0.1,symmetric_const,61.692115796209066,-2,0,0
296,0.1,symmetric_const,67.28724847589098,3,0,0
297,0.1,symmetric_const,67.15601841630517,0,0,0
298,0.1,symmetric_const,76.97581356649073,-3,0,0
299,0.1,symmetric_const,54.08353207266043,11,0,0
300,0.1,symmetric_const,87.45897214466754,-7,0,0
301,0.1,symmetric_const,67.79121233102921,8,0,0
302,0.1,symmetric_const,83.28045740404643,0,0,0
303,0.1,symmetric_const,55.1867334092928,-2,0,0
304,0.1,symmetric_const,77.90404149034066,12,0,0
305,0.1,symmetric_const,68.81711825792183,-6,0,0
306,0.1,symmetric_const,64.86510720324105,-1,0,0
307,0.1,symmetric_const,79.20259883305675,5,0,0
308,0.1,symmetric_const,64.21193507190105,-7,0,0
309,0.1,symmetric_const,71.72524516909436,-1,0,0
310,0.1,symmetric_const,69.04602632055048,-26,0,0
311,0.1,symmetric_const,74.31457293456162,-4,0,0
312,0.1,symmetric_const,37.04884337768499,-8,0,0
313,0.1,symmetric_const,70.46264425960987,-8,0,0
314,0.1,symmetric_const,68.68588819833565,1,0,0
315,0.1,symmetric_const,102.35974482274526,-5,0,0
316,0.1,symmetric_const,47.46249346608715,-10,0,0
317,0.1,symmetric_const,73.19339338131385,-15,0,0
318,0.1,symmetric_const,55.654740831199774,-7,0,0
319,0.1,symmetric_const,66.20981227583911,11,0,0
320,0.1,symmetric_const,71.90262295856284,1,0,0
321,0.1,symmetric_const,70.46264425960993,-4,0,0
322,0.1,symmetric_const,58.5011461725619,7,0,0
323,0.1,symmetric_const,93.01036147115389,3,0,0
324,0.1,symmetric_const,81.24662376687735,4,0,0
325,0.1,symmetric_const,76.02182050606052,-15,0,0
326,0.1,symmetric_const,63.7696927865739,-5,0,0
327,0.1,symmetric_const,65.45655776476997,-8,0,0
328,0.1,symmetric_const,70.00242375766715,-4,0,0
329,0.1,symmetric_const,58.298003246513645,4,0,0
330,0.1,symmetric_const,60.992795934986816,-9,0,0
331,0.1,symmetric_const,69.77111131835181,-6,0,0
332,0.1,symmetric_const,63.214198658275905,-4,0,0
333,0.1,symmetric_const,39.75382736280926,24,0,0
334,0.1,symmetric_const,59.2184442503999,10,0,0
335,0.1,symmetric_const,70.01261505431762,-17,0,0
336,0.1,symmetric_const,64.28384793836375,-3,0,0
337,0.1,symmetric_const,74.07009103200522,2,0,0
338,0.1,symmetric_const,70.56810918261611,0,0,0
339,0.1,symmetric_const,70.00242375766697,4,0,0
340,0.1,symmetric_const,64.35335642813845,9,0,0
341,0.1,symmetric_const,94.7511610991969,-18,0,0
342,0.1,symmetric_const,73.63563566664189,-1,0,0
343,0.1,symmetric_const,70.10010176070904,5,0,0
344,0.1,symmetric_const,65.06046320932494,1,0,0
345,0.1,symmetric_const,64.84712898662511,1,0,0
346,0.1,symmetric_const,88.49266499152395,16,0,0
347,0.1,symmetric_const,68.4803408955994,-10,0,0
348,0.1,symmetric_const,59.06683159751083,-9,0,0
349,0.1,symmetric_const,64.37133464475392,9,0,0
350,0.1,symmetric_const,62.718021723101344,2,0,0
351,0.1,symmetric_const,65.28937127195297,9,0,0
352,0.1,symmetric_const,78.32830555905252,16,0,0
353,0.1,symmetric_const,68.66550560503322,-3,0,0
354,0.1,symmetric_const,69.40856881945001,-19,0,0
355,0.1,symmetric_const,76.54376257781496,-6,0,0
356,0.1,symmetric_const,88.86539878707663,-10,0,0
357,0.1,symmetric_const,62.108592944957294,1,0,0
358,0.1,symmetric_const,61.33736021727225,4,0,0
359,0.1,symmetric_const,73.3168365209358,9,0,0
360,0.1,symmetric_const,67.60845199828408,1,0,0
361,0.1,symmetric_const,66.23798178910624,6,0,0
362,0.1,symmetric_const,68.31315440278331,-1,0,0
363,0.1,symmetric_const,59.84585124515945,-3,0,0
364,0.1,symmetric_const,70.32900982333592,-9,0,0
365,0.1,symmetric_const,80.83793353809324,-18,0,0
366,0.1,symmetric_const,65.50270549465267,-5,0,0
367,0.1,symmetric_const,78.32830555905309,-10,0,0
368,0.1,symmetric_const,62.851656159375125,3,0,0
369,0.1,symmetric_const,77.48996871828052,5,0,0
370,0.1,symmetric_const,95.11370359809803,13,0,0
371,0.1,symmetric_const,51.34018727761787,1,0,0
372,0.1,symmetric_const,47.86099239821908,-7,0,0
373,0.1,symmetric_const,76.74690550386254,-15,0,0
374,0.1,symmetric_const,73.63563566664203,-5,0,0
375,0.1,symmetric_const,70.10010176070904,-1,0,0
376,0.1,symmetric_const,66.77309332410152,-7,0,0
377,0.1,symmetric_const,81.66069653893783,3,0,0
378,0.1,symmetric_const,81.90758281818125,13,0,0
379,0.1,symmetric_const,65.63393555423852,-8,0,0
380,0.1,symmetric_const,55.73444061762666,20,0,0
381,0.1,symmetric_const,76.62346236424082,11,0,0
382,0.1,symmetric_const,90.27961234944962,-2,0,0
383,0.1,symmetric_const,67.86312519749185,8,0,0
384,0.1,symmetric_const,79.11511212666551,-17,0,0
385,0.1,symmetric_const,103.25442069005271,16,0,0
386,0.1,symmetric_const,43.80351642053233,14,0,0
387,0.1,symmetric_const,53.78271114357108,-15,0,0
388,0.1,symmetric_const,68.32094132274801,-14,0,0
389,0.1,symmetric_const,83.67655195949152,-1,0,0
390,0.1,symmetric_const,69.48048168591282,3,0,0
391,0.1,symmetric_const,51.5816910135847,-4,0,0
392,0.1,symmetric_const,68.0021421770416,-2,0,0
393,0.1,symmetric_const,65.41521878826177,9,0,0
394,0.1,symmetric_const,74.07009103200471,16,0,0
395,0.1,symmetric_const,64.865107203241,-7,0,0
396,0.1,symmetric_const,61.60462908981867,-2,0,0
397,0.1,symmetric_const,82.56315932620845,5,0,0
398,0.1,symmetric_const,54.18121007570312,10,0,0
399,0.1,symmetric_const,67.34118312573764,-5,0,0
400,0.1,symmetric_const,53.87019784996153,-1,0,0
401,0.1,symmetric_const,78.70882627456979,5,0,0
402,0.1,symmetric_const,63.566549860525356,-6,0,0
403,0.1,symmetric_const,62.62813064002387,-4,0,0
404,0.1,symmetric_const,88.86539878707669,6,0,0
405,0.1,symmetric_const,50.411959353767884,-8,0,0
406,0.1,symmetric_const,55.284411412334606,1,0,0
407,0.1,symmetric_const,96.84431192948978,9,0,0
408,0.1,symmetric_const,50.740949796124596,7,0,0
409,0.1,symmetric_const,73.9442435156966,14,0,0
410,0.1,symmetric_const,67.00440576341606,-3,0,0
411,0.1,symmetric_const,53.40997734801846,-1,0,0
412,0.1,symmetric_const,42.700315083900705,15,0,0
413,0.1,symmetric_const,75.57179130076895,2,0,0
414,0.1,symmetric_const,65.36907105837946,2,0,0
415,0.1,symmetric_const,75.1295490154414,-4,0,0
416,0.1,symmetric_const,60.71235759919898,11,0,0
417,0.1,symmetric_const,32.30223883542703,7,0,0
418,0.1,symmetric_const,64.2197219918657,-4,0,0
419,0.1,symmetric_const,81.00752440759788,9,0,0
420,0.1,symmetric_const,82.02323903783902,0,0,0
421,0.1,symmetric_const,83.25228789077943,1,0,0
422,0.1,symmetric_const,39.825740229272,0,0,0
423,0.1,symmetric_const,82.29829483034973,11,0,0
424,0.1,symmetric_const,44.16365454274609,3,0,0
425,0.1,symmetric_const,51.52775636373758,-16,0,0
426,0.1,symmetric_const,53.394403508089965,-1,0,0
427,0.1,symmetric_const,67.37713955896822,7,0,0
428,0.1,symmetric_const,71.16734666410956,2,0,0
429,0.1,symmetric_const,59.053662134270326,11,0,0
430,0.1,symmetric_const,69.16408691689435,7,0,0
431,0.1,symmetric_const,84.00554240184844,0,0,0
432,0.1,symmetric_const,64.59245578741803,-4,0,0
433,0.1,symmetric_const,67.8811034141072,10,0,0
434,0.1,symmetric_const,55.87586197386349,-2,0,0
435,0.1,symmetric_const,71.67909743921177,8,0,0
436,0.1,symmetric_const,54.48981792475735,-1,0,0
437,0.1,symmetric_const,88.64427764441302,-7,0,0
438,0.1,symmetric_const,61.64058552304971,8,0,0
439,0.1,symmetric_const,76.33042835511502,0,0,0
440,0.1,symmetric_const,68.00454655372891,-14,0,0
441,0.1,symmetric_const,83.46321773679176,7,0,0
442,0.1,symmetric_const,78.17131036288737,-4,0,0
443,0.1,symmetric_const,68.64752738841736,-5,0,0
444,0.1,symmetric_const,70.87912140835772,5,0,0
445,0.1,symmetric_const,52.10363308533863,-9,0,0
446,0.1,symmetric_const,65.12997169910068,3,0,0
447,0.1,symmetric_const,87.08864272580263,-15,0,0
448,0.1,symmetric_const,68.09982018008361,3,0,0
449,0.1,symmetric_const,65.0065285594776,15,0,0
450,0.1,symmetric_const,76.69297085401587,-5,0,0
451,0.1,symmetric_const,74.87247143954644,1,0,0
452,0.1,symmetric_const,77.62119877786608,-12,0,0
453,0.1,symmetric_const,51.59188231023654,15,0,0
454,0.1,symmetric_const,63.29928098797927,-14,0,0
455,0.1,symmetric_const,62.450752850555205,-2,0,0
456,0.1,symmetric_const,37.20045603057406,-23,0,0
457,0.1,symmetric_const,35.441678185914725,-2,0,0
458,0.1,symmetric_const,58.819945318267514,3,0,0
459,0.1,symmetric_const,79.93787512751004,4,0,0
460,0.1,symmetric_const,63.142285791813606,-8,0,0
461,0.1,symmetric_const,107.0548190918438,10,0,0
462,0.1,symmetric_const,80.05112697048071,-13,0,0
463,0.1,symmetric_const,52.11920692526712,9,0,0
464,0.1,symmetric_const,71.91040987852712,0,0,0
465,0.1,symmetric_const,89.61624892145937,-17,0,0
466,0.1,symmetric_const,76.0991159158001,-8,0,0
467,0.1,symmetric_const,56.8298550342937,-4,0,0
468,0.1,symmetric_const,69.0304524806213,4,0,0
469,0.1,symmetric_const,84.22666354451249,3,0,0
470,0.1,symmetric_const,49.48613580660452,3,0,0
471,0.1,symmetric_const,67.15601841630512,0,0,0
472,0.1,symmetric_const,73.31683652093614,-9,0,0
473,0.1,symmetric_const,79.32844634936589,7,0,0
474,0.1,symmetric_const,63.02662957215597,-5,0,0
475,0.1,symmetric_const,87.04009061923216,18,0,0
476,0.1,symmetric_const,71.6815018158989,0,0,0
477,0.1,symmetric_const,62.646108856638875,-10,0,0
478,0.1,symmetric_const,62.63053501671071,0,0,0
479,0.1,symmetric_const,96.86229014610603,-15,0,0
480,0.1,symmetric_const,69.19763897343847,-1,0,0
481,0.1,symmetric_const,78.16111906623593,-3,0,0
482,0.1,symmetric_const,98.85238043007939,-24,0,0
483,0.1,symmetric_const,37.97947567822234,13,0,0
484,0.1,symmetric_const,74.05211281538958,0,0,0
485,0.1,symmetric_const,72.59175152313418,5,0,0
486,0.1,symmetric_const,66.0348388630573,-25,0,0
487,0.1,symmetric_const,105.97738289179223,2,0,0
488,0.1,symmetric_const,79.89172739762739,-9,0,0
489,0.1,symmetric_const,62.51247442036609,1,0,0
490,0.1,symmetric_const,69.21561719005362,1,0,0
491,0.1,symmetric_const,55.88605327051516,5,0,0
492,0.1,symmetric_const,75.17329236863658,1,0,0
493,0.1,symmetric_const,45.446638045533405,6,0,0
494,0.1,symmetric_const,71.71745824913023,-2,0,0
495,0.1,symmetric_const,78.54942670171681,-9,0,0
496,0.1,symmetric_const,58.69650217864569,7,0,0
497,0.1,symmetric_const,74.9599581459371,9,0,0
498,0.1,symmetric_const,57.19480190988264,-5,0,0
499,0.1,symmetric_const,64.86751157992825,-1,0,0
500,0.1,symmetric_const,62.08282780837726,4,0,0
501,0.1,symmetric_const,86.30183615818981,4,0,0
502,0.1,symmetric_const,64.55649935418688,2,0,0
503,0.1,symmetric_const,116.31133319376704,-23,0,0
504,0.1,symmetric_const,71.52210224304639,4,0,0
505,0.1,symmetric_const,95.9879968721018,-10,0,0
506,0.1,symmetric_const,66.62628942458684,-4,0,0
507,0.1,symmetric_const,87.81911026688249,18,0,0
508,0.1,symmetric_const,65.89880005009798,-6,0,0
509,0.1,symmetric_const,54.45145711483906,9,0,0
510,0.1,symmetric_const,87.86525799676411,-3,0,0
511,0.1,symmetric_const,71.90262295856337,15,0,0
512,0.1,symmetric_const,62.01091494191513,-2,0,0
513,0.1,symmetric_const,62.32971408762086,2,0,0
514,0.1,symmetric_const,89.63422713807415,-9,0,0
515,0.1,symmetric_const,62.550835230284804,3,0,0
516,0.1,symmetric_const,53.65445925057452,-7,0,0
517,0.1,symmetric_const,81.74039632536415,-12,0,0
518,0.1,symmetric_const,49.78936111238204,-11,0,0
519,0.1,symmetric_const,79.93008820754608,-1,0,0
520,0.1,symmetric_const,53.9217281231206,9,0,0
521,0.1,symmetric_const,70.71731745881752,-1,0,0
522,0.1,symmetric_const,75.79291244343278,5,0,0
523,0.1,symmetric_const,61.275638647461236,1,0,0
524,0.1,symmetric_const,50.828436502515956,-1,0,0
525,0.1,symmetric_const,98.97341919301402,-14,0,0
526,0.1,symmetric_const,94.4605314667586,3,0,0
527,0.1,symmetric_const,73.2730931677408,-2,0,0
528,0.1,symmetric_const,84.9673223822424,-9,0,0
529,0.1,symmetric_const,66.67003277778224,5,0,0
530,0.1,symmetric_const,71.06966866106745,9,0,0
531,0.1,symmetric_const,71.79715803555712,-9,0,0
532,0.1,symmetric_const,78.001719493383,-3,0,0
533,0.1,symmetric_const,56.58296875505016,4,0,0
534,0.1,symmetric_const,85.8494025762106,-5,0,0
535,0.1,symmetric_const,54.047575639430306,-3,0,0
536,0.1,symmetric_const,53.24279085520125,0,0,0
537,0.1,symmetric_const,63.04460778877166,5,0,0
538,0.1,symmetric_const,94.2214321074789,10,0,0
539,0.1,symmetric_const,59.987272601397024,-3,0,0
540,0.1,symmetric_const,75.8444427165922,-1,0,0
541,0.1,symmetric_const,59.57858237261354,-1,0,0
542,0.1,symmetric_const,60.01544211466387,-8,0,0
543,0.1,symmetric_const,54.65460004088726,2,0,0
544,0.1,symmetric_const,70.76346518870042,4,0,0
545,0.1,symmetric_const,65.8628436168666,-6,0,0
546,0.1,symmetric_const,70.58368302254439,-8,0,0
547,0.1,symmetric_const,74.35052936779283,-2,0,0
548,0.1,symmetric_const,73.29107138435631,4,0,0
549,0.1,symmetric_const,57.93546074761241,-7,0,0
550,0.1,symmetric_const,80.49577363249517,3,0,0
551,0.1,symmetric_const,35.865942254626134,-6,0,0
552,0.1,symmetric_const,58.00737361407461,1,0,0
553,0.1,symmetric_const,63.36340693447727,1,0,0
554,0.1,symmetric_const,23.199741763079828,21,0,0
555,0.1,symmetric_const,74.33014677449,12,0,0
556,0.1,symmetric_const,58.22849475673843,10,0,0
557,0.1,symmetric_const,33.896234563955886,17,0,0
558,0.1,symmetric_const,70.13605819394058,-5,0,0
559,0.1,symmetric_const,73.553531503528,10,0,0
560,0.1,symmetric_const,58.97934489112049,-13,0,0
561,0.1,symmetric_const,50.41436373045508,22,0,0
562,0.1,symmetric_const,75.79291244343267,15,0,0
563,0.1,symmetric_const,44.38718006209706,16,0,0
564,0.1,symmetric_const,62.787530212876504,2,0,0
565,0.1,symmetric_const,88.5465996413709,-4,0,0
566,0.1,symmetric_const,69.93051089120468,-6,0,0
567,0.1,symmetric_const,62.88520821591834,3,0,0
568,0.1,symmetric_const,65.38704927499498,2,0,0
569,0.1,symmetric_const,69.90474575462486,-1,0,0
570,0.1,symmetric_const,73.92626529908075,0,0,0
571,0.1,symmetric_const,64.52054292095568,-8,0,0
572,0.1,symmetric_const,74.43022915421915,3,0,0
573,0.1,symmetric_const,59.75596016208215,-1,0,0
574,0.1,symmetric_const,75.75455163351478,-9,0,0
575,0.1,symmetric_const,59.82008610858031,-10,0,0
576,0.1,symmetric_const,82.30848612700083,-4,0,0
577,0.1,symmetric_const,72.41437373366537,3,0,0
578,0.1,symmetric_const,59.54503031606981,3,0,0
579,0.1,symmetric_const,58.88166688807837,-4,0,0
580,0.1,symmetric_const,45.14822149312954,-14,0,0
581,0.1,symmetric_const,58.13081675369665,-5,0,0
582,0.1,symmetric_const,72.38860859708575,4,0,0
583,0.1,symmetric_const,76.96802664652655,2,0,0
584,0.1,symmetric_const,69.72977234184395,-11,0,0
585,0.1,symmetric_const,66.65205456116675,1,0,0
586,0.1,symmetric_const,73.39653630736245,6,0,0
587,0.1,symmetric_const,62.054658295110244,-1,0,0
588,0.1,symmetric_const,69.97665862108784,-13,0,0
589,0.1,symmetric_const,77.33835606539174,-8,0,0
590,0.1,symmetric_const,89.17400663613142,1,0,0
591,0.1,symmetric_const,47.29290259658296,7,0,0
592,0.1,symmetric_const,72.71759903944292,11,0,0
593,0.1,symmetric_const,86.32760129476958,-3,0,0
594,0.1,symmetric_const,69.55239455237529,-3,0,0
595,0.1,symmetric_const,72.69962082282726,3,0,0
596,0.1,symmetric_const,69.50624682249315,10,0,0
597,0.1,symmetric_const,76.07335077921971,11,0,0
598,0.1,symmetric_const,67.69353432798721,7,0,0
599,0.1,symmetric_const,69.09217405043296,-15,0,0
600,0.1,symmetric_const,65.98869113317528,4,0,0
601,0.1,symmetric_const,60.29588045045152,0,0,0
602,0.1,symmetric_const,62.188292731383285,-10,0,0
603,0.1,symmetric_const,76.48982792796807,4,0,0
604,0.1,symmetric_const,80.31839584302725,13,0,0
605,0.1,symmetric_const,65.32532770518412,-9,0,0
606,0.1,symmetric_const,80.08708340371169,-1,0,0
607,0.1,symmetric_const,73.29107138435643,-10,0,0
608,0.1,symmetric_const,72.0003009616049,2,0,0
609,0.1,symmetric_const,51.65119950335969,-2,0,0
610,0.1,symmetric_const,72.1572961577703,-2,0,0
611,0.1,symmetric_const,71.92838809514271,2,0,0
612,0.1,symmetric_const,67.47241318532349,4,0,0
613,0.1,symmetric_const,51.741090586437736,2,0,0
614,0.1,symmetric_const,107.95728187911527,28,0,0
615,0.1,symmetric_const,70.62204383246262,-10,0,0
616,0.1,symmetric_const,69.42895141275363,-1,0,0
617,0.1,symmetric_const,26.267268247104425,10,0,0
618,0.1,symmetric_const,58.82773223823165,8,0,0
619,0.1,symmetric_const,75.82646449997664,1,0,0
620,0.1,symmetric_const,71.07985995771878,10,0,0
621,0.1,symmetric_const,60.1982024474095,1,0,0
622,0.1,symmetric_const,78.48770513190597,2,0,0
623,0.1,symmetric_const,56.74236832790314,-2,0,0
624,0.1,symmetric_const,62.16012321811655,5,0,0
625,0.1,symmetric_const,59.31612225344179,15,0,0
626,0.1,symmetric_const,64.38931286136977,3,0,0
627,0.1,symmetric_const,78.8502476308065,13,0,0
628,0.1,symmetric_const,62.43517901062694,2,0,0
629,0.1,symmetric_const,56.796302977749804,-2,0,0
630,0.1,symmetric_const,69.2078302700894,-4,0,0
631,0.1,symmetric_const,83.2343096741638,7,0,0
632,0.1,symmetric_const,69.21561719005433,-7,0,0
633,0.1,symmetric_const,65.21745840549073,-1,0,0
634,0.1,symmetric_const,63.96504879265777,-1,0,0
635,0.1,symmetric_const,75.37643529468481,0,0,0
636,0.1,symmetric_const,74.2324687714472,17,0,0
637,0.1,symmetric_const,52.94975684607533,-5,0,0
638,0.1,symmetric_const,53.93191941977227,4,0,0
639,0.1,symmetric_const,67.32320490912184,-11,0,0
640,0.1,symmetric_const,63.87515770957998,3,0,0
641,0.1,symmetric_const,47.4624934660867,14,0,0
642,0.1,symmetric_const,48.884493948424165,-3,0,0
643,0.1,symmetric_const,67.90686855068651,-1,0,0
644,0.1,symmetric_const,60.995200311674296,-3,0,0
645,0.1,symmetric_const,75.72340395365785,3,0,0
646,0.1,symmetric_const,54.392139921715284,4,0,0
647,0.1,symmetric_const,75.49209151434269,3,0,0
648,0.1,symmetric_const,66.74194564424452,1,0,0
649,0.1,symmetric_const,82.95146696168933,-7,0,0
650,0.1,symmetric_const,59.52464772276676,7,0,0
651,0.1,symmetric_const,100.9119792038282,11,0,0
652,0.1,symmetric_const,65.55423576781192,3,0,0
653,0.1,symmetric_const,64.69013379045987,-7,0,0
654,0.1,symmetric_const,75.27097037167879,2,0,0
655,0.1,symmetric_const,78.59317005491177,0,0,0
656,0.1,symmetric_const,79.15885547986124,-8,0,0
657,0.1,symmetric_const,114.85875882147707,15,0,0
658,0.1,symmetric_const,63.0547990854231,2,0,0
659,0.1,symmetric_const,88.97865063004667,7,0,0
660,0.1,symmetric_const,64.38931286136949,21,0,0
661,0.1,symmetric_const,60.21618066402522,-3,0,0
662,0.1,symmetric_const,68.77337490472621,11,0,0
663,0.1,symmetric_const,67.39511777558431,3,0,0
664,0.1,symmetric_const,40.09300910181855,26,0,0
665,0.1,symmetric_const,82.36780332012438,-1,0,0
666,0.1,symmetric_const,80.34175660291896,10,0,0
667,0.1,symmetric_const,62.77974329291253,1,0,0
668,0.1,symmetric_const,71.36270267019341,4,0,0
669,0.1,symmetric_const,48.19536538385296,11,0,0
670,0.1,symmetric_const,63.49463699406306,-8,0,0
671,0.1,symmetric_const,79.87615355769935,-7,0,0
672,0.1,symmetric_const,10.1632118526677,-22,0,0
673,0.1,symmetric_const,75.09599695889801,20,0,0
674,0.1,symmetric_const,64.59245578741809,-4,0,0
675,0.1,symmetric_const,69.33367778639905,2,0,0
676,0.1,symmetric_const,28.876978605874683,-17,0,0
677,0.1,symmetric_const,61.391294867119086,4,0,0
678,0.1,symmetric_const,67.78342541106554,9,0,0
679,0.1,symmetric_const,73.43489711728148,-10,0,0
680,0.1,symmetric_const,70.54234404603648,-1,0,0
681,0.1,symmetric_const,71.8049449555212,-4,0,0
682,0.1,symmetric_const,78.66508292137428,6,0,0
683,0.1,symmetric_const,75.26318345171455,-5,0,0
684,0.1,symmetric_const,48.00241375445603,-17,0,0
685,0.1,symmetric_const,75.48968713765544,11,0,0
686,0.1,symmetric_const,60.96703079840695,0,0,0
687,0.1,symmetric_const,41.07276729882756,11,0,0
688,0.1,symmetric_const,85.08836114517715,-9,0,0
689,0.1,symmetric_const,68.05607682688827,-2,0,0
690,0.1,symmetric_const,55.302389628950664,-1,0,0
691,0.1,symmetric_const,76.91409199667969,2,0,0
692,0.1,symmetric_const,66.43872033846742,17,0,0
693,0.1,symmetric_const,73.30664522428448,0,0,0
694,0.1,symmetric_const,71.89243166191113,8,0,0
695,0.1,symmetric_const,81.79433097521064,6,0,0
696,0.1,symmetric_const,47.97424424118947,-2,0,0
697,0.1,symmetric_const,63.993218305924074,-10,0,0
698,0.1,symmetric_const,50.579145846584765,9,0,0
699,0.1,symmetric_const,66.6598414811307,0,0,0
700,0.1,symmetric_const,66.5106332049293,1,0,0
701,0.1,symmetric_const,69.1179391870121,-2,0,0
702,0.1,symmetric_const,84.55863215345897,-3,0,0
703,0.1,symmetric_const,53.20145187869298,-13,0,0
704,0.1,symmetric_const,59.977081304745866,-6,0,0
705,0.1,symmetric_const,47.151481240344935,5,0,0
706,0.1,symmetric_const,69.7633243983878,7,0,0
707,0.1,symmetric_const,83.4836003300943,7,0,0
708,0.1,symmetric_const,82.10293882426515,-9,0,0
709,0.1,symmetric_const,50.63548487311914,-19,0,0
710,0.1,symmetric_const,63.556358563873914,3,0,0
711,0.1,symmetric_const,118.5177358670312,-15,0,0
712,0.1,symmetric_const,78.11737571304025,-14,0,0
713,0.1,symmetric_const,72.33707832392626,2,0,0
714,0.1,symmetric_const,67.3411831257373,-7,0,0
715,0.1,symmetric_const,62.56881344689998,-3,0,0
716,0.1,symmetric_const,58.12302983373212,4,0,0
717,0.1,symmetric_const,74.48175942737828,7,0,0
718,0.1,symmetric_const,64.24789150513254,7,0,0
719,0.1,symmetric_const,62.638321936675084,3,0,0
720,0.1,symmetric_const,62.93914286576546,3,0,0
721,0.1,symmetric_const,61.44522951696564,4,0,0
722,0.1,symmetric_const,71.62756716605253,4,0,0
723,0.1,symmetric_const,52.06767665210759,-11,0,0
724,0.1,symmetric_const,66.43872033846714,-1,0,0
725,0.1,symmetric_const,65.95273469994424,6,0,0
726,0.1,symmetric_const,76.64922750082098,-6,0,0
727,0.1,symmetric_const,68.21547639974125,-2,0,0
728,0.1,symmetric_const,66.58792861466856,4,0,0
729,0.1,symmetric_const,32.60305976451764,-13,0,0
730,0.1,symmetric_const,67.9248467673022,-3,0,0
731,0.1,symmetric_const,69.4625034692973,1,0,0
732,0.1,symmetric_const,79.00964720365977,-3,0,0
733,0.1,symmetric_const,74.49195072403005,0,0,0
734,0.1,symmetric_const,114.03840019731888,-24,0,0
735,0.1,symmetric_const,74.0856648719335,0,0,0
736,0.1,symmetric_const,53.94749325970065,-2,0,0
737,0.1,symmetric_const,61.07490009810044,8,0,0
738,0.1,symmetric_const,13.055764923911283,17,0,0
739,0.1,symmetric_const,83.66636066283968,-10,0,0
740,0.1,symmetric_const,75.77493422681698,-1,0,0
741,0.1,symmetric_const,68.5342755454471,0,0,0
742,0.1,symmetric_const,42.91124492991321,17,0,0
743,0.1,symmetric_const,93.60421640937108,4,0,0
744,0.1,symmetric_const,43.65190376764326,21,0,0
745,0.1,symmetric_const,84.33991538748205,-8,0,0
746,0.1,symmetric_const,71.90262295856348,-3,0,0
747,0.1,symmetric_const,62.373457440816196,5,0,0
748,0.1,symmetric_const,56.43616485553639,11,0,0
749,0.1,symmetric_const,63.000864435576034,-2,0,0
750,0.1,symmetric_const,57.513601055587515,11,0,0
751,0.1,symmetric_const,58.33395967974474,-4,0,0
752,0.1,symmetric_const,69.47269476594867,0,0,0
753,0.1,symmetric_const,56.104770036491516,0,0,0
754,0.1,symmetric_const,46.809321334747665,6,0,0
755,0.1,symmetric_const,85.69000300335688,-19,0,0
756,0.1,symmetric_const,59.60675188588061,8,0,0
757,0.1,symmetric_const,56.28455220264664,-8,0,0
758,0.1,symmetric_const,85.867380792826,15,0,0
759,0.1,symmetric_const,58.3854899529037,2,0,0
760,0.1,symmetric_const,42.33536820831296,-10,0,0
761,0.1,symmetric_const,53.20683442197071,6,0,0
762,0.1,symmetric_const,64.90885055643628,8,0,0
763,0.1,symmetric_const,59.1183618706703,1,0,0
764,0.1,symmetric_const,72.02606609818417,-9,0,0
765,0.1,symmetric_const,92.84317497833712,-2,0,0
766,0.1,symmetric_const,67.80140362768083,-5,0,0
767,0.1,symmetric_const,76.5952928509743,2,0,0
768,0.1,symmetric_const,75.9421207196342,12,0,0
769,0.1,symmetric_const,41.59230499389423,-20,0,0
770,0.1,symmetric_const,63.74152327330684,0,0,0
771,0.1,symmetric_const,70.35477495991722,-12,0,0
772,0.1,symmetric_const,75.84684709327956,3,0,0
773,0.1,symmetric_const,51.360569870920926,7,0,0
774,0.1,symmetric_const,69.27733875986497,0,0,0
775,0.1,symmetric_const,85.16806093160403,18,0,0
776,0.1,symmetric_const,73.86454372926892,13,0,0
777,0.1,symmetric_const,41.628261427125665,2,0,0
778,0.1,symmetric_const,88.94509857350351,-7,0,0
779,0.1,symmetric_const,63.7900753798765,-11,0,0
780,0.1,symmetric_const,56.22042625614904,-5,0,0
781,0.1,symmetric_const,70.13365381725293,-3,0,0
782,0.1,symmetric_const,70.71731745881772,-3,0,0
783,0.1,symmetric_const,73.66140080322214,6,0,0
784,0.1,symmetric_const,46.755386684900486,14,0,0
785,0.1,symmetric_const,81.06145905744415,-9,0,0
786,0.1,symmetric_const,84.7821576728104,-6,0,0
787,0.1,symmetric_const,59.92555103158611,-12,0,0
788,0.1,symmetric_const,58.004969237387115,-1,0,0
789,0.1,symmetric_const,79.66522371168685,-1,0,0
790,0.1,symmetric_const,64.34316513148724,8,0,0
791,0.1,symmetric_const,71.14936844749388,4,0,0
792,0.1,symmetric_const,78.8244824942272,-2,0,0
793,0.1,symmetric_const,72.78710752921785,-5,0,0
794,0.1,symmetric_const,70.36496625656797,1,0,0
795,0.1,symmetric_const,68.729631551531,0,0,0
796,0.1,symmetric_const,69.18744767678709,-8,0,0
797,0.1,symmetric_const,77.48996871828052,-3,0,0
798,0.1,symmetric_const,75.64129979054394,-8,0,0
799,0.1,symmetric_const,69.43673833271714,-12,0,0
800,0.1,symmetric_const,75.24280085841247,-21,0,0
801,0.1,symmetric_const,59.98727260139714,-1,0,0
802,0.1,symmetric_const,87.88323621337918,-21,0,0
803,0.1,symmetric_const,64.06272679569986,6,0,0
804,0.1,symmetric_const,77.5055425582085,5,0,0
805,0.1,symmetric_const,86.92924315294982,-5,0,0
806,0.1,symmetric_const,57.744913494903074,3,0,0
807,0.1,symmetric_const,64.27606101839922,8,0,0
808,0.1,symmetric_const,91.72737796836645,20,0,0
809,0.1,symmetric_const,76.02960742602478,2,0,0
810,0.1,symmetric_const,50.56357200665684,7,0,0
811,0.1,symmetric_const,70.9743950347127,4,0,0
812,0.1,symmetric_const,79.72454090481045,4,0,0
813,0.1,symmetric_const,53.736563413688486,2,0,0
814,0.1,symmetric_const,77.68292034767734,5,0,0
815,0.1,symmetric_const,59.73798194546637,1,0,0
816,0.1,symmetric_const,70.03597581421059,10,0,0
817,0.1,symmetric_const,77.19693470915445,6,0,0
818,0.1,symmetric_const,76.43589327812072,6,0,0
819,0.1,symmetric_const,66.14809070602837,-12,0,0
820,0.1,symmetric_const,113.39301498594318,-19,0,0
821,0.1,symmetric_const,63.74392764999368,4,0,0
822,0.1,symmetric_const,62.7719563729479,-10,0,0
823,0.1,symmetric_const,71.04630790117513,0,0,0
824,0.1,symmetric_const,78.50568334852164,4,0,0
825,0.1,symmetric_const,73.45047095720929,8,0,0
826,0.1,symmetric_const,90.7038764181616,6,0,0
827,0.1,symmetric_const,70.87671703167058,5,0,0
828,0.1,symmetric_const,71.18532488072468,0,0,0
829,0.1,symmetric_const,86.88549979975414,12,0,0
830,0.1,symmetric_const,57.25411910300551,2,0,0
831,0.1,symmetric_const,81.35208868988366,6,0,0
832,0.1,symmetric_const,68.15375482993056,-1,0,0
833,0.1,symmetric_const,67.4927957786258,14,0,0
834,0.1,symmetric_const,51.314422141038676,14,0,0
835,0.1,symmetric_const,73.27309316774084,0,0,0
836,0.1,symmetric_const,98.66721572064677,-5,0,0
837,0.1,symmetric_const,63.01105573222685,-9,0,0
838,0.1,symmetric_const,70.46264425960999,-4,0,0
839,0.1,symmetric_const,68.34132391605033,4,0,0
840,0.1,symmetric_const,66.97864062683651,2,0,0
841,0.1,symmetric_const,67.36694826231712,10,0,0
842,0.1,symmetric_const,82.90772360849326,10,0,0
843,0.1,symmetric_const,52.587214347174495,12,0,0
844,0.1,symmetric_const,71.38846780677295,-9,0,0
845,0.1,symmetric_const,83.59444779637761,-2,0,0
846,0.1,symmetric_const,73.44027966055819,-5,0,0
847,0.1,symmetric_const,62.02110623856652,-1,0,0
848,0.1,symmetric_const,57.3080537528524,12,0,0
849,0.1,symmetric_const,65.87303491351753,5,0,0
850,0.1,symmetric_const,59.78172529866197,-4,0,0
851,0.1,symmetric_const,58.305790166477806,1,0,0
852,0.1,symmetric_const,95.79504524270556,4,0,0
853,0.1,symmetric_const,49.40643602017849,10,0,0
854,0.1,symmetric_const,51.658986423323654,7,0,0
855,0.1,symmetric_const,46.08423633694542,-8,0,0
856,0.1,symmetric_const,85.69000300335733,-13,0,0
857,0.1,symmetric_const,101.22058705288265,4,0,0
858,0.1,symmetric_const,85.87757208947711,2,0,0
859,0.1,symmetric_const,42.67214557063335,18,0,0
860,0.1,symmetric_const,71.04390352448763,-6,0,0
861,0.1,symmetric_const,37.39581203665807,13,0,0
862,0.1,symmetric_const,63.620484510371966,-4,0,0
863,0.1,symmetric_const,74.70528494672999,10,0,0
864,0.1,symmetric_const,62.27577943777362,-6,0,0
865,0.1,symmetric_const,81.9099871948687,3,0,0
866,0.1,symmetric_const,56.212639336185475,-10,0,0
867,0.1,symmetric_const,66.12232556944815,1,0,0
868,0.1,symmetric_const,57.945652044263795,-2,0,0
869,0.1,symmetric_const,80.54730390565464,9,0,0
870,0.1,symmetric_const,64.1580004220545,3,0,0
871,0.1,symmetric_const,80.7504468317029,-8,0,0
872,0.1,symmetric_const,76.67739701408772,3,0,0
873,0.1,symmetric_const,60.05918546785915,-25,0,0
874,0.1,symmetric_const,69.02266556065696,1,0,0
875,0.1,symmetric_const,67.64200405482768,-3,0,0
876,0.1,symmetric_const,54.320227055253014,2,0,0
877,0.1,symmetric_const,81.64271832232203,-5,0,0
878,0.1,symmetric_const,78.49789642855723,5,0,0
879,0.1,symmetric_const,71.833114468788,1,0,0
880,0.1,symmetric_const,76.59529285097398,-2,0,0
881,0.1,symmetric_const,60.118502660983324,4,0,0
882,0.1,symmetric_const,55.70867548104684,13,0,0
883,0.1,symmetric_const,56.7501552478674,1,0,0
884,0.1,symmetric_const,69.62968996211441,4,0,0
885,0.1,symmetric_const,74.10364308854902,0,0,0
886,0.1,symmetric_const,64.98855034286282,11,0,0
887,0.1,symmetric_const,68.22326331970544,11,0,0
888,0.1,symmetric_const,63.36581131116395,-3,0,0
889,0.1,symmetric_const,78.75256962776503,2,0,0
890,0.1,symmetric_const,82.61468959936758,-3,0,0
891,0.1,symmetric_const,62.45315722724217,6,0,0
892,0.1,symmetric_const,85.13450887505974,-2,0,0
893,0.1,symmetric_const,51.90049015929105,8,0,0
894,0.1,symmetric_const,85.76970278978365,18,0,0
895,0.1,symmetric_const,80.3183958430269,-7,0,0
896,0.1,symmetric_const,64.43305621456498,0,0,0
897,0.1,symmetric_const,46.29516618295713,-10,0,0
898,0.1,symmetric_const,75.80848628336099,1,0,0
899,0.1,symmetric_const,51.50977814712235,-2,0,0
900,0.1,symmetric_const,68.63195354848926,3,0,0
901,0.1,symmetric_const,74.8724714395463,-3,0,0
902,0.1,symmetric_const,53.18885620535468,-10,0,0
903,0.1,symmetric_const,74.39667709767491,-11,0,0
904,0.1,symmetric_const,56.85023762759732,-2,0,0
905,0.1,symmetric_const,66.69820229104914,6,0,0
906,0.1,symmetric_const,61.60222471313148,6,0,0
907,0.1,symmetric_const,65.84726977693816,-2,0,0
908,0.1,symmetric_const,58.93560153792532,-24,0,0
909,0.1,symmetric_const,64.71589892703929,-2,0,0
910,0.1,symmetric_const,45.942814980708135,26,0,0
911,0.1,symmetric_const,73.50440560705606,0,0,0
912,0.1,symmetric_const,73.1754151646989,1,0,0
913,0.1,symmetric_const,59.35986560663706,0,0,0
914,0.1,symmetric_const,79.40574175910473,-4,0,0
915,0.1,symmetric_const,60.05678109117207,-19,0,0
916,0.1,symmetric_const,75.56160000411788,3,0,0
917,0.1,symmetric_const,88.83722927380973,11,0,0
918,0.1,symmetric_const,76.27111116199126,-3,0,0
919,0.1,symmetric_const,71.07985995771878,6,0,0
920,0.1,symmetric_const,56.84783325090939,-4,0,0
921,0.1,symmetric_const,90.06627812674992,10,0,0
922,0.1,symmetric_const,67.05055349329895,0,0,0
923,0.1,symmetric_const,52.88024835630006,-7,0,0
924,0.1,symmetric_const,81.27238890345734,11,0,0
925,0.1,symmetric_const,77.3743124986222,8,0,0
926,0.1,symmetric_const,66.63407634455109,5,0,0
927,0.1,symmetric_const,56.95570255060289,-2,0,0
928,0.1,symmetric_const,97.31472372808435,6,0,0
929,0.1,symmetric_const,77.73925937421143,-7,0,0
930,0.1,symmetric_const,82.76630225225665,-10,0,0
931,0.1,symmetric_const,84.86964437920142,-14,0,0
932,0.1,symmetric_const,63.450893640867776,-5,0,0
933,0.1,symmetric_const,65.83707848028666,3,0,0
934,0.1,symmetric_const,58.7504368284923,7,0,0
935,0.1,symmetric_const,82.23416888385088,6,0,0
936,0.1,symmetric_const,79.75271041807764,1,0,0
937,0.1,symmetric_const,59.59896496591659,7,0,0
938,0.1,symmetric_const,58.6965021786458,9,0,0
939,0.1,symmetric_const,67.47241318532383,-14,0,0
940,0.1,symmetric_const,68.16394612658172,-4,0,0
941,0.1,symmetric_const,75.75695601020158,3,0,0
942,0.1,symmetric_const,56.00709203344968,9,0,0
943,0.1,symmetric_const,73.573914096831,-2,0,0
944,0.1,symmetric_const,72.58396460316976,-4,0,0
945,0.1,symmetric_const,71.90262295856337,-11,0,0
946,0.1,symmetric_const,70.16182333051967,-4,0,0
947,0.1,symmetric_const,92.76107081522309,-11,0,0
948,0.1,symmetric_const,77.63917699448234,14,0,0
949,0.1,symmetric_const,78.46972691529032,4,0,0
950,0.1,symmetric_const,72.17527437438618,0,0,0
951,0.1,symmetric_const,70.78923032527985,7,0,0
952,0.1,symmetric_const,49.061871737892716,-17,0,0
953,0.1,symmetric_const,54.56951771118315,-6,0,0
954,0.1,symmetric_const,74.44820737083501,17,0,0
955,0.1,symmetric_const,64.37912156471833,4,0,0
956,0.1,symmetric_const,63.242368171542694,-13,0,0
957,0.1,symmetric_const,60.97722209505855,-5,0,0
958,0.1,symmetric_const,75.90616428640323,-4,0,0
959,0.1,symmetric_const,76.05777693929181,3,0,0
960,0.1,symmetric_const,47.416345736204335,-7,0,0
961,0.1,symmetric_const,57.81201760799081,-3,0,0
962,0.1,symmetric_const,81.91536973814539,8,0,0
963,0.1,symmetric_const,64.28144356167616,-9,0,0
964,0.1,symmetric_const,67.17399663292053,-2,0,0
965,0.1,symmetric_const,82.65064603259873,7,0,0
966,0.1,symmetric_const,65.9707129165597,-16,0,0
967,0.1,symmetric_const,45.84273260097825,-13,0,0
968,0.1,symmetric_const,25.75311309531503,14,0,0
969,0.1,symmetric_const,61.86170666571326,5,0,0
970,0.1,symmetric_const,74.99591457916847,-5,0,0
971,0.1,symmetric_const,77.42584277178207,6,0,0
972,0.1,symmetric_const,67.86312519749168,0,0,0
973,0.1,symmetric_const,84.15234630136263,-9,0,0
974,0.1,symmetric_const,67.88889033407145,-3,0,0
975,0.1,symmetric_const,75.52564357088636,5,0,0
976,0.1,symmetric_const,67.0942968464941,-1,0,0
977,0.1,symmetric_const,77.62898569783124,11,0,0
978,0.1,symmetric_const,69.89695883466038,12,0,0
979,0.1,symmetric_const,64.91663747640035,-5,0,0
980,0.1,symmetric_const,55.628975694620294,8,0,0
981,0.1,symmetric_const,70.62742637574001,7,0,0
982,0.1,symmetric_const,65.99647805314004,3,0,0
983,0.1,symmetric_const,75.35067015810512,7,0,0
984,0.1,symmetric_const,58.75822374845643,-6,0,0
985,0.1,symmetric_const,64.64639043726447,-8,0,0
986,0.1,symmetric_const,69.40856881945092,-13,0,0
987,0.1,symmetric_const,38.817812518994515,-12,0,0
988,0.1,symmetric_const,67.26927025927523,3,0,0
989,0.1,symmetric_const,64.86751157992819,7,0,0
990,0.1,symmetric_const,53.24279085520129,4,0,0
991,0.1,symmetric_const,71.02832968455915,0,0,0
992,0.1,symmetric_const,75.64908671050841,-3,0,0
993,0.1,symmetric_const,58.81215839830338,2,0,0
994,0.1,symmetric_const,56.89157660410456,7,0,0
995,0.1,symmetric_const,64.41507799794954,-14,0,0
996,0.1,symmetric_const,74.19891671490336,-15,0,0
997,0.1,symmetric_const,73.74110058964789,3,0,0
998,0.1,symmetric_const,98.92967583981954,-27,0,0
999,0.1,symmetric_const,76.11709413241535,0,0,0
0,0.5,inventory_const,24.152075705236882,-1,38,27
1,0.5,inventory_const,24.78854458378521,-1,40,36
2,0.5,inventory_const,21.321517176459082,0,40,31
3,0.5,inventory_const,24.695274921134057,-2,39,30
4,0.5,inventory_const,25.428137574023822,0,41,33
5,0.5,inventory_const,25.35440612561908,1,52,42
6,0.5,inventory_const,24.279050907822167,-1,47,38
7,0.5,inventory_const,26.42470746524981,0,48,37
8,0.5,inventory_const,24.346821887917258,2,51,42
9,0.5,inventory_const,24.734958298541727,-1,46,36
10,0.5,inventory_const,22.204852628410862,-1,44,37
11,0.5,inventory_const,30.102170749859027,1,53,42
12,0.5,inventory_const,23.26082411002895,-2,39,32
13,0.5,inventory_const,35.15027659455967,2,53,42
14,0.5,inventory_const,23.04745979055548,-2,44,34
15,0.5,inventory_const,27.161864752775273,0,49,43
16,0.5,inventory_const,29.579900150721926,3,48,38
17,0.5,inventory_const,28.45615938741078,0,43,34
18,0.5,inventory_const,29.311251060205336,3,45,33
19,0.5,inventory_const,18.110216773314434,0,45,37
20,0.5,inventory_const,26.29593742164066,0,44,35
21,0.5,inventory_const,21.285008804880533,1,49,40
22,0.5,inventory_const,23.153822998973055,0,47,38
23,0.5,inventory_const,18.657273048162182,-2,48,39
24,0.5,inventory_const,21.022568444714125,4,43,37
25,0.5,inventory_const,16.31236176190562,0,39,34
26,0.5,inventory_const,23.744903134749677,-1,42,36
27,0.5,inventory_const,22.992029856351337,3,42,36
28,0.5,inventory_const,18.35458185470395,0,46,37
29,0.5,inventory_const,24.16022143076765,-2,47,36
30,0.5,inventory_const,29.405094534596188,1,44,36
31,0.5,inventory_const,26.746901261777737,-1,46,35
32,0.5,inventory_const,27.884038608888034,1,43,32
33,0.5,inventory_const,23.598137574023852,0,44,36
34,0.5,inventory_const,17.459538989846067,-2,44,38
35,0.5,inventory_const,26.96167335292867,-2,46,35
36,0.5,inventory_const,35.51391338614201,2,49,37
37,0.5,inventory_const,17.355747720196177,3,43,33
38,0.5,inventory_const,38.743139247449335,0,51,40
39,0.5,inventory_const,30.018348914285383,-2,55,45
40,0.5,inventory_const,18.43524435521043,0,44,37
41,0.5,inventory_const,29.517057438247377,-3,44,36
42,0.5,inventory_const,17.973752552219324,0,47,38
43,0.5,inventory_const,25.548122291061986,-2,47,37
44,0.5,inventory_const,18.74312527508978,0,50,36
45,0.5,inventory_const,28.387957187485895,-1,49,40
46,0.5,inventory_const,25.790267279653264,0,41,31
47,0.5,inventory_const,17.548729627776538,2,48,38
48,0.5,inventory_const,27.1857065287639,1,54,44
49,0.5,inventory_const,23.72016626697564,-4,41,33
50,0.5,inventory_const,37.466870695854084,-3,45,32
51,0.5,inventory_const,24.31917186091482,1,53,37
52,0.5,inventory_const,28.78235113639704,0,41,32
53,0.5,inventory_const,26.976293925063217,1,44,35
54,0.5,inventory_const,21.184907792202807,-3,53,40
55,0.5,inventory_const,27.095600858633034,1,44,37
56,0.5,inventory_const,21.859996505946313,1,46,36
57,0.5,inventory_const,23.853391391343507,-3,34,26
58,0.5,inventory_const,21.092702982366433,1,47,35
59,0.5,inventory_const,20.688152856985752,0,44,36
60,0.5,inventory_const,26.265143342532838,-4,46,36
61,0.5,inventory_const,23.5127734291203,-1,47,35
62,0.5,inventory_const,20.8085751497091,3,44,35
63,0.5,inventory_const,20.513295036119132,3,47,35
64,0.5,inventory_const,26.21814223147696,0,52,40
65,0.5,inventory_const,19.74527957858743,2,50,41
66,0.5,inventory_const,27.454159561980674,-1,45,31
67,0.5,inventory_const,11.612432208659527,-2,52,43
68,0.5,inventory_const,19.93011110318362,0,44,35
69,0.5,inventory_const,22.37414427901878,1,42,36
70,0.5,inventory_const,24.510643723490944,-5,53,40
71,0.5,inventory_const,18.867017557417228,-1,40,35
72,0.5,inventory_const,27.11304420282727,2,45,36
73,0.5,inventory_const,22.307781070601266,-1,46,35
74,0.5,inventory_const,25.921743799682616,0,48,36
75,0.5,inventory_const,22.565737094687577,-1,47,38
76,0.5,inventory_const,19.22991543368383,-1,47,41
77,0.5,inventory_const,25.56268769940459,3,39,34
78,0.5,inventory_const,23.610368292330776,2,43,31
79,0.5,inventory_const,18.111136462968076,0,49,43
80,0.5,inventory_const,29.852692356857844,1,45,36
81,0.5,inventory_const,21.124581854704104,2,45,37
82,0.5,inventory_const,29.306665711447693,0,46,34
83,0.5,inventory_const,21.852778086573522,1,50,41
84,0.5,inventory_const,24.708142231477098,-2,53,40
85,0.5,inventory_const,17.251046075799124,0,45,38
86,0.5,inventory_const,20.286460727041515,3,47,39
87,0.5,inventory_const,13.7452396977572,2,50,36
88,0.5,inventory_const,20.18216609240578,1,49,39
89,0.5,inventory_const,28.989292814007456,-1,48,39
90,0.5,inventory_const,26.357609611169835,1,44,33
91,0.5,inventory_const,21.485560977802976,-1,42,33
92,0.5,inventory_const,25.20591748122554,0,44,36
93,0.5,inventory_const,24.553842939388176,0,46,35
94,0.5,inventory_const,25.433521659342546,-1,47,39
95,0.5,inventory_const,27.44304420282731,2,45,36
96,0.5,inventory_const,36.34412006895042,2,51,41
97,0.5,inventory_const,25.871959409597537,-3,45,35
98,0.5,inventory_const,19.0154951885023,1,48,39
99,0.5,inventory_const,29.034692182287984,2,48,39
100,0.5,inventory_const,14.538011963477985,0,38,32
101,0.5,inventory_const,31.898227961192745,0,55,42
102,0.5,inventory_const,22.207514954347516,2,50,40
103,0.5,inventory_const,24.638122291062032,0,49,40
104,0.5,inventory_const,30.353521659342462,1,44,33
105,0.5,inventory_const,23.920744736168473,-1,44,40
106,0.5,inventory_const,28.757585401101437,6,47,39
107,0.5,inventory_const,19.026645771032662,0,46,37
108,0.5,inventory_const,23.624073832264955,1,43,34
109,0.5,inventory_const,29.550291877521502,0,54,42
110,0.5,inventory_const,27.706108881072055,2,46,32
111,0.5,inventory_const,17.12135207288304,-1,48,39
112,0.5,inventory_const,28.355530411879272,-3,35,31
113,0.5,inventory_const,24.5142100683195,1,47,35
114,0.5,inventory_const,23.08375255221921,0,43,31
115,0.5,inventory_const,22.390251996691347,0,46,35
116,0.5,inventory_const,26.629915433683777,-1,41,35
117,0.5,inventory_const,26.512085020143388,-3,46,40
118,0.5,inventory_const,18.470859333405826,-2,44,35
119,0.5,inventory_const,19.768489419993273,-1,43,34
120,0.5,inventory_const,30.513807716011257,2,41,31
121,0.5,inventory_const,32.66878013411525,2,37,30
122,0.5,inventory_const,20.173129932542906,2,45,37
123,0.5,inventory_const,14.237745847224318,1,49,41
124,0.5,inventory_const,22.492652476027615,-1,43,34
125,0.5,inventory_const,25.881693293343773,-2,44,36
126,0.5,inventory_const,22.075545694841082,-1,39,33
127,0.5,inventory_const,27.05639493774089,3,45,34
128,0.5,inventory_const,25.739589496184905,0,37,27
129,0.5,inventory_const,26.37160756362806,2,46,36
130,0.5,inventory_const,29.572009915936235,-3,37,28
131,0.5,inventory_const,25.212009915936264,1,41,32
132,0.5,inventory_const,27.274179502395725,-3,42,35
133,0.5,inventory_const,29.093266168597438,4,40,36
134,0.5,inventory_const,24.835737094687516,1,45,39
135,0.5,inventory_const,22.214566571742182,-2,48,38
136,0.5,inventory_const,33.00312993254295,2,38,30
137,0.5,inventory_const,21.472285347096317,-6,49,42
138,0.5,inventory_const,29.15243686611268,-2,42,34
139,0.5,inventory_const,33.00282859291234,1,41,32
140,0.5,inventory_const,22.929880210306862,-3,46,39
141,0.5,inventory_const,21.479895493268828,3,47,39
142,0.5,inventory_const,25.809030967407168,-1,46,33
143,0.5,inventory_const,23.077565460686287,-2,51,39
144,0.5,inventory_const,17.57126168571409,-3,40,33
145,0.5,inventory_const,22.53560085863313,-3,50,40
146,0.5,inventory_const,19.636766724125323,-2,52,40
147,0.5,inventory_const,23.788965178106494,-1,44,35
148,0.5,inventory_const,19.611759082644426,-2,46,38
149,0.5,inventory_const,15.004918417711522,1,42,33
150,0.5,inventory_const,16.477495013932412,2,51,41
151,0.5,inventory_const,30.688509360408375,-1,42,31
152,0.5,inventory_const,23.671010852422214,0,45,34
153,0.5,inventory_const,16.28136735584482,1,45,39
154,0.5,inventory_const,26.218709687361297,2,34,32
155,0.5,inventory_const,27.222788712082263,-5,39,34
156,0.5,inventory_const,30.14450078244137,0,42,32
157,0.5,inventory_const,29.353129932542913,0,38,30
158,0.5,inventory_const,26.136007868394444,-2,46,38
159,0.5,inventory_const,21.126852453841025,2,48,38
160,0.5,inventory_const,18.797589670754732,-1,41,35
161,0.5,inventory_const,36.22147302597567,1,38,27
162,0.5,inventory_const,33.652234840757615,4,45,34
163,0.5,inventory_const,30.154621735534093,0,41,34
164,0.5,inventory_const,34.987785728054405,-1,39,31
165,0.5,inventory_const,35.984144279018835,1,41,29
166,0.5,inventory_const,28.566007868394493,0,42,34
167,0.5,inventory_const,26.615279578587348,0,52,39
168,0.5,inventory_const,25.997972470447735,-3,48,38
169,0.5,inventory_const,35.489156577953,3,40,34
170,0.5,inventory_const,22.11780101101631,1,48,39
171,0.5,inventory_const,26.797288331124093,2,41,29
172,0.5,inventory_const,23.22012211649212,-3,49,41
173,0.5,inventory_const,24.723772492634453,-2,46,37
174,0.5,inventory_const,24.68230063005828,0,45,36
175,0.5,inventory_const,17.128870521284227,2,56,45
176,0.5,inventory_const,21.254551288780235,0,49,38
177,0.5,inventory_const,18.370502829983252,-1,42,36
178,0.5,inventory_const,23.33745979055557,0,45,35
179,0.5,inventory_const,20.91847413703141,1,46,36
180,0.5,inventory_const,23.89886586383105,2,43,34
181,0.5,inventory_const,19.973094709165977,0,51,39
182,0.5,inventory_const,22.249558930261117,2,46,38
183,0.5,inventory_const,37.859356904906065,-2,40,30
184,0.5,inventory_const,15.461076641722798,-4,41,35
185,0.5,inventory_const,16.399519049430992,0,44,33
186,0.5,inventory_const,34.9499506570607,1,44,30
187,0.5,inventory_const,21.549167203461707,-3,44,33
188,0.5,inventory_const,20.84703749783216,-1,46,38
189,0.5,inventory_const,25.90220131578269,3,46,37
190,0.5,inventory_const,27.794958298541715,-1,41,32
191,0.5,inventory_const,29.209187143876704,3,38,31
192,0.5,inventory_const,21.336896604324522,-3,46,34
193,0.5,inventory_const,19.786579981732075,2,44,37
194,0.5,inventory_const,24.138764851153354,-2,45,37
195,0.5,inventory_const,27.006544758355048,0,43,34
196,0.5,inventory_const,25.15432039590354,-5,55,45
197,0.5,inventory_const,25.739151920499808,-1,42,35
198,0.5,inventory_const,19.86387350531193,0,47,41
199,0.5,inventory_const,24.614496124988193,2,45,33
200,0.5,inventory_const,16.838575149709044,-1,43,38
201,0.5,inventory_const,32.457107944586156,1,43,35
202,0.5,inventory_const,31.274978238956734,1,48,39
203,0.5,inventory_const,32.18213552648206,-1,50,36
204,0.5,inventory_const,34.208971533961744,0,42,36
205,0.5,inventory_const,27.690021103814615,-3,48,40
206,0.5,inventory_const,23.8992223672536,1,49,40
207,0.5,inventory_const,21.464109055641913,1,47,38
208,0.5,inventory_const,26.779538989846202,2,42,33
209,0.5,inventory_const,24.165616141594853,-3,47,36
210,0.5,inventory_const,26.973451212588657,-1,46,37
211,0.5,inventory_const,33.804606452572244,-2,42,34
212,0.5,inventory_const,22.25596798756439,2,40,33
213,0.5,inventory_const,25.922874441797887,5,43,35
214,0.5,inventory_const,17.951708576305606,0,48,39
215,0.5,inventory_const,29.315651364971814,1,44,34
216,0.5,inventory_const,22.02415956198064,-1,43,36
217,0.5,inventory_const,20.06351700188928,1,48,37
218,0.5,inventory_const,24.023622672020053,1,47,40
219,0.5,inventory_const,22.215737094687597,-1,47,39
220,0.5,inventory_const,21.373281451559208,0,48,38
221,0.5,inventory_const,21.231743799682533,-2,45,38
222,0.5,inventory_const,29.1193785437232,-1,53,42
223,0.5,inventory_const,17.309202426838596,-1,49,38
224,0.5,inventory_const,29.326038434318136,0,39,32
225,0.5,inventory_const,26.04355222526617,-1,46,33
226,0.5,inventory_const,24.34463701849603,0,46,36
227,0.5,inventory_const,23.96277342912032,-1,44,35
228,0.5,inventory_const,26.402938532696453,2,39,30
229,0.5,inventory_const,22.204109055641936,3,44,36
230,0.5,inventory_const,25.084194785357525,1,44,36
231,0.5,inventory_const,25.675545694841077,-1,41,28
232,0.5,inventory_const,26.592828592912298,1,48,40
233,0.5,inventory_const,30.6028239354591,-1,38,33
234,0.5,inventory_const,36.12719833175504,3,51,39
235,0.5,inventory_const,23.061336789921114,1,46,37
236,0.5,inventory_const,13.930925122706583,0,45,37
237,0.5,inventory_const,31.97620819534751,-1,40,30
238,0.5,inventory_const,19.679468543092227,0,43,33
239,0.5,inventory_const,22.621759082644402,0,46,36
240,0.5,inventory_const,23.779257590630493,1,48,39
241,0.5,inventory_const,29.45671621778648,0,45,31
242,0.5,inventory_const,17.610095820221773,-2,40,34
243,0.5,inventory_const,22.6023664193589,-2,46,37
244,0.5,inventory_const,22.319252933177324,-1,42,35
245,0.5,inventory_const,31.691030792837296,2,40,33
246,0.5,inventory_const,21.204771556148415,1,50,41
247,0.5,inventory_const,15.540574975139236,-4,49,41
248,0.5,inventory_const,27.19471173490321,1,36,28
249,0.5,inventory_const,25.440221430767735,2,49,40
250,0.5,inventory_const,28.061678010381854,0,51,39
251,0.5,inventory_const,33.55975033010782,2,47,39
252,0.5,inventory_const,23.342843875874152,1,44,39
253,0.5,inventory_const,21.613908728688898,-4,46,38
254,0.5,inventory_const,33.05490779220291,1,42,34
255,0.5,inventory_const,22.36456657174216,-2,46,35
256,0.5,inventory_const,22.01930809696927,-1,53,43
257,0.5,inventory_const,34.24883529790735,0,49,37
258,0.5,inventory_const,30.113114649581007,-2,43,38
259,0.5,inventory_const,13.484898477296497,-1,43,34
260,0.5,inventory_const,25.7988306404541,0,44,36
261,0.5,inventory_const,22.074194785357577,-1,49,36
262,0.5,inventory_const,20.31492307516467,-1,46,38
263,0.5,inventory_const,15.992126211575723,-1,46,36
264,0.5,inventory_const,17.61702221487036,-3,53,41
265,0.5,inventory_const,22.210166266975648,-2,51,36
266,0.5,inventory_const,21.495310144511137,-2,44,32
267,0.5,inventory_const,20.788132916570703,2,39,34
268,0.5,inventory_const,30.48090983974464,-4,38,28
269,0.5,inventory_const,25.16261725265072,-1,37,32
270,0.5,inventory_const,15.473140558051568,0,46,38
271,0.5,inventory_const,23.860337726407053,0,43,36
272,0.5,inventory_const,17.91443033568764,0,48,39
273,0.5,inventory_const,23.747981397554327,2,44,36
274,0.5,inventory_const,25.46297375607338,2,42,35
275,0.5,inventory_const,32.17247208948967,-2,43,34
276,0.5,inventory_const,29.156313865478396,-1,45,38
277,0.5,inventory_const,16.52715379347157,-1,47,38
278,0.5,inventory_const,25.950628440529172,1,49,39
279,0.5,inventory_const,20.829136637537943,-1,47,39
280,0.5,inventory_const,17.87500880488048,1,48,41
281,0.5,inventory_const,25.299523706884173,-2,44,36
282,0.5,inventory_const,18.79020149035256,2,45,38
283,0.5,inventory_const,31.46715845092487,1,48,37
284,0.5,inventory_const,25.264465559064604,-4,44,35
285,0.5,inventory_const,20.304817405033944,-1,44,34
286,0.5,inventory_const,23.345470978433752,-4,52,43
287,0.5,inventory_const,24.89632914844023,1,46,39
288,0.5,inventory_const,26.233838281934936,-4,45,35
289,0.5,inventory_const,17.803191064390376,4,39,31
290,0.5,inventory_const,19.326986991493413,-3,49,37
291,0.5,inventory_const,25.022823935459044,1,42,34
292,0.5,inventory_const,23.433873505311908,-2,47,37
293,0.5,inventory_const,14.937796353563058,1,46,39
294,0.5,inventory_const,29.04208502014336,-1,45,37
295,0.5,inventory_const,14.706797290049082,-2,48,39
296,0.5,inventory_const,32.99421938322587,-3,46,36
297,0.5,inventory_const,27.15243686611268,0,49,37
298,0.5,inventory_const,29.99746444800877,-2,44,38
299,0.5,inventory_const,26.271336789921065,3,52,38
300,0.5,inventory_const,18.680166266975633,0,47,38
301,0.5,inventory_const,29.646414878155923,-1,51,39
302,0.5,inventory_const,31.50485728586412,-1,39,31
303,0.5,inventory_const,20.410674289414672,1,43,34
304,0.5,inventory_const,17.675274921134246,-2,45,37
305,0.5,inventory_const,23.739116697122853,1,41,36
306,0.5,inventory_const,21.64310999212779,0,44,37
307,0.5,inventory_const,28.786551114210454,-1,47,37
308,0.5,inventory_const,22.26711391264149,-3,36,29
309,0.5,inventory_const,20.990553336321966,-3,42,34
310,0.5,inventory_const,32.365506201810774,0,46,37
311,0.5,inventory_const,19.440854675952636,0,43,32
312,0.5,inventory_const,29.63560085863304,-3,50,37
313,0.5,inventory_const,31.14380771601124,0,46,37
314,0.5,inventory_const,27.788107008100113,0,54,38
315,0.5,inventory_const,14.571296909090947,1,49,37
316,0.5,inventory_const,21.19842363069263,1,47,39
317,0.5,inventory_const,27.9684435711077,-1,40,36
318,0.5,inventory_const,28.71460179511905,0,45,34
319,0.5,inventory_const,21.76488785178782,3,48,38
320,0.5,inventory_const,41.627499671385664,2,40,30
321,0.5,inventory_const,24.624973581503525,3,42,35
322,0.5,inventory_const,16.093602731605003,1,46,39
323,0.5,inventory_const,14.309268216139131,1,47,36
324,0.5,inventory_const,17.508524643370265,1,46,38
325,0.5,inventory_const,30.702762803611677,3,48,41
326,0.5,inventory_const,24.02358109278788,0,38,29
327,0.5,inventory_const,28.612879099251145,1,45,36
328,0.5,inventory_const,36.7892223672536,1,44,31
329,0.5,inventory_const,27.626018493903103,2,35,30
330,0.5,inventory_const,20.763365482872956,1,44,37
331,0.5,inventory_const,17.465244355210444,0,50,43
332,0.5,inventory_const,10.263396048796665,-1,50,39
333,0.5,inventory_const,22.841622846589928,2,49,38
334,0.5,inventory_const,24.649343320346276,1,53,41
335,0.5,inventory_const,19.962702982366437,1,47,35
336,0.5,inventory_const,24.036661053994578,-2,34,27
337,0.5,inventory_const,28.490150984013823,0,43,34
338,0.5,inventory_const,33.211281626129136,-1,35,28
339,0.5,inventory_const,15.365108119155877,-2,50,41
340,0.5,inventory_const,20.448916370169727,0,44,37
341,0.5,inventory_const,14.278896429754752,2,51,38
342,0.5,inventory_const,30.49756546068639,0,48,35
343,0.5,inventory_const,23.269187143876707,-1,48,40
344,0.5,inventory_const,23.219237650215447,-1,44,38
345,0.5,inventory_const,20.135952704602516,2,47,37
346,0.5,inventory_const,18.687439850140493,2,42,36
347,0.5,inventory_const,29.529136637537874,1,49,36
348,0.5,inventory_const,30.981979350012352,-3,48,38
349,0.5,inventory_const,27.44565136497188,1,48,36
350,0.5,inventory_const,23.611321506959314,-1,50,43
351,0.5,inventory_const,24.52804718685492,0,39,32
352,0.5,inventory_const,27.454786839110227,1,41,33
353,0.5,inventory_const,19.325932764187428,2,44,34
354,0.5,inventory_const,30.160236713729446,0,41,31
355,0.5,inventory_const,25.13735877787795,0,43,35
356,0.5,inventory_const,30.30050748743649,1,42,33
357,0.5,inventory_const,25.359167203461652,1,41,32
358,0.5,inventory_const,16.676168314517426,-1,42,32
359,0.5,inventory_const,24.376751441163435,-2,47,39
360,0.5,inventory_const,19.34439511231068,2,46,36
361,0.5,inventory_const,23.955651364971914,-1,47,34
362,0.5,inventory_const,29.372115586067054,-1,43,39
363,0.5,inventory_const,26.255585575671248,-1,46,37
364,0.5,inventory_const,22.297292988577297,0,53,43
365,0.5,inventory_const,31.82982970396813,-1,40,31
366,0.5,inventory_const,25.854586512157198,2,45,37
367,0.5,inventory_const,31.74945791758354,0,42,33
368,0.5,inventory_const,26.990914497197892,0,45,37
369,0.5,inventory_const,24.817358777877928,0,43,37
370,0.5,inventory_const,20.955431097603793,0,46,37
371,0.5,inventory_const,31.502793369535297,1,42,35
372,0.5,inventory_const,17.727680057923692,-1,50,39
373,0.5,inventory_const,17.34698699149341,-1,48,39
374,0.5,inventory_const,28.5553148019643,2,44,34
375,0.5,inventory_const,21.808458854069585,1,48,39
376,0.5,inventory_const,22.48600786839451,0,48,38
377,0.5,inventory_const,25.98451606540334,2,42,31
378,0.5,inventory_const,24.34806712726993,-2,43,35
379,0.5,inventory_const,24.24306414324232,0,49,42
380,0.5,inventory_const,31.002657133480852,3,44,36
381,0.5,inventory_const,23.71224546626621,-2,41,35
382,0.5,inventory_const,18.588916370169727,0,51,39
383,0.5,inventory_const,37.16102016732867,-2,49,38
384,0.5,inventory_const,17.540557993775224,5,50,43
385,0.5,inventory_const,24.30094506312153,0,40,34
386,0.5,inventory_const,27.157495013932476,-4,46,34
387,0.5,inventory_const,23.46310999212787,2,41,33
388,0.5,inventory_const,23.486680994409625,2,45,38
389,0.5,inventory_const,26.13590219826372,-2,40,32
390,0.5,inventory_const,27.692808652497263,-1,41,34
391,0.5,inventory_const,15.324918417711515,-1,45,35
392,0.5,inventory_const,27.565737094687563,-1,46,36
393,0.5,inventory_const,22.26703749783229,3,44,35
394,0.5,inventory_const,30.603094709166015,-2,39,30
395,0.5,inventory_const,24.814832687995832,-1,41,33
396,0.5,inventory_const,19.920909839744525,-2,43,34
397,0.5,inventory_const,30.467394001254945,2,40,33
398,0.5,inventory_const,24.187444507593725,0,46,38
399,0.5,inventory_const,19.842889724759743,-3,47,33
400,0.5,inventory_const,23.01500880488048,1,49,39
401,0.5,inventory_const,31.171035450290475,2,42,35
402,0.5,inventory_const,24.403552225266225,-1,42,36
403,0.5,inventory_const,21.757730564262417,-1,44,37
404,0.5,inventory_const,20.895294861549274,0,46,38
405,0.5,inventory_const,25.3495635877145,-2,56,44
406,0.5,inventory_const,14.21561148414176,1,44,36
407,0.5,inventory_const,30.436148761902146,0,50,39
408,0.5,inventory_const,22.536786664540443,4,50,40
409,0.5,inventory_const,31.98594207909383,0,49,36
410,0.5,inventory_const,20.27886120637777,2,40,33
411,0.5,inventory_const,25.520729453206627,-1,45,36
412,0.5,inventory_const,22.693411331758483,-1,40,31
413,0.5,inventory_const,28.040392890199087,2,50,42
414,0.5,inventory_const,24.726736158201604,0,50,40
415,0.5,inventory_const,21.089965940022523,3,49,38
416,0.5,inventory_const,19.732502655413384,0,48,40
417,0.5,inventory_const,27.422828592912282,1,49,38
418,0.5,inventory_const,25.698458854069585,1,43,36
419,0.5,inventory_const,16.20979448059117,-1,48,39
420,0.5,inventory_const,24.85720895726368,1,49,37
421,0.5,inventory_const,16.532009915936214,-3,52,38
422,0.5,inventory_const,12.135897540810461,0,50,38
423,0.5,inventory_const,23.57138729625983,1,48,38
424,0.5,inventory_const,33.58740928421675,0,40,28
425,0.5,inventory_const,22.262788712082155,1,44,35
426,0.5,inventory_const,31.232371076812115,2,47,36
427,0.5,inventory_const,24.74037294978403,0,48,40
428,0.5,inventory_const,19.73942269420678,-2,56,42
429,0.5,inventory_const,22.082164394003712,-2,47,40
430,0.5,inventory_const,32.08878479156846,-2,51,37
431,0.5,inventory_const,24.239860269891807,1,45,34
432,0.5,inventory_const,28.99910141416092,-3,45,34
433,0.5,inventory_const,20.498423630692585,1,48,38
434,0.5,inventory_const,32.25966460039194,4,41,35
435,0.5,inventory_const,19.523803058558087,-6,45,39
436,0.5,inventory_const,24.11656469877019,0,46,39
437,0.5,inventory_const,21.719101414160903,-1,44,37
438,0.5,inventory_const,25.974637018495997,-2,44,35
439,0.5,inventory_const,17.71848941999332,-3,48,38
440,0.5,inventory_const,19.87745979055552,0,45,37
441,0.5,inventory_const,37.07529951900237,0,46,36
442,0.5,inventory_const,25.58421006831952,-5,42,31
443,0.5,inventory_const,17.514953641088482,1,48,37
444,0.5,inventory_const,22.51675144116348,-4,49,40
445,0.5,inventory_const,32.637770445092514,-1,45,39
446,0.5,inventory_const,17.13715379347184,-3,50,38
447,0.5,inventory_const,24.713959235027573,0,44,37
448,0.5,inventory_const,24.92282393545912,-1,41,33
449,0.5,inventory_const,20.888885804246115,0,51,42
450,0.5,inventory_const,25.218749568191527,-2,53,41
451,0.5,inventory_const,26.172773429120298,-1,44,39
452,0.5,inventory_const,22.772130869028885,1,42,36
453,0.5,inventory_const,23.41359210609633,1,50,42
454,0.5,inventory_const,33.39143780259863,1,42,34
455,0.5,inventory_const,20.97776113018618,1,42,36
456,0.5,inventory_const,33.87708800417096,-1,37,28
457,0.5,inventory_const,21.789860269891804,1,50,36
458,0.5,inventory_const,28.102271762536574,1,44,37
459,0.5,inventory_const,18.215932764187414,2,44,36
460,0.5,inventory_const,21.340674289414636,-1,49,36
461,0.5,inventory_const,29.302722922781584,5,46,32
462,0.5,inventory_const,29.65538524871812,2,45,37
463,0.5,inventory_const,34.98434926342502,0,42,33
464,0.5,inventory_const,31.602557819205288,-2,44,35
465,0.5,inventory_const,25.84451606540341,2,44,34
466,0.5,inventory_const,18.403230945220585,0,48,39
467,0.5,inventory_const,35.26045698109766,-5,45,32
468,0.5,inventory_const,20.431888962843587,1,39,33
469,0.5,inventory_const,34.340597874605294,3,47,38
470,0.5,inventory_const,29.14626335913951,-1,51,39
471,0.5,inventory_const,30.532637193065852,3,43,35
472,0.5,inventory_const,26.664014398819532,0,47,38
473,0.5,inventory_const,23.420201490352582,2,48,37
474,0.5,inventory_const,31.614601795119,-2,40,34
475,0.5,inventory_const,22.976665711447737,0,44,33
476,0.5,inventory_const,29.852100303105175,1,45,36
477,0.5,inventory_const,29.586670368900954,0,51,39
478,0.5,inventory_const,33.63682654537048,0,49,38
479,0.5,inventory_const,23.43519384887162,4,46,36
480,0.5,inventory_const,27.979930716645697,-3,46,37
481,0.5,inventory_const,15.060603842660726,-3,44,34
482,0.5,inventory_const,29.87192884367377,-1,47,35
483,0.5,inventory_const,18.691959409597445,-1,48,38
484,0.5,inventory_const,23.94641022070273,-1,45,34
485,0.5,inventory_const,28.56993537409886,3,51,40
486,0.5,inventory_const,20.244230008734533,-1,48,38
487,0.5,inventory_const,17.534702807796634,6,47,40
488,0.5,inventory_const,31.213928669103893,2,44,35
489,0.5,inventory_const,27.25908613119914,1,46,36
490,0.5,inventory_const,23.53001644636136,1,48,38
491,0.5,inventory_const,20.684923075164733,-1,49,38
492,0.5,inventory_const,29.498700760254877,-1,47,38
493,0.5,inventory_const,25.620181549937513,2,38,28
494,0.5,inventory_const,29.54562079904821,-1,51,39
495,0.5,inventory_const,20.496445444079725,-1,50,39
496,0.5,inventory_const,20.13810235064699,-2,47,37
497,0.5,inventory_const,24.46671621778657,0,44,35
498,0.5,inventory_const,23.62300897945022,2,43,35
499,0.5,inventory_const,17.10911669712287,-1,50,39
500,0.5,inventory_const,26.477158450924946,-1,47,35
501,0.5,inventory_const,20.63108129917606,2,46,37
502,0.5,inventory_const,24.00336082541972,1,43,33
503,0.5,inventory_const,23.36610888107208,2,46,38
504,0.5,inventory_const,31.152456806527795,2,44,36
505,0.5,inventory_const,19.61055333632197,1,47,33
506,0.5,inventory_const,12.8269318277014,1,45,39
507,0.5,inventory_const,23.362803995043976,-1,38,32
508,0.5,inventory_const,25.053235602673638,0,48,40
509,0.5,inventory_const,30.71096500353667,0,45,36
510,0.5,inventory_const,30.037871457770123,1,46,37
511,0.5,inventory_const,26.172416925697675,0,41,32
512,0.5,inventory_const,9.337624894131693,-3,49,41
513,0.5,inventory_const,20.893752552219212,-2,43,36
514,0.5,inventory_const,27.63998588043752,-1,51,39
515,0.5,inventory_const,34.69545569547198,0,43,35
516,0.5,inventory_const,23.828188080362636,0,45,36
517,0.5,inventory_const,20.307644834546664,-1,43,37
518,0.5,inventory_const,21.795686588348786,-1,49,39
519,0.5,inventory_const,23.51954830475252,0,55,44
520,0.5,inventory_const,32.59188469319031,2,51,39
521,0.5,inventory_const,16.829609436599952,0,48,39
522,0.5,inventory_const,24.782080362690095,1,46,37
523,0.5,inventory_const,22.636159387410885,2,49,38
524,0.5,inventory_const,15.045103461702752,0,47,38
525,0.5,inventory_const,18.43222552585121,-2,41,34
526,0.5,inventory_const,28.695853390326988,5,40,30
527,0.5,inventory_const,24.669629377015,0,51,39
528,0.5,inventory_const,26.7546217355341,4,46,38
529,0.5,inventory_const,16.189864927345013,-3,56,44
530,0.5,inventory_const,23.247374060839874,0,43,33
531,0.5,inventory_const,21.24375255221929,-2,43,35
532,0.5,inventory_const,25.706579981732062,-2,42,33
533,0.5,inventory_const,28.074953641088484,-3,38,31
534,0.5,inventory_const,17.67888114679289,2,49,40
535,0.5,inventory_const,31.10404326634125,-3,42,35
536,0.5,inventory_const,30.237006931908596,1,41,35
537,0.5,inventory_const,34.5709297801596,0,44,29
538,0.5,inventory_const,36.13494301557981,1,38,30
539,0.5,inventory_const,27.998463511522687,-3,47,38
540,0.5,inventory_const,18.818082410231852,2,44,34
541,0.5,inventory_const,23.01344655513543,3,42,32
542,0.5,inventory_const,20.15742456717868,2,42,36
543,0.5,inventory_const,21.67788208327886,7,41,35
544,0.5,inventory_const,24.774265232111432,-1,50,41
545,0.5,inventory_const,21.095224414795396,0,41,34
546,0.5,inventory_const,25.764430335687592,0,47,35
547,0.5,inventory_const,24.26597264501767,0,51,43
548,0.5,inventory_const,24.831673352928632,0,49,38
549,0.5,inventory_const,19.747017557417124,1,43,33
550,0.5,inventory_const,14.390131043598728,-4,48,40
551,0.5,inventory_const,25.619488483507382,-2,43,31
552,0.5,inventory_const,26.36738934380162,2,37,30
553,0.5,inventory_const,21.711638129551744,2,42,33
554,0.5,inventory_const,25.904434993140853,2,50,40
555,0.5,inventory_const,28.123431272173576,-1,40,33
556,0.5,inventory_const,26.53625870168632,1,46,36
557,0.5,inventory_const,12.67903732326235,-2,57,45
558,0.5,inventory_const,15.174174844942613,-1,42,35
559,0.5,inventory_const,27.487017557417175,-3,39,30
560,0.5,inventory_const,26.0070374978323,-1,48,39
561,0.5,inventory_const,24.674722748211664,0,51,41
562,0.5,inventory_const,22.64813757402385,2,48,37
563,0.5,inventory_const,20.600267279653195,0,43,34
564,0.5,inventory_const,20.96495364108837,-1,41,31
565,0.5,inventory_const,21.74465230145779,-2,46,35
566,0.5,inventory_const,17.96920242683848,-3,47,37
567,0.5,inventory_const,26.531774365606296,0,39,30
568,0.5,inventory_const,27.517871457770156,-1,48,41
569,0.5,inventory_const,33.34096500353661,2,42,32
570,0.5,inventory_const,19.566661053994494,-2,41,33
571,0.5,inventory_const,21.39914726304653,3,45,33
572,0.5,inventory_const,22.908764851153393,2,47,38
573,0.5,inventory_const,22.672452149074644,0,47,37
574,0.5,inventory_const,24.612793369535325,3,49,41
575,0.5,inventory_const,23.45529486154925,2,44,38
576,0.5,inventory_const,31.129647619028106,3,49,39
577,0.5,inventory_const,21.72330139197433,2,51,41
578,0.5,inventory_const,27.369609436599944,-2,44,33
579,0.5,inventory_const,24.887836234393248,1,45,40
580,0.5,inventory_const,30.57717839133994,1,49,40
581,0.5,inventory_const,28.749453260130338,2,32,26
582,0.5,inventory_const,25.71169329334373,-2,47,36
583,0.5,inventory_const,20.526986991493516,1,47,38
584,0.5,inventory_const,23.02130156654418,-1,43,34
585,0.5,inventory_const,19.558172797400772,-2,48,41
586,0.5,inventory_const,37.22696108302287,-1,47,35
587,0.5,inventory_const,10.389162546008492,3,45,39
588,0.5,inventory_const,25.489759257214246,1,46,36
589,0.5,inventory_const,22.520322443445252,2,49,43
590,0.5,inventory_const,21.289393826685,3,53,43
591,0.5,inventory_const,24.358936310584795,-4,46,36
592,0.5,inventory_const,16.592718265328244,-1,45,38
593,0.5,inventory_const,24.57773056426244,1,43,36
594,0.5,inventory_const,20.126801947502273,0,50,40
595,0.5,inventory_const,13.887303614085965,-2,43,37
596,0.5,inventory_const,20.441211179375244,-1,43,29
597,0.5,inventory_const,23.12842363069258,1,42,36
598,0.5,inventory_const,21.78500880488042,1,53,41
599,0.5,inventory_const,30.337409284216648,0,41,30
600,0.5,inventory_const,24.41852464337019,-1,43,34
601,0.5,inventory_const,25.932456806527824,-2,48,41
602,0.5,inventory_const,37.14457122919539,0,43,32
603,0.5,inventory_const,20.722150809443974,-3,54,42
604,0.5,inventory_const,24.382025198898177,1,41,34
605,0.5,inventory_const,25.19670093482472,-2,49,39
606,0.5,inventory_const,21.081703918852384,4,41,33
607,0.5,inventory_const,27.08064372349095,1,50,38
608,0.5,inventory_const,30.570166266975733,0,46,34
609,0.5,inventory_const,24.568373124353855,-1,41,35
610,0.5,inventory_const,25.960694229829727,1,48,39
611,0.5,inventory_const,26.22927287359238,-1,44,35
612,0.5,inventory_const,22.24738934380167,2,40,34
613,0.5,inventory_const,18.970247339238142,2,39,33
614,0.5,inventory_const,23.923521659342484,-1,52,39
615,0.5,inventory_const,25.082557819205377,0,49,40
616,0.5,inventory_const,25.120929780159713,2,45,35
617,0.5,inventory_const,30.13484200290219,-5,45,38
618,0.5,inventory_const,24.40800133796931,0,48,36
619,0.5,inventory_const,31.264300455488353,-1,42,34
620,0.5,inventory_const,23.064265232111467,1,45,39
621,0.5,inventory_const,21.606615205108966,2,52,40
622,0.5,inventory_const,31.857856174808177,1,47,37
623,0.5,inventory_const,18.812280689643273,2,47,36
624,0.5,inventory_const,21.44030250303024,2,43,37
625,0.5,inventory_const,26.959136637537952,1,41,32
626,0.5,inventory_const,15.436579981731995,0,51,42
627,0.5,inventory_const,24.484480842026343,0,45,34
628,0.5,inventory_const,25.402366419358827,2,47,35
629,0.5,inventory_const,20.952516239973193,-3,44,36
630,0.5,inventory_const,22.83312993254289,0,49,42
631,0.5,inventory_const,20.471789648568105,0,43,35
632,0.5,inventory_const,20.66385356489684,-2,41,34
633,0.5,inventory_const,23.649809763553037,3,41,32
634,0.5,inventory_const,18.627052780794116,1,46,38
635,0.5,inventory_const,31.000784616998615,-1,50,40
636,0.5,inventory_const,23.151316849506003,1,45,35
637,0.5,inventory_const,14.30699761700214,3,43,35
638,0.5,inventory_const,17.153411331758477,1,45,36
639,0.5,inventory_const,28.688458854069665,1,40,30
640,0.5,inventory_const,34.84391338614208,2,47,37
641,0.5,inventory_const,26.464249949149604,-1,48,39
642,0.5,inventory_const,23.96327509570409,3,40,31
643,0.5,inventory_const,17.47553041187922,-1,47,37
644,0.5,inventory_const,26.246821887917292,-2,47,38
645,0.5,inventory_const,23.43596798756431,0,37,32
646,0.5,inventory_const,22.353466495550478,1,50,36
647,0.5,inventory_const,21.47686603840083,3,50,38
648,0.5,inventory_const,15.747715281300543,-3,49,42
649,0.5,inventory_const,21.159926059192458,-1,40,32
650,0.5,inventory_const,37.21277808657351,1,45,34
651,0.5,inventory_const,19.365651364971853,-1,47,42
652,0.5,inventory_const,19.90700227445535,1,47,38
653,0.5,inventory_const,26.229171860914846,-1,47,38
654,0.5,inventory_const,22.610824110028943,2,41,35
655,0.5,inventory_const,25.777801011016322,-1,46,38
656,0.5,inventory_const,19.61982504651479,1,44,32
657,0.5,inventory_const,21.582186032820843,1,55,43
658,0.5,inventory_const,24.448263184569726,4,56,42
659,0.5,inventory_const,25.986901261777774,1,44,34
660,0.5,inventory_const,13.905525754425994,-1,49,38
661,0.5,inventory_const,29.049171860914782,1,43,35
662,0.5,inventory_const,16.31495829854167,-1,54,41
663,0.5,inventory_const,19.99534536788798,2,51,39
664,0.5,inventory_const,20.289624719561857,2,44,35
665,0.5,inventory_const,20.26505931121926,-1,46,36
666,0.5,inventory_const,29.639935374098854,-3,46,34
667,0.5,inventory_const,23.277002274455356,1,48,35
668,0.5,inventory_const,22.731286283582335,-3,50,39
669,0.5,inventory_const,25.42430045548838,-1,48,40
670,0.5,inventory_const,22.792637193065772,-1,45,37
671,0.5,inventory_const,30.769412068698045,-2,51,39
672,0.5,inventory_const,23.040603842660744,-1,40,30
673,0.5,inventory_const,17.776124164033888,-4,49,37
674,0.5,inventory_const,29.662135526482132,-1,46,37
675,0.5,inventory_const,21.927182660993296,0,36,29
676,0.5,inventory_const,22.957343494916074,4,46,38
677,0.5,inventory_const,28.73237107681203,2,45,36
678,0.5,inventory_const,20.4501463265606,2,42,31
679,0.5,inventory_const,21.449151920499702,1,45,37
680,0.5,inventory_const,18.13893165313162,0,48,37
681,0.5,inventory_const,24.864943015579854,-3,47,38
682,0.5,inventory_const,16.86900209988545,0,49,40
683,0.5,inventory_const,25.457459790555546,0,42,34
684,0.5,inventory_const,10.396997617002143,1,46,40
685,0.5,inventory_const,26.151457743013793,1,52,41
686,0.5,inventory_const,22.807158450924945,1,52,38
687,0.5,inventory_const,25.787242482238526,-2,45,36
688,0.5,inventory_const,19.826986991493442,1,48,38
689,0.5,inventory_const,24.982300630058262,4,51,38
690,0.5,inventory_const,31.085836408963132,0,45,35
691,0.5,inventory_const,28.072406300189016,2,47,40
692,0.5,inventory_const,25.32945326013032,-2,43,32
693,0.5,inventory_const,34.41775516213076,-1,47,39
694,0.5,inventory_const,23.876038434318176,0,43,37
695,0.5,inventory_const,17.040161609522443,2,41,33
696,0.5,inventory_const,20.08235113639705,-4,49,39
697,0.5,inventory_const,25.216273984648183,3,42,33
698,0.5,inventory_const,31.782461463981008,4,57,46
699,0.5,inventory_const,26.01208036269003,-3,45,33
700,0.5,inventory_const,23.995580918218025,3,38,33
701,0.5,inventory_const,24.495701871310587,-3,45,34
702,0.5,inventory_const,25.43783623439319,-1,53,40
703,0.5,inventory_const,19.31737871829307,0,52,42
704,0.5,inventory_const,26.9412663431672,1,41,34
705,0.5,inventory_const,24.360080537259932,-2,41,33
706,0.5,inventory_const,21.577695340885512,-1,45,37
707,0.5,inventory_const,27.444084845573514,-2,52,40
708,0.5,inventory_const,20.619739316799183,1,41,31
709,0.5,inventory_const,23.43383828193498,-2,45,33
710,0.5,inventory_const,22.60104607579912,0,42,35
711,0.5,inventory_const,22.787609611169856,1,45,35
712,0.5,inventory_const,28.76614410444904,-2,47,37
713,0.5,inventory_const,27.51627398464825,5,41,32
714,0.5,inventory_const,31.58279336953538,-1,42,35
715,0.5,inventory_const,23.84920708429175,1,51,42
716,0.5,inventory_const,18.46343127217358,1,45,37
717,0.5,inventory_const,23.53143780259866,1,47,38
718,0.5,inventory_const,25.12603843431816,-2,45,38
719,0.5,inventory_const,26.36060850011401,1,41,37
720,0.5,inventory_const,25.44248737245158,-2,43,34
721,0.5,inventory_const,18.912672416442717,3,46,38
722,0.5,inventory_const,25.237288331124077,0,36,30
723,0.5,inventory_const,26.166771381578542,2,46,39
724,0.5,inventory_const,17.477374060839793,0,48,37
725,0.5,inventory_const,23.67822796119283,0,52,43
726,0.5,inventory_const,25.23864389806073,-2,43,34
727,0.5,inventory_const,25.52059321715211,-5,43,37
728,0.5,inventory_const,30.633552225266158,3,40,33
729,0.5,inventory_const,22.24771062384741,5,42,36
730,0.5,inventory_const,24.75021677331445,0,43,33
731,0.5,inventory_const,24.95568658834884,3,48,40
732,0.5,inventory_const,22.558921027622958,0,49,40
733,0.5,inventory_const,17.11635971436388,1,48,40
734,0.5,inventory_const,24.095917481225555,0,44,34
735,0.5,inventory_const,22.08771528130059,-1,43,37
736,0.5,inventory_const,17.88271826532825,-1,44,38
737,0.5,inventory_const,17.138423630692614,-1,48,38
738,0.5,inventory_const,27.246680994409672,-2,43,33
739,0.5,inventory_const,23.661779023059495,0,50,40
740,0.5,inventory_const,17.78737406083978,0,44,37
741,0.5,inventory_const,28.76346649555049,1,41,33
742,0.5,inventory_const,27.766263359139657,3,51,39
743,0.5,inventory_const,27.023165155919855,-2,49,39
744,0.5,inventory_const,25.705717154272506,1,42,34
745,0.5,inventory_const,23.964637018496035,0,51,36
746,0.5,inventory_const,26.906700934824684,0,46,36
747,0.5,inventory_const,26.70472274821168,2,45,36
748,0.5,inventory_const,26.390984943951764,2,46,39
749,0.5,inventory_const,25.958223303739572,-2,45,36
750,0.5,inventory_const,24.677222541823483,-2,46,34
751,0.5,inventory_const,16.098489419993314,3,44,39
752,0.5,inventory_const,30.15462639298738,4,52,44
753,0.5,inventory_const,19.049222367253563,1,53,41
754,0.5,inventory_const,25.194837345448946,1,45,39
755,0.5,inventory_const,25.209609436599962,0,41,33
756,0.5,inventory_const,16.311578308306537,0,35,29
757,0.5,inventory_const,21.190014747959367,2,45,38
758,0.5,inventory_const,19.75836846690065,-1,38,33
759,0.5,inventory_const,21.481979350012566,1,50,38
760,0.5,inventory_const,17.870181549937485,2,41,37
761,0.5,inventory_const,17.615479905540425,1,48,38
762,0.5,inventory_const,28.382522595828448,4,48,36
763,0.5,inventory_const,26.372386359773955,0,49,36
764,0.5,inventory_const,26.992452149074524,-2,45,33
765,0.5,inventory_const,21.557886740732016,1,46,39
766,0.5,inventory_const,27.566278642101338,3,44,35
767,0.5,inventory_const,23.305717154272543,-1,43,35
768,0.5,inventory_const,23.72808706768501,0,47,36
769,0.5,inventory_const,26.421662727420028,0,52,44
770,0.5,inventory_const,22.471468368522437,-3,43,32
771,0.5,inventory_const,26.68659992214711,0,47,37
772,0.5,inventory_const,30.60778572805441,-1,46,35
773,0.5,inventory_const,33.23509919204935,-1,48,38
774,0.5,inventory_const,15.51816813994759,-2,45,38
775,0.5,inventory_const,28.562300630058246,-2,44,37
776,0.5,inventory_const,25.543215662258604,2,45,36
777,0.5,inventory_const,29.132863816289245,-1,50,40
778,0.5,inventory_const,27.357052780794106,-1,41,31
779,0.5,inventory_const,28.677363435331188,0,48,39
780,0.5,inventory_const,20.036324490986914,1,43,36
781,0.5,inventory_const,13.168298020146707,-1,40,32
782,0.5,inventory_const,28.399614094053135,-2,49,36
783,0.5,inventory_const,18.497508598492175,3,43,36
784,0.5,inventory_const,19.421316849506056,1,50,36
785,0.5,inventory_const,21.790608500114047,1,44,38
786,0.5,inventory_const,20.718344256832268,2,50,40
787,0.5,inventory_const,19.64556097780283,1,41,31
788,0.5,inventory_const,26.927037497832202,1,47,32
789,0.5,inventory_const,21.77701755741714,-1,41,31
790,0.5,inventory_const,21.758016620931187,2,43,36
791,0.5,inventory_const,27.33698699149346,3,44,34
792,0.5,inventory_const,33.73992009113692,-3,47,42
793,0.5,inventory_const,21.65155239983602,2,43,35
794,0.5,inventory_const,23.411457743013727,-3,48,41
795,0.5,inventory_const,21.319840329476705,1,40,32
796,0.5,inventory_const,22.66280865249722,1,54,39
797,0.5,inventory_const,18.715902198263677,2,46,39
798,0.5,inventory_const,22.498881146792883,-2,46,37
799,0.5,inventory_const,25.63099556946031,-2,41,32
800,0.5,inventory_const,18.508474137031342,-1,44,36
801,0.5,inventory_const,25.99745979055554,0,44,34
802,0.5,inventory_const,26.80105073325238,0,49,38
803,0.5,inventory_const,23.95683717087934,2,47,38
804,0.5,inventory_const,27.97835784139194,1,44,34
805,0.5,inventory_const,26.50018620739077,0,43,35
806,0.5,inventory_const,24.808413005183994,-1,52,42
807,0.5,inventory_const,28.364536005818422,-2,44,34
808,0.5,inventory_const,32.01060850011402,1,40,31
809,0.5,inventory_const,23.218744910738337,0,39,33
810,0.5,inventory_const,21.626223478309498,5,45,35
811,0.5,inventory_const,25.87028722006832,2,46,37
812,0.5,inventory_const,30.51020614780583,0,45,37
813,0.5,inventory_const,29.50060850011397,1,42,33
814,0.5,inventory_const,22.395631424556825,1,43,35
815,0.5,inventory_const,28.148835297907397,4,46,37
816,0.5,inventory_const,26.879844986929925,-1,37,32
817,0.5,inventory_const,26.63787145777013,-1,52,40
818,0.5,inventory_const,14.4502626222,0,44,35
819,0.5,inventory_const,24.579895493268694,-1,39,32
820,0.5,inventory_const,25.8220803626901,1,45,36
821,0.5,inventory_const,25.25445027610266,4,49,41
822,0.5,inventory_const,25.29155239983595,-4,40,32
823,0.5,inventory_const,25.084309382594995,2,39,32
824,0.5,inventory_const,21.783517001889294,-1,45,37
825,0.5,inventory_const,29.76944433302384,-3,49,38
826,0.5,inventory_const,25.055244355210505,-4,47,35
827,0.5,inventory_const,24.86107494332083,-3,40,27
828,0.5,inventory_const,22.03870968736132,0,44,35
829,0.5,inventory_const,28.41023671372953,0,45,34
830,0.5,inventory_const,26.27419944281081,-3,49,39
831,0.5,inventory_const,28.94177902305944,-2,50,40
832,0.5,inventory_const,20.937765787639364,3,45,41
833,0.5,inventory_const,17.821688635890553,-4,46,37
834,0.5,inventory_const,21.578036561346323,2,51,39
835,0.5,inventory_const,28.87747973097055,0,47,37
836,0.5,inventory_const,26.016731500748364,0,38,30
837,0.5,inventory_const,21.786645771032624,2,44,36
838,0.5,inventory_const,23.904597137665817,0,40,31
839,0.5,inventory_const,23.412045139313193,-3,45,39
840,0.5,inventory_const,14.367574387792843,1,49,37
841,0.5,inventory_const,27.437312928992355,-2,54,44
842,0.5,inventory_const,25.80625870168643,-1,41,33
843,0.5,inventory_const,22.717429224631843,0,45,37
844,0.5,inventory_const,18.925580918217975,3,49,38
845,0.5,inventory_const,18.25571715427246,1,49,38
846,0.5,inventory_const,21.871251060205495,1,49,39
847,0.5,inventory_const,32.12668565186274,-2,44,36
848,0.5,inventory_const,21.945360650849906,0,49,35
849,0.5,inventory_const,20.285987927979477,-2,42,38
850,0.5,inventory_const,30.773235602673765,-2,51,39
851,0.5,inventory_const,27.157057438247378,1,47,35
852,0.5,inventory_const,22.779187143876655,1,43,38
853,0.5,inventory_const,25.981974692559263,-1,39,30
854,0.5,inventory_const,23.21687239425603,-2,53,38
855,0.5,inventory_const,20.550795242507263,3,51,40
856,0.5,inventory_const,32.19514799998608,0,50,38
857,0.5,inventory_const,28.61087461636771,-4,39,28
858,0.5,inventory_const,19.610995569460272,2,45,38
859,0.5,inventory_const,14.865580918217972,1,48,39
860,0.5,inventory_const,33.26432039590355,-1,46,39
861,0.5,inventory_const,24.772401642735815,-2,44,35
862,0.5,inventory_const,33.6735768231344,-1,45,38
863,0.5,inventory_const,28.316293925063192,1,44,38
864,0.5,inventory_const,24.63849407744648,-1,44,38
865,0.5,inventory_const,23.660749393621643,-1,53,42
866,0.5,inventory_const,14.378067127270015,-2,49,41
867,0.5,inventory_const,29.90132150695922,3,44,36
868,0.5,inventory_const,22.599910776230615,1,42,34
869,0.5,inventory_const,22.989730389692568,-4,45,39
870,0.5,inventory_const,14.1168660384008,1,48,40
871,0.5,inventory_const,28.340221430767656,2,43,36
872,0.5,inventory_const,28.071823173542896,-3,43,33
873,0.5,inventory_const,23.286273984648176,3,42,32
874,0.5,inventory_const,13.644731675318212,-5,49,38
875,0.5,inventory_const,25.626736158201652,0,47,38
876,0.5,inventory_const,35.349477857998565,0,48,35
877,0.5,inventory_const,22.58058855969898,-3,40,33
878,0.5,inventory_const,21.128077752778665,0,34,28
879,0.5,inventory_const,28.40371732884232,0,40,28
880,0.5,inventory_const,29.347730564262378,-1,41,30
881,0.5,inventory_const,27.052593042582288,-2,54,38
882,0.5,inventory_const,29.094500782441514,-2,47,34
883,0.5,inventory_const,23.249800836446525,-2,49,38
884,0.5,inventory_const,28.231844812360123,-2,43,34
885,0.5,inventory_const,27.838986816923637,-2,42,33
886,0.5,inventory_const,17.665294861549242,0,48,36
887,0.5,inventory_const,18.583094709166005,4,46,38
888,0.5,inventory_const,26.020659006452888,-3,42,34
889,0.5,inventory_const,26.581759082644396,2,41,34
890,0.5,inventory_const,23.43561614159495,1,46,36
891,0.5,inventory_const,30.429237650215484,1,42,33
892,0.5,inventory_const,23.013431272173577,-1,39,34
893,0.5,inventory_const,19.04743985014042,2,39,31
894,0.5,inventory_const,35.89700693190848,1,40,33
895,0.5,inventory_const,30.946434818570907,1,47,39
896,0.5,inventory_const,29.64666571144774,0,43,33
897,0.5,inventory_const,21.689930716645677,-1,47,37
898,0.5,inventory_const,33.27352165934249,-1,46,34
899,0.5,inventory_const,15.009232992762264,1,43,34
900,0.5,inventory_const,31.40057327673705,-1,40,32
901,0.5,inventory_const,17.942205585436085,0,36,28
902,0.5,inventory_const,20.96026727965321,-2,39,33
903,0.5,inventory_const,26.65302426241209,0,47,36
904,0.5,inventory_const,21.665807541441453,-1,52,43
905,0.5,inventory_const,20.207189016848602,-1,44,39
906,0.5,inventory_const,31.12150189349721,0,41,31
907,0.5,inventory_const,29.56201923084265,1,53,40
908,0.5,inventory_const,26.092421583150895,-4,48,38
909,0.5,inventory_const,15.488087067685,2,50,40
910,0.5,inventory_const,20.53349706147418,3,39,32
911,0.5,inventory_const,22.801964067050733,-3,53,40
912,0.5,inventory_const,18.95143780259869,-1,53,40
913,0.5,inventory_const,21.886339773948848,1,41,33
914,0.5,inventory_const,20.98590219826366,2,48,37
915,0.5,inventory_const,25.28751495434753,0,48,39
916,0.5,inventory_const,24.100150984013737,-4,45,35
917,0.5,inventory_const,28.375233729701762,2,48,41
918,0.5,inventory_const,22.500729453206674,1,50,40
919,0.5,inventory_const,17.51226074922809,-2,40,35
920,0.5,inventory_const,25.832652476027604,1,39,33
921,0.5,inventory_const,24.267022214870394,1,44,35
922,0.5,inventory_const,27.268188080362734,2,50,36
923,0.5,inventory_const,19.647765787639386,1,49,39
924,0.5,inventory_const,18.46590219826372,0,47,37
925,0.5,inventory_const,27.881316849506106,5,38,31
926,0.5,inventory_const,24.856027808809557,0,51,45
927,0.5,inventory_const,25.67933696449097,2,41,33
928,0.5,inventory_const,22.496716217786513,-2,48,39
929,0.5,inventory_const,19.609844986929986,-1,47,39
930,0.5,inventory_const,39.301050733252254,2,39,29
931,0.5,inventory_const,22.590844050443962,2,49,38
932,0.5,inventory_const,23.136293925063256,-1,49,38
933,0.5,inventory_const,26.01267241644274,-3,44,35
934,0.5,inventory_const,20.700775302092183,-1,44,34
935,0.5,inventory_const,19.774339948518673,-4,37,31
936,0.5,inventory_const,24.22954364729935,2,49,36
937,0.5,inventory_const,29.894128996056878,1,46,32
938,0.5,inventory_const,26.99391338614211,0,49,42
939,0.5,inventory_const,28.116907617633046,2,48,39
940,0.5,inventory_const,28.509985880437625,-1,45,37
941,0.5,inventory_const,25.384687524834703,-2,47,36
942,0.5,inventory_const,32.65753489476256,0,48,36
943,0.5,inventory_const,16.862260749228085,-2,42,35
944,0.5,inventory_const,19.544687524834714,0,51,40
945,0.5,inventory_const,23.417057438247355,-3,47,38
946,0.5,inventory_const,23.200945063121424,2,49,35
947,0.5,inventory_const,14.589519049431033,2,47,36
948,0.5,inventory_const,31.322527253281635,0,47,37
949,0.5,inventory_const,17.75619461078773,-2,53,41
950,0.5,inventory_const,25.999743974252397,5,44,35
951,0.5,inventory_const,23.699695166315678,0,44,35
952,0.5,inventory_const,24.27896221905536,2,42,32
953,0.5,inventory_const,16.824089115226855,1,39,34
954,0.5,inventory_const,25.96805184430812,0,45,37
955,0.5,inventory_const,31.647092661624242,-1,45,37
956,0.5,inventory_const,27.612672416442734,-1,47,36
957,0.5,inventory_const,32.22172851672069,0,43,34
958,0.5,inventory_const,25.32175908264435,2,45,36
959,0.5,inventory_const,19.591251060205437,-1,49,37
960,0.5,inventory_const,22.573873505311965,0,47,37
961,0.5,inventory_const,16.38390407123569,4,46,38
962,0.5,inventory_const,29.864641675949144,2,54,41
963,0.5,inventory_const,24.007902023693788,-1,43,34
964,0.5,inventory_const,21.418168139947625,2,42,33
965,0.5,inventory_const,21.910051669738323,3,48,37
966,0.5,inventory_const,29.045244355210514,2,50,38
967,0.5,inventory_const,21.337730564262372,1,42,33
968,0.5,inventory_const,19.48951904943101,-4,44,33
969,0.5,inventory_const,21.53028722006836,0,47,38
970,0.5,inventory_const,31.601678010381903,0,47,39
971,0.5,inventory_const,22.005737094687603,1,43,36
972,0.5,inventory_const,24.081200553866722,3,44,36
973,0.5,inventory_const,15.705917481225569,0,47,40
974,0.5,inventory_const,22.34998122298441,3,43,35
975,0.5,inventory_const,21.127374060839742,0,43,35
976,0.5,inventory_const,32.31289438221293,-1,43,34
977,0.5,inventory_const,30.181391953713174,1,52,42
978,0.5,inventory_const,23.10561614159502,1,46,37
979,0.5,inventory_const,28.629312754422585,1,51,43
980,0.5,inventory_const,31.627112602039375,-1,52,41
981,0.5,inventory_const,16.543039545374086,0,47,40
982,0.5,inventory_const,26.157629551584876,3,42,35
983,0.5,inventory_const,24.028800074530352,-2,49,39
984,0.5,inventory_const,20.68506823832587,-4,45,34
985,0.5,inventory_const,9.174531348365235,0,53,41
986,0.5,inventory_const,26.949473200545413,0,45,36
987,0.5,inventory_const,30.000322443445185,-2,46,37
988,0.5,inventory_const,27.845656022425032,3,50,40
989,0.5,inventory_const,18.5601662669757,-2,45,38
990,0.5,inventory_const,21.637424567178556,-2,41,34
991,0.5,inventory_const,23.47847879448466,3,55,45
992,0.5,inventory_const,21.724601795119042,0,50,38
993,0.5,inventory_const,26.146610547655825,0,37,29
994,0.5,inventory_const,36.433240260126865,-2,49,38
995,0.5,inventory_const,24.735294861549278,4,45,36
996,0.5,inventory_const,26.95671621778662,0,43,35
997,0.5,inventory_const,21.278203363324565,4,44,33
998,0.5,inventory_const,24.59270763981965,-3,47,37
999,0.5,inventory_const,27.899457917583632,0,47,35
0,0.5,symmetric_const,57.09655242481256,-7,0,0
1,0.5,symmetric_const,69.85351064603412,6,0,0
2,0.5,symmetric_const,68.67750563944082,-16,0,0
3,0.5,symmetric_const,61.08538655932023,-6,0,0
4,0.5,symmetric_const,53.19106732681644,8,0,0
5,0.5,symmetric_const,70.53158126735764,5,0,0
6,0.5,symmetric_const,72.02322458936507,-1,0,0
7,0.5,symmetric_const,75.53940105538948,-3,0,0
8,0.5,symmetric_const,65.6205486788682,-7,0,0
9,0.5,symmetric_const,61.519329347986414,1,0,0
10,0.5,symmetric_const,89.31534493013532,-7,0,0
11,0.5,symmetric_const,101.77602227585021,-12,0,0
12,0.5,symmetric_const,116.13700901545371,-22,0,0
13,0.5,symmetric_const,91.95019765579491,-15,0,0
14,0.5,symmetric_const,68.4296183637066,5,0,0
15,0.5,symmetric_const,74.45642380526249,-8,0,0
16,0.5,symmetric_const,71.90116067303688,11,0,0
17,0.5,symmetric_const,62.35817876545619,0,0,0
18,0.5,symmetric_const,70.00461072222555,-1,0,0
19,0.5,symmetric_const,61.82744877724679,-7,0,0
20,0.5,symmetric_const,38.21384172869256,-4,0,0
21,0.5,symmetric_const,84.7608253706776,-10,0,0
22,0.5,symmetric_const,67.85801366188002,-9,0,0
23,0.5,symmetric_const,54.72142552864068,-2,0,0
24,0.5,symmetric_const,75.24096034608328,8,0,0
25,0.5,symmetric_const,53.654046275345536,8,0,0
26,0.5,symmetric_const,50.43039124175061,-7,0,0
27,0.5,symmetric_const,45.52903737321435,-16,0,0
28,0.5,symmetric_const,73.3347316753177,-19,0,0
29,0.5,symmetric_const,49.17695647552284,-9,0,0
30,0.5,symmetric_const,82.99977749922692,-4,0,0
31,0.5,symmetric_const,83.11216269560214,9,0,0
32,0.5,symmetric_const,67.26921135394525,-6,0,0
33,0.5,symmetric_const,61.18217375886309,-6,0,0
34,0.5,symmetric_const,72.36413962156558,-5,0,0
35,0.5,symmetric_const,55.16128759418473,9,0,0
36,0.5,symmetric_const,90.53598409342271,-9,0,0
37,0.5,symmetric_const,68.03439045485732,-6,0,0
38,0.5,symmetric_const,62.172123252524614,4,0,0
39,0.5,symmetric_const,61.377907991748756,1,0,0
40,0.5,symmetric_const,96.04549770980032,9,0,0
41,0.5,symmetric_const,70.26433655171422,-4,0,0
42,0.5,symmetric_const,75.80288632795555,9,0,0
43,0.5,symmetric_const,74.57848772159036,6,0,0
44,0.5,symmetric_const,75.97926312093307,-8,0,0
45,0.5,symmetric_const,78.8367264055421,-11,0,0
46,0.5,symmetric_const,76.12444392024668,-19,0,0
47,0.5,symmetric_const,49.42700358505806,-9,0,0
48,0.5,symmetric_const,58.60379374365135,4,0,0
49,0.5,symmetric_const,69.76640216644552,5,0,0
50,0.5,symmetric_const,51.635432408205816,4,0,0
51,0.5,symmetric_const,53.37496300594796,3,0,0
52,0.5,symmetric_const,66.35293217684125,-7,0,0
53,0.5,symmetric_const,85.43297671512437,-5,0,0
54,0.5,symmetric_const,77.007927494411,0,0,0
55,0.5,symmetric_const,50.269612445604196,3,0,0
56,0.5,symmetric_const,73.32505295536373,0,0,0
57,0.5,symmetric_const,59.41360700125853,-4,0,0
58,0.5,symmetric_const,53.46799076241382,2,0,0
59,0.5,symmetric_const,58.82640430260017,-13,0,0
60,0.5,symmetric_const,48.91939047983442,11,0,0
61,0.5,symmetric_const,84.68931488792055,8,0,0
62,0.5,symmetric_const,71.67639028028782,-1,0,0
63,0.5,symmetric_const,89.36965780678395,8,0,0
64,0.5,symmetric_const,88.50553167252838,11,0,0
65,0.5,symmetric_const,71.79469475353955,-4,0,0
66,0.5,symmetric_const,59.43672388424409,-9,0,0
67,0.5,symmetric_const,76.26586527648476,-1,0,0
68,0.5,symmetric_const,63.782071047783916,-9,0,0
69,0.5,symmetric_const,52.03066031705475,-5,0,0
70,0.5,symmetric_const,44.01803661129975,18,0,0
71,0.5,symmetric_const,81.85872792937423,1,0,0
72,0.5,symmetric_const,87.21338202648371,5,0,0
73,0.5,symmetric_const,64.655875901993,9,0,0
74,0.5,symmetric_const,92.45189148414147,21,0,0
75,0.5,symmetric_const,73.19331031908075,-1,0,0
76,0.5,symmetric_const,73.43743815173775,-15,0,0
77,0.5,symmetric_const,66.22494898363527,3,0,0
78,0.5,symmetric_const,83.79991203687996,-17,0,0
79,0.5,symmetric_const,81.38607026089102,-4,0,0
80,0.5,symmetric_const,74.59784516149968,2,0,0
81,0.5,symmetric_const,79.76268430259967,-5,0,0
82,0.5,symmetric_const,70.57029614717487,5,0,0
83,0.5,symmetric_const,76.03733544065983,-6,0,0
84,0.5,symmetric_const,69.20447618457342,10,0,0
85,0.5,symmetric_const,67.24393463715944,2,0,0
86,0.5,symmetric_const,72.51148025467927,5,0,0
87,0.5,symmetric_const,64.02027960356395,9,0,0
88,0.5,symmetric_const,74.00688301976447,-4,0,0
89,0.5,symmetric_const,70.58965358708335,3,0,0
90,0.5,symmetric_const,56.720681955872124,-12,0,0
91,0.5,symmetric_const,70.41327679410551,-10,0,0
92,0.5,symmetric_const,78.44525793977027,-7,0,0
93,0.5,symmetric_const,68.25916084760632,2,0,0
94,0.5,symmetric_const,72.51523969775722,0,0,0
95,0.5,symmetric_const,66.6298556124384,11,0,0
96,0.5,symmetric_const,75.51412433860332,7,0,0
97,0.5,symmetric_const,66.54274713284985,-8,0,0
98,0.5,symmetric_const,80.22566325112962,-7,0,0
99,0.5,symmetric_const,73.94505125696173,-5,0,0
100,0.5,symmetric_const,65.94802554803823,-13,0,0
101,0.5,symmetric_const,49.67865030386929,19,0,0
102,0.5,symmetric_const,62.445287245045165,7,0,0
103,0.5,symmetric_const,58.935030055897585,5,0,0
104,0.5,symmetric_const,63.63097097159181,-4,0,0
105,0.5,symmetric_const,71.54088820092716,-7,0,0
106,0.5,symmetric_const,69.62498081020794,11,0,0
107,0.5,symmetric_const,58.890395899202986,9,0,0
108,0.5,symmetric_const,59.91906027268237,-15,0,0
109,0.5,symmetric_const,61.64139326431513,5,0,0
110,0.5,symmetric_const,77.2111806134512,1,0,0
111,0.5,symmetric_const,77.04072309735136,-8,0,0
112,0.5,symmetric_const,73.28633807554671,0,0,0
113,0.5,symmetric_const,53.11147773338166,7,0,0
114,0.5,symmetric_const,71.52153076101922,11,0,0
115,0.5,symmetric_const,56.33513276697715,-4,0,0
116,0.5,symmetric_const,62.364098042333126,8,0,0
117,0.5,symmetric_const,73.8676214973272,-1,0,0
118,0.5,symmetric_const,65.36674212625815,-2,0,0
119,0.5,symmetric_const,68.42961836370671,7,0,0
120,0.5,symmetric_const,69.73736600658208,4,0,0
121,0.5,symmetric_const,75.8862353644663,-15,0,0
122,0.5,symmetric_const,52.34253918939271,4,0,0
123,0.5,symmetric_const,76.10508648033806,17,0,0
124,0.5,symmetric_const,77.21118061345152,5,0,0
125,0.5,symmetric_const,81.30272122437918,6,0,0
126,0.5,symmetric_const,42.160201540305934,-6,0,0
127,0.5,symmetric_const,64.38271190947307,-12,0,0
128,0.5,symmetric_const,2.8197877895458987,-20,0,0
129,0.5,symmetric_const,80.37676332732099,6,0,0
130,0.5,symmetric_const,57.292286657698696,-6,0,0
131,0.5,symmetric_const,68.31723316733212,8,0,0
132,0.5,symmetric_const,76.08196959735325,2,0,0
133,0.5,symmetric_const,67.08315584101342,-12,0,0
134,0.5,symmetric_const,57.3600376973784,-19,0,0
135,0.5,symmetric_const,65.32802724643966,12,0,0
136,0.5,symmetric_const,97.31828991593602,15,0,0
137,0.5,symmetric_const,78.33879202027265,14,0,0
138,0.5,symmetric_const,78.06938747082961,-2,0,0
139,0.5,symmetric_const,59.50071548084685,3,0,0
140,0.5,symmetric_const,68.62911203966905,-13,0,0
141,0.5,symmetric_const,44.7869751552887,-17,0,0
142,0.5,symmetric_const,65.9673829879464,-9,0,0
143,0.5,symmetric_const,63.26101977952885,15,0,0
144,0.5,symmetric_const,56.443758520274756,0,0,0
145,0.5,symmetric_const,64.1520222398467,-6,0,0
146,0.5,symmetric_const,73.25514208188338,-12,0,0
147,0.5,symmetric_const,86.25246869268562,-8,0,0
148,0.5,symmetric_const,69.98525328231688,-1,0,0
149,0.5,symmetric_const,57.43370801393577,0,0,0
150,0.5,symmetric_const,80.25469941099254,-16,0,0
151,0.5,symmetric_const,67.9607201383003,-1,0,0
152,0.5,symmetric_const,74.1251874930162,1,0,0
153,0.5,symmetric_const,53.30721196626757,-8,0,0
154,0.5,symmetric_const,69.74112544965931,-1,0,0
155,0.5,symmetric_const,79.47984159012557,-1,0,0
156,0.5,symmetric_const,76.49063566923343,5,0,0
157,0.5,symmetric_const,74.2472514093451,-5,0,0
158,0.5,symmetric_const,60.992358802854824,-15,0,0
159,0.5,symmetric_const,98.11842445358843,-10,0,0
160,0.5,symmetric_const,38.959663389696516,-16,0,0
161,0.5,symmetric_const,61.1821737588632,14,0,0
162,0.5,symmetric_const,60.75790969015105,-4,0,0
163,0.5,symmetric_const,55.37045999010191,0,0,0
164,0.5,symmetric_const,72.66849960774903,10,0,0
165,0.5,symmetric_const,63.553541211958645,-10,0,0
166,0.5,symmetric_const,57.09655242481335,-11,0,0
167,0.5,symmetric_const,50.03516333290145,20,0,0
168,0.5,symmetric_const,77.0213656574425,0,0,0
169,0.5,symmetric_const,61.54836550784955,8,0,0
170,0.5,symmetric_const,78.55764313614475,-6,0,0
171,0.5,symmetric_const,77.85053635495797,20,0,0
172,0.5,symmetric_const,85.86316006071388,11,0,0
173,0.5,symmetric_const,73.92569381705312,17,0,0
174,0.5,symmetric_const,49.064571279148765,-2,0,0
175,0.5,symmetric_const,19.722599498343527,3,0,0
176,0.5,symmetric_const,39.44199977813503,-8,0,0
177,0.5,symmetric_const,73.38312527509,0,0,0
178,0.5,symmetric_const,92.3588637276755,18,0,0
179,0.5,symmetric_const,57.8230166459075,9,0,0
180,0.5,symmetric_const,54.33587633974673,-6,0,0
181,0.5,symmetric_const,77.72847243862913,-2,0,0
182,0.5,symmetric_const,52.11776879664376,-10,0,0
183,0.5,symmetric_const,63.68528384824049,-3,0,0
184,0.5,symmetric_const,61.52900806794071,4,0,0
185,0.5,symmetric_const,76.51967182909743,-16,0,0
186,0.5,symmetric_const,81.5468490570371,4,0,0
187,0.5,symmetric_const,76.65517390845662,-8,0,0
188,0.5,symmetric_const,76.03141616378133,2,0,0
189,0.5,symmetric_const,65.34362524327122,5,0,0
190,0.5,symmetric_const,54.068631624103034,5,0,0
191,0.5,symmetric_const,73.42775943178407,4,0,0
192,0.5,symmetric_const,71.82373091340196,-9,0,0
193,0.5,symmetric_const,70.10731719864577,-5,0,0
194,0.5,symmetric_const,56.72068195587258,2,0,0
195,0.5,symmetric_const,66.62017689248427,-4,0,0
196,0.5,symmetric_const,76.25618655653045,-10,0,0
197,0.5,symmetric_const,72.55611441137455,-9,0,0
198,0.5,symmetric_const,72.11033306895379,2,0,0
199,0.5,symmetric_const,70.49662583061769,2,0,0
200,0.5,symmetric_const,50.254014448772296,-10,0,0
201,0.5,symmetric_const,75.09953898984588,-6,0,0
202,0.5,symmetric_const,71.49625404423307,-7,0,0
203,0.5,symmetric_const,61.31391639514598,1,0,0
204,0.5,symmetric_const,110.52262908885541,15,0,0
205,0.5,symmetric_const,85.0339893631982,5,0,0
206,0.5,symmetric_const,40.827177180645094,15,0,0
207,0.5,symmetric_const,74.90972403383705,-7,0,0
208,0.5,symmetric_const,80.89405515249905,-9,0,0
209,0.5,symmetric_const,79.09429240123117,3,0,0
210,0.5,symmetric_const,50.69171668051649,-26,0,0
211,0.5,symmetric_const,62.782442834168364,-6,0,0
212,0.5,symmetric_const,74.16766181590992,-14,0,0
213,0.5,symmetric_const,80.46011236383299,10,0,0
214,0.5,symmetric_const,76.35889303295045,-4,0,0
215,0.5,symmetric_const,58.282236151359825,-6,0,0
216,0.5,symmetric_const,55.49252390643062,8,0,0
217,0.5,symmetric_const,68.73181851609024,-11,0,0
218,0.5,symmetric_const,60.812222566799846,-15,0,0
219,0.5,symmetric_const,95.56316132136317,-21,0,0
220,0.5,symmetric_const,79.19107960077355,-5,0,0
221,0.5,symmetric_const,47.601964117003774,-1,0,0
222,0.5,symmetric_const,69.16576130475596,-18,0,0
223,0.5,symmetric_const,53.214184209802625,9,0,0
224,0.5,symmetric_const,69.77984032947666,-1,0,0
225,0.5,symmetric_const,84.56133169471468,-10,0,0
226,0.5,symmetric_const,71.28708164831568,2,0,0
227,0.5,symmetric_const,74.24725140934487,-1,0,0
228,0.5,symmetric_const,71.14566029207833,0,0,0
229,0.5,symmetric_const,66.43036193647549,-9,0,0
230,0.5,symmetric_const,75.92870968736132,2,0,0
231,0.5,symmetric_const,58.398380790811075,2,0,0
232,0.5,symmetric_const,97.87429662093109,4,0,0
233,0.5,symmetric_const,66.84870672831013,1,0,0
234,0.5,symmetric_const,63.537943215126006,5,0,0
235,0.5,symmetric_const,91.40762911383189,4,0,0
236,0.5,symmetric_const,97.8103050243285,-12,0,0
237,0.5,symmetric_const,66.12816178409241,7,0,0
238,0.5,symmetric_const,73.09060384266127,-15,0,0
239,0.5,symmetric_const,66.78095568863,4,0,0
240,0.5,symmetric_const,63.547621935080485,2,0,0
241,0.5,symmetric_const,64.46014166910692,-4,0,0
242,0.5,symmetric_const,69.2394316213132,-7,0,0
243,0.5,symmetric_const,82.21524095840607,6,0,0
244,0.5,symmetric_const,82.13189192189486,-10,0,0
245,0.5,symmetric_const,64.49509710584766,11,0,0
246,0.5,symmetric_const,81.32207866428791,10,0,0
247,0.5,symmetric_const,61.54836550784961,4,0,0
248,0.5,symmetric_const,75.05114539007491,-11,0,0
249,0.5,symmetric_const,67.14714743761613,6,0,0
250,0.5,symmetric_const,62.74748739742779,-9,0,0
251,0.5,symmetric_const,66.25990442037534,4,0,0
252,0.5,symmetric_const,64.01652016048673,0,0,0
253,0.5,symmetric_const,69.17544002471021,5,0,0
254,0.5,symmetric_const,87.58549305234715,11,0,0
255,0.5,symmetric_const,70.31648959456294,4,0,0
256,0.5,symmetric_const,63.52826449517124,-16,0,0
257,0.5,symmetric_const,76.01205872387249,-4,0,0
258,0.5,symmetric_const,79.72396942278311,-3,0,0
259,0.5,symmetric_const,86.4385242056178,-22,0,0
260,0.5,symmetric_const,74.12518749301614,3,0,0
261,0.5,symmetric_const,61.81185078041551,-8,0,0
262,0.5,symmetric_const,69.95621712245396,2,0,0
263,0.5,symmetric_const,65.91898938817496,-8,0,0
264,0.5,symmetric_const,80.53754212346666,-6,0,0
265,0.5,symmetric_const,70.41919607098328,4,0,0
266,0.5,symmetric_const,82.40505591441467,-7,0,0
267,0.5,symmetric_const,80.02025029828883,-7,0,0
268,0.5,symmetric_const,69.67337440997949,0,0,0
269,0.5,symmetric_const,102.38042258061705,22,0,0
270,0.5,symmetric_const,69.63841897323891,-7,0,0
271,0.5,symmetric_const,55.72105374225691,-7,0,0
272,0.5,symmetric_const,77.05256165110586,-12,0,0
273,0.5,symmetric_const,67.21489847729634,-1,0,0
274,0.5,symmetric_const,72.88143144674348,8,0,0
275,0.5,symmetric_const,87.30640978294986,4,0,0
276,0.5,symmetric_const,62.348500045501765,1,0,0
277,0.5,symmetric_const,78.45493665972464,4,0,0
278,0.5,symmetric_const,65.72325515528871,1,0,0
279,0.5,symmetric_const,62.68349580082504,1,0,0
280,0.5,symmetric_const,48.880675600016616,-3,0,0
281,0.5,symmetric_const,53.73147603498023,-14,0,0
282,0.5,symmetric_const,75.21784346309778,-17,0,0
283,0.5,symmetric_const,71.31611780817866,13,0,0
284,0.5,symmetric_const,48.41177737461021,9,0,0
285,0.5,symmetric_const,68.84796315554127,11,0,0
286,0.5,symmetric_const,59.938417712590365,5,0,0
287,0.5,symmetric_const,65.96146371106909,-9,0,0
288,0.5,symmetric_const,122.64239140237055,-18,0,0
289,0.5,symmetric_const,68.98938451177878,7,0,0
290,0.5,symmetric_const,45.39729473693251,-11,0,0
291,0.5,symmetric_const,59.22755148832698,16,0,0
292,0.5,symmetric_const,70.26809599479168,9,0,0
293,0.5,symmetric_const,85.84972189768177,-7,0,0
294,0.5,symmetric_const,61.25584407542061,-3,0,0
295,0.5,symmetric_const,79.81107790237199,2,0,0
296,0.5,symmetric_const,84.86353184709822,-4,0,0
297,0.5,symmetric_const,68.77053339590668,-5,0,0
298,0.5,symmetric_const,76.47127822932481,5,0,0
299,0.5,symmetric_const,105.18357298857677,20,0,0
300,0.5,symmetric_const,69.29750394103883,-3,0,0
301,0.5,symmetric_const,83.77679515389491,24,0,0
302,0.5,symmetric_const,64.64619718203873,0,0,0
303,0.5,symmetric_const,55.20968119395599,4,0,0
304,0.5,symmetric_const,56.50183084000082,4,0,0
305,0.5,symmetric_const,100.95061102141199,17,0,0
306,0.5,symmetric_const,71.63767540047036,5,0,0
307,0.5,symmetric_const,80.88813587562186,-11,0,0
308,0.5,symmetric_const,37.795496936857035,16,0,0
309,0.5,symmetric_const,73.73587886104451,14,0,0
310,0.5,symmetric_const,64.41174806933577,-7,0,0
311,0.5,symmetric_const,75.41733713906069,-3,0,0
312,0.5,symmetric_const,55.862475098494144,3,0,0
313,0.5,symmetric_const,68.73181851608945,7,0,0
314,0.5,symmetric_const,71.61831796056151,-5,0,0
315,0.5,symmetric_const,62.445287245045506,-1,0,0
316,0.5,symmetric_const,73.93537253700856,14,0,0
317,0.5,symmetric_const,70.29713215465449,-8,0,0
318,0.5,symmetric_const,73.14491671930932,-12,0,0
319,0.5,symmetric_const,66.42068321652124,-2,0,0
320,0.5,symmetric_const,65.42481444598229,-14,0,0
321,0.5,symmetric_const,67.77090518229136,6,0,0
322,0.5,symmetric_const,81.8006556096484,-1,0,0
323,0.5,symmetric_const,80.81070611598795,9,0,0
324,0.5,symmetric_const,50.25025500569586,-7,0,0
325,0.5,symmetric_const,48.43113481451974,15,0,0
326,0.5,symmetric_const,54.59936161231275,-4,0,0
327,0.5,symmetric_const,40.18998127293776,5,0,0
328,0.5,symmetric_const,37.059353995808124,-11,0,0
329,0.5,symmetric_const,94.14894775898938,-21,0,0
330,0.5,symmetric_const,76.16315880006442,-3,0,0
331,0.5,symmetric_const,45.04078170790012,6,0,0
332,0.5,symmetric_const,63.971886003792406,18,0,0
333,0.5,symmetric_const,51.31763425899203,13,0,0
334,0.5,symmetric_const,68.0053542949945,-1,0,0
335,0.5,symmetric_const,67.63916254600838,-7,0,0
336,0.5,symmetric_const,60.72887353028864,25,0,0
337,0.5,symmetric_const,70.44823223084609,-1,0,0
338,0.5,symmetric_const,65.2602762067595,-7,0,0
339,0.5,symmetric_const,61.651071984269606,6,0,0
340,0.5,symmetric_const,77.19774245041958,-13,0,0
341,0.5,symmetric_const,62.553912998342184,3,0,0
342,0.5,symmetric_const,76.87026558125089,1,0,0
343,0.5,symmetric_const,74.51073668191157,-17,0,0
344,0.5,symmetric_const,70.37456191428879,-2,0,0
345,0.5,symmetric_const,71.60863924060762,0,0,0
346,0.5,symmetric_const,66.13784050404684,2,0,0
347,0.5,symmetric_const,64.44078422919915,-14,0,0
348,0.5,symmetric_const,81.87808536928321,11,0,0
349,0.5,symmetric_const,66.20183210064965,-8,0,0
350,0.5,symmetric_const,58.79360869966035,3,0,0
351,0.5,symmetric_const,69.36149553764164,9,0,0
352,0.5,symmetric_const,83.29229893165666,7,0,0
353,0.5,symmetric_const,63.89445624415828,-6,0,0
354,0.5,symmetric_const,48.961864802728044,0,0,0
355,0.5,symmetric_const,78.02691314793537,3,0,0
356,0.5,symmetric_const,74.68119419801133,6,0,0
357,0.5,symmetric_const,61.13378015909211,-13,0,0
358,0.5,symmetric_const,58.17361039806241,-2,0,0
359,0.5,symmetric_const,69.3749337006733,-1,0,0
360,0.5,symmetric_const,74.96403691048636,8,0,0
361,0.5,symmetric_const,59.91530082960492,-6,0,0
362,0.5,symmetric_const,64.82041414121659,-16,0,0
363,0.5,symmetric_const,71.88556267620493,-8,0,0
364,0.5,symmetric_const,66.45939809633808,-2,0,0
365,0.5,symmetric_const,93.3332152245058,-7,0,0
366,0.5,symmetric_const,72.39317578142847,0,0,0
367,0.5,symmetric_const,61.57364222463525,-4,0,0
368,0.5,symmetric_const,38.65746323731264,-16,0,0
369,0.5,symmetric_const,66.64545360926991,6,0,0
370,0.5,symmetric_const,57.65255912980683,16,0,0
371,0.5,symmetric_const,77.58705108239207,-4,0,0
372,0.5,symmetric_const,56.13187964793758,5,0,0
373,0.5,symmetric_const,60.32988617836219,-3,0,0
374,0.5,symmetric_const,69.36149553764221,-5,0,0
375,0.5,symmetric_const,58.08650191847369,7,0,0
376,0.5,symmetric_const,77.86989379486681,6,0,0
377,0.5,symmetric_const,74.07087461636786,8,0,0
378,0.5,symmetric_const,76.23090983974441,8,0,0
379,0.5,symmetric_const,66.44971937638473,-1,0,0
380,0.5,symmetric_const,57.72031016948716,5,0,0
381,0.5,symmetric_const,63.9971627205781,10,0,0
382,0.5,symmetric_const,51.089104423165054,-6,0,0
383,0.5,symmetric_const,63.444915458660375,10,0,0
384,0.5,symmetric_const,32.42524484291698,-15,0,0
385,0.5,symmetric_const,70.0336468820883,-8,0,0
386,0.5,symmetric_const,79.49327975315708,-1,0,0
387,0.5,symmetric_const,86.53531140515975,-16,0,0
388,0.5,symmetric_const,81.01019979195058,1,0,0
389,0.5,symmetric_const,61.8274487772469,5,0,0
390,0.5,symmetric_const,57.76494432618176,-3,0,0
391,0.5,symmetric_const,65.88403395143405,-13,0,0
392,0.5,symmetric_const,76.14004191707882,0,0,0
393,0.5,symmetric_const,61.54836550784967,8,0,0
394,0.5,symmetric_const,62.06565733302682,-5,0,0
395,0.5,symmetric_const,63.910054240989666,-11,0,0
396,0.5,symmetric_const,67.29232823693019,-21,0,0
397,0.5,symmetric_const,73.03253152293503,1,0,0
398,0.5,symmetric_const,74.44674508530795,5,0,0
399,0.5,symmetric_const,67.92792453536026,9,0,0
400,0.5,symmetric_const,59.613100677221325,2,0,0
401,0.5,symmetric_const,61.422542148443654,-3,0,0
402,0.5,symmetric_const,70.09171920181427,4,0,0
403,0.5,symmetric_const,64.81073542126211,-1,0,0
404,0.5,symmetric_const,67.09875383784481,-5,0,0
405,0.5,symmetric_const,72.13560978573963,-2,0,0
406,0.5,symmetric_const,61.22680791555774,6,0,0
407,0.5,symmetric_const,83.67408867747372,12,0,0
408,0.5,symmetric_const,67.88329037866572,-7,0,0
409,0.5,symmetric_const,68.90227603219,10,0,0
410,0.5,symmetric_const,63.518585775217275,-3,0,0
411,0.5,symmetric_const,64.1133073600297,8,0,0
412,0.5,symmetric_const,59.37865156451795,-3,0,0
413,0.5,symmetric_const,78.76305608898383,-20,0,0
414,0.5,symmetric_const,67.04444096119622,0,0,0
415,0.5,symmetric_const,69.49699761700231,11,0,0
416,0.5,symmetric_const,78.98190720485667,-4,0,0
417,0.5,symmetric_const,57.36971641733294,-8,0,0
418,0.5,symmetric_const,72.47276537486292,-1,0,0
419,0.5,symmetric_const,54.3552337796541,-18,0,0
420,0.5,symmetric_const,78.80177096880193,2,0,0
421,0.5,symmetric_const,86.31646028928799,-4,0,0
422,0.5,symmetric_const,57.86765080260193,11,0,0
423,0.5,symmetric_const,66.96109192468447,-2,0,0
424,0.5,symmetric_const,84.13706762600293,-6,0,0
425,0.5,symmetric_const,82.51744111078847,14,0,0
426,0.5,symmetric_const,58.79952797653755,-3,0,0
427,0.5,symmetric_const,58.73929582301133,4,0,0
428,0.5,symmetric_const,67.02884296436525,9,0,0
429,0.5,symmetric_const,71.0332750957038,-3,0,0
430,0.5,symmetric_const,63.88477752420346,3,0,0
431,0.5,symmetric_const,71.29676036826999,-5,0,0
432,0.5,symmetric_const,86.80471595460358,-14,0,0
433,0.5,symmetric_const,62.0210231763333,-13,0,0
434,0.5,symmetric_const,79.28034791416303,-15,0,0
435,0.5,symmetric_const,80.32836972754967,-7,0,0
436,0.5,symmetric_const,74.94843891365451,-7,0,0
437,0.5,symmetric_const,68.93131219205287,3,0,0
438,0.5,symmetric_const,62.660378917839694,2,0,0
439,0.5,symmetric_const,74.0515171764593,4,0,0
440,0.5,symmetric_const,72.62762489413205,-3,0,0
441,0.5,symmetric_const,71.58928180069898,0,0,0
442,0.5,symmetric_const,61.41662287156646,3,0,0
443,0.5,symmetric_const,54.068631624103006,1,0,0
444,0.5,symmetric_const,61.32359511510015,-6,0,0
445,0.5,symmetric_const,45.62206512968146,11,0,0
446,0.5,symmetric_const,80.66928475974998,5,0,0
447,0.5,symmetric_const,61.45157830830658,-6,0,0
448,0.5,symmetric_const,81.34735538107378,-2,0,0
449,0.5,symmetric_const,125.69934836294169,17,0,0
450,0.5,symmetric_const,76.50407383226468,-3,0,0
451,0.5,symmetric_const,84.05371858949115,-8,0,0
452,0.5,symmetric_const,46.53458486370823,11,0,0
453,0.5,symmetric_const,73.26698063563832,2,0,0
454,0.5,symmetric_const,74.95811763360878,0,0,0
455,0.5,symmetric_const,58.642508623468984,6,0,0
456,0.5,symmetric_const,74.76830267759988,13,0,0
457,0.5,symmetric_const,76.38792919281309,9,0,0
458,0.5,symmetric_const,68.26292029068281,3,0,0
459,0.5,symmetric_const,58.70058094319427,-8,0,0
460,0.5,symmetric_const,64.98711221423969,-6,0,0
461,0.5,symmetric_const,60.11479450556783,-8,0,0
462,0.5,symmetric_const,57.1003118678899,8,0,0
463,0.5,symmetric_const,73.10620183949186,-4,0,0
464,0.5,symmetric_const,82.14748991872648,9,0,0
465,0.5,symmetric_const,62.538315001510796,-6,0,0
466,0.5,symmetric_const,66.84494728523305,-16,0,0
467,0.5,symmetric_const,71.12630285217051,-12,0,0
468,0.5,symmetric_const,73.12555927940065,-2,0,0
469,0.5,symmetric_const,59.6770922738243,0,0,0
470,0.5,symmetric_const,49.738882457394936,-2,0,0
471,0.5,symmetric_const,79.04589880145977,-16,0,0
472,0.5,symmetric_const,83.74183971715297,15,0,0
473,0.5,symmetric_const,54.79885528827549,-14,0,0
474,0.5,symmetric_const,77.04072309735147,-8,0,0
475,0.5,symmetric_const,68.6000758798069,2,0,0
476,0.5,symmetric_const,75.32430938259472,-8,0,0
477,0.5,symmetric_const,22.71180541923536,11,0,0
478,0.5,symmetric_const,72.25767370206842,-2,0,0
479,0.5,symmetric_const,68.19516925100345,-6,0,0
480,0.5,symmetric_const,53.06308413360955,-10,0,0
481,0.5,symmetric_const,68.85764187549543,0,0,0
482,0.5,symmetric_const,79.61534366948558,-3,0,0
483,0.5,symmetric_const,86.22343253282202,13,0,0
484,0.5,symmetric_const,47.02659997210026,4,0,0
485,0.5,symmetric_const,64.83977158112471,0,0,0
486,0.5,symmetric_const,63.01097266999341,9,0,0
487,0.5,symmetric_const,89.24759389045494,-14,0,0
488,0.5,symmetric_const,35.546193400091624,-12,0,0
489,0.5,symmetric_const,68.04998845168893,-5,0,0
490,0.5,symmetric_const,71.19029444877253,-2,0,0
491,0.5,symmetric_const,69.60938281337656,-4,0,0
492,0.5,symmetric_const,77.27517221005428,5,0,0
493,0.5,symmetric_const,73.75523630095267,-12,0,0
494,0.5,symmetric_const,84.80921897044982,15,0,0
495,0.5,symmetric_const,73.05780823972049,-5,0,0
496,0.5,symmetric_const,72.8970294435747,-5,0,0
497,0.5,symmetric_const,55.672660142485086,2,0,0
498,0.5,symmetric_const,66.56210457275847,18,0,0
499,0.5,symmetric_const,88.56952326913142,-3,0,0
500,0.5,symmetric_const,76.01205872387277,-20,0,0
501,0.5,symmetric_const,70.2874534347003,5,0,0
502,0.5,symmetric_const,64.1869776765866,-15,0,0
503,0.5,symmetric_const,88.60823814894889,-15,0,0
504,0.5,symmetric_const,80.7682317930922,2,0,0
505,0.5,symmetric_const,78.28071970054702,-12,0,0
506,0.5,symmetric_const,81.15754042506501,11,0,0
507,0.5,symmetric_const,81.3376766611193,-1,0,0
508,0.5,symmetric_const,74.65591748122553,0,0,0
509,0.5,symmetric_const,57.03848010508705,-11,0,0
510,0.5,symmetric_const,59.378651564518606,-1,0,0
511,0.5,symmetric_const,91.79317830272589,-14,0,0
512,0.5,symmetric_const,69.40988913741342,-2,0,0
513,0.5,symmetric_const,28.986498136526734,-9,0,0
514,0.5,symmetric_const,55.35486199327022,7,0,0
515,0.5,symmetric_const,69.47764017709324,3,0,0
516,0.5,symmetric_const,93.80587289298921,4,0,0
517,0.5,symmetric_const,72.0775374660135,6,0,0
518,0.5,symmetric_const,77.32356580982571,-2,0,0
519,0.5,symmetric_const,63.76271360787507,7,0,0
520,0.5,symmetric_const,60.027686025978994,3,0,0
521,0.5,symmetric_const,67.00948552445624,-5,0,0
522,0.5,symmetric_const,59.27594508809767,-3,0,0
523,0.5,symmetric_const,39.2253084960621,7,0,0
524,0.5,symmetric_const,63.890696801080836,1,0,0
525,0.5,symmetric_const,68.60007587980654,0,0,0
526,0.5,symmetric_const,67.38535599339669,0,0,0
527,0.5,symmetric_const,99.23795674973326,-18,0,0
528,0.5,symmetric_const,80.82038483594158,8,0,0
529,0.5,symmetric_const,74.38867276558233,9,0,0
530,0.5,symmetric_const,75.24096034608387,2,0,0
531,0.5,symmetric_const,85.46793215186415,10,0,0
532,0.5,symmetric_const,64.42142678928997,-8,0,0
533,0.5,symmetric_const,83.10248397564726,4,0,0
534,0.5,symmetric_const,67.06379840110469,8,0,0
535,0.5,symmetric_const,70.67300262359504,-3,0,0
536,0.5,symmetric_const,90.78171153535777,-11,0,0
537,0.5,symmetric_const,86.4094880457543,-9,0,0
538,0.5,symmetric_const,115.00563816555496,-22,0,0
539,0.5,symmetric_const,72.58891001431425,-13,0,0
540,0.5,symmetric_const,61.96887013348433,1,0,0
541,0.5,symmetric_const,64.98119293736222,0,0,0
542,0.5,symmetric_const,64.4407842291987,-6,0,0
543,0.5,symmetric_const,81.8936833661146,14,0,0
544,0.5,symmetric_const,61.43973975455236,4,0,0
545,0.5,symmetric_const,62.5286362815566,-11,0,0
546,0.5,symmetric_const,60.38795849808804,3,0,0
547,0.5,symmetric_const,76.32393759621053,-1,0,0
548,0.5,symmetric_const,64.51821398883294,6,0,0
549,0.5,symmetric_const,56.6432521962376,2,0,0
550,0.5,symmetric_const,38.44829084139508,-7,0,0
551,0.5,symmetric_const,81.4538213005709,9,0,0
552,0.5,symmetric_const,83.64505251761148,23,0,0
553,0.5,symmetric_const,67.24985391403658,4,0,0
554,0.5,symmetric_const,76.31049943317885,15,0,0
555,0.5,symmetric_const,63.12335786636851,2,0,0
556,0.5,symmetric_const,65.92274883125214,5,0,0
557,0.5,symmetric_const,80.43107620396904,-15,0,0
558,0.5,symmetric_const,12.169195298040677,19,0,0
559,0.5,symmetric_const,67.52677734963459,-10,0,0
560,0.5,symmetric_const,94.4839435143117,-7,0,0
561,0.5,symmetric_const,49.89374197666427,6,0,0
562,0.5,symmetric_const,81.60116193368458,23,0,0
563,0.5,symmetric_const,76.79659526469396,-4,0,0
564,0.5,symmetric_const,80.38644204727507,-11,0,0
565,0.5,symmetric_const,61.84680621715549,-1,0,0
566,0.5,symmetric_const,55.18064503409306,-5,0,0
567,0.5,symmetric_const,69.57066793355943,-8,0,0
568,0.5,symmetric_const,50.99607666669931,1,0,0
569,0.5,symmetric_const,59.31090052483816,0,0,0
570,0.5,symmetric_const,51.269240659219804,12,0,0
571,0.5,symmetric_const,80.45419308695546,12,0,0
572,0.5,symmetric_const,76.18251623997298,5,0,0
573,0.5,symmetric_const,70.64396646373201,0,0,0
574,0.5,symmetric_const,69.26254850429882,-2,0,0
575,0.5,symmetric_const,72.09689490592234,8,0,0
576,0.5,symmetric_const,53.47391003929086,0,0,0
577,0.5,symmetric_const,62.923864190405425,-6,0,0
578,0.5,symmetric_const,55.13225143432123,14,0,0
579,0.5,symmetric_const,72.98413792316353,6,0,0
580,0.5,symmetric_const,57.92948256540467,-18,0,0
581,0.5,symmetric_const,66.64921305234687,1,0,0
582,0.5,symmetric_const,57.21861634114157,-7,0,0
583,0.5,symmetric_const,66.24054698046666,8,0,0
584,0.5,symmetric_const,56.60453731642065,8,0,0
585,0.5,symmetric_const,78.30383658353242,7,0,0
586,0.5,symmetric_const,71.01391765579535,7,0,0
587,0.5,symmetric_const,47.73370675328579,-26,0,0
588,0.5,symmetric_const,76.27554399643805,18,0,0
589,0.5,symmetric_const,75.14417314654077,-4,0,0
590,0.5,symmetric_const,66.23246786978899,-1,0,0
591,0.5,symmetric_const,39.13604018267313,-9,0,0
592,0.5,symmetric_const,60.92460776317489,-10,0,0
593,0.5,symmetric_const,72.54427585762016,3,0,0
594,0.5,symmetric_const,62.49960012169363,0,0,0
595,0.5,symmetric_const,70.80850470295536,7,0,0
596,0.5,symmetric_const,29.159115486427027,-13,0,0
597,0.5,symmetric_const,72.68193777078011,4,0,0
598,0.5,symmetric_const,60.95364392303668,-15,0,0
599,0.5,symmetric_const,67.33696239362456,-3,0,0
600,0.5,symmetric_const,70.23905983492875,4,0,0
601,0.5,symmetric_const,76.1378820832781,-9,0,0
602,0.5,symmetric_const,57.87732952255624,-4,0,0
603,0.5,symmetric_const,71.12630285216937,24,0,0
604,0.5,symmetric_const,79.0265413615511,-4,0,0
605,0.5,symmetric_const,71.87212451317328,-10,0,0
606,0.5,symmetric_const,71.56992436079015,0,0,0
607,0.5,symmetric_const,74.53977284177358,-4,0,0
608,0.5,symmetric_const,60.58369273097367,6,0,0
609,0.5,symmetric_const,56.35449020688634,-12,0,0
610,0.5,symmetric_const,76.58742286877646,-5,0,0
611,0.5,symmetric_const,88.04255272399882,7,0,0
612,0.5,symmetric_const,81.42478514070831,-20,0,0
613,0.5,symmetric_const,72.8873507236205,-4,0,0
614,0.5,symmetric_const,56.74003939578063,6,0,0
615,0.5,symmetric_const,76.62237830551612,16,0,0
616,0.5,symmetric_const,56.476554123214285,0,0,0
617,0.5,symmetric_const,88.30979743964224,-2,0,0
618,0.5,symmetric_const,74.46234308213957,-8,0,0
619,0.5,symmetric_const,17.469536518500263,-26,0,0
620,0.5,symmetric_const,61.7828146205527,-15,0,0
621,0.5,symmetric_const,75.02210923021187,-8,0,0
622,0.5,symmetric_const,56.945452348620734,6,0,0
623,0.5,symmetric_const,68.77053339590685,-1,0,0
624,0.5,symmetric_const,74.59784516149921,16,0,0
625,0.5,symmetric_const,72.52491841771126,3,0,0
626,0.5,symmetric_const,52.05969647691791,4,0,0
627,0.5,symmetric_const,80.46011236383288,-8,0,0
628,0.5,symmetric_const,70.87249629955795,-7,0,0
629,0.5,symmetric_const,59.3243386878695,10,0,0
630,0.5,symmetric_const,60.27557330171369,0,0,0
631,0.5,symmetric_const,84.41991033847705,-8,0,0
632,0.5,symmetric_const,58.61347246360566,-1,0,0
633,0.5,symmetric_const,56.588939319589144,11,0,0
634,0.5,symmetric_const,37.02439855906823,-20,0,0
635,0.5,symmetric_const,73.00349536307226,8,0,0
636,0.5,symmetric_const,55.238717353818856,9,0,0
637,0.5,symmetric_const,28.513840468043327,22,0,0
638,0.5,symmetric_const,84.28440825911775,20,0,0
639,0.5,symmetric_const,85.48137031489597,-4,0,0
640,0.5,symmetric_const,61.147218322123535,-13,0,0
641,0.5,symmetric_const,48.66934337029943,-7,0,0
642,0.5,symmetric_const,63.40620057884348,-8,0,0
643,0.5,symmetric_const,63.33253026228522,-27,0,0
644,0.5,symmetric_const,62.22267668609595,2,0,0
645,0.5,symmetric_const,63.98156472374683,-1,0,0
646,0.5,symmetric_const,51.74781760458018,21,0,0
647,0.5,symmetric_const,64.03587760039545,-12,0,0
648,0.5,symmetric_const,3.7962991201754903,-12,0,0
649,0.5,symmetric_const,79.4448861533856,-24,0,0
650,0.5,symmetric_const,51.60047697146575,-5,0,0
651,0.5,symmetric_const,70.3708024712115,9,0,0
652,0.5,symmetric_const,16.772108457268132,23,0,0
653,0.5,symmetric_const,54.17509754360049,-12,0,0
654,0.5,symmetric_const,87.22898002331523,2,0,0
655,0.5,symmetric_const,50.08355693267231,7,0,0
656,0.5,symmetric_const,91.09950968457133,-16,0,0
657,0.5,symmetric_const,83.72624172032238,14,0,0
658,0.5,symmetric_const,65.55279763918857,2,0,0
659,0.5,symmetric_const,59.25066837131243,3,0,0
660,0.5,symmetric_const,100.15047648375935,-18,0,0
661,0.5,symmetric_const,52.37533479233309,-6,0,0
662,0.5,symmetric_const,67.24985391403675,-12,0,0
663,0.5,symmetric_const,84.90816600379196,-2,0,0
664,0.5,symmetric_const,65.38609956616597,12,0,0
665,0.5,symmetric_const,73.74931702407576,2,0,0
666,0.5,symmetric_const,63.14863458315443,4,0,0
667,0.5,symmetric_const,61.0273142395946,6,0,0
668,0.5,symmetric_const,69.78951904943096,18,0,0
669,0.5,symmetric_const,76.50999310914278,7,0,0
670,0.5,symmetric_const,60.96924191986864,30,0,0
671,0.5,symmetric_const,70.1363533585083,-2,0,0
672,0.5,symmetric_const,71.47689660432457,3,0,0
673,0.5,symmetric_const,102.24276066745631,-7,0,0
674,0.5,symmetric_const,69.13080586801584,3,0,0
675,0.5,symmetric_const,68.57103971994388,11,0,0
676,0.5,symmetric_const,84.07307602939983,-2,0,0
677,0.5,symmetric_const,60.1244732255218,-9,0,0
678,0.5,symmetric_const,83.70688428041399,6,0,0
679,0.5,symmetric_const,65.12853357047669,-4,0,0
680,0.5,symmetric_const,86.7600817979087,12,0,0
681,0.5,symmetric_const,75.1210562635543,-5,0,0
682,0.5,symmetric_const,61.802172060460805,3,0,0
683,0.5,symmetric_const,58.89631517608052,9,0,0
684,0.5,symmetric_const,70.70579822653485,-9,0,0
685,0.5,symmetric_const,61.99790629334723,-6,0,0
686,0.5,symmetric_const,49.89966125354101,-6,0,0
687,0.5,symmetric_const,79.3830543905824,3,0,0
688,0.5,symmetric_const,76.22123111979022,-13,0,0
689,0.5,symmetric_const,41.78433107136584,13,0,0
690,0.5,symmetric_const,79.68309470916552,-2,0,0
691,0.5,symmetric_const,69.59970409342242,-1,0,0
692,0.5,symmetric_const,67.28264951697656,-6,0,0
693,0.5,symmetric_const,76.78315710166282,8,0,0
694,0.5,symmetric_const,69.05337610838114,11,0,0
695,0.5,symmetric_const,74.77798139755419,4,0,0
696,0.5,symmetric_const,85.22380431920692,-18,0,0
697,0.5,symmetric_const,70.59557286396011,-15,0,0
698,0.5,symmetric_const,58.2413614377424,-15,0,0
699,0.5,symmetric_const,75.147932589618,-5,0,0
700,0.5,symmetric_const,71.8334096333565,-14,0,0
701,0.5,symmetric_const,78.2651217037162,-19,0,0
702,0.5,symmetric_const,68.79581011269329,-21,0,0
703,0.5,symmetric_const,65.33178668951768,-1,0,0
704,0.5,symmetric_const,50.29864860546752,10,0,0
705,0.5,symmetric_const,93.7768367331272,-9,0,0
706,0.5,symmetric_const,87.1746671466666,-5,0,0
707,0.5,symmetric_const,65.87435523148037,4,0,0
708,0.5,symmetric_const,47.83641322970743,14,0,0
709,0.5,symmetric_const,58.520444707140314,-10,0,0
710,0.5,symmetric_const,64.58596502851333,15,0,0
711,0.5,symmetric_const,67.97631813513175,2,0,0
712,0.5,symmetric_const,55.316147113453326,-1,0,0
713,0.5,symmetric_const,56.39912436358014,-4,0,0
714,0.5,symmetric_const,72.24583514831426,-4,0,0
715,0.5,symmetric_const,79.1098903980627,8,0,0
716,0.5,symmetric_const,80.74295507630768,8,0,0
717,0.5,symmetric_const,79.40617127356768,12,0,0
718,0.5,symmetric_const,99.54607617899342,12,0,0
719,0.5,symmetric_const,78.20704938399003,1,0,0
720,0.5,symmetric_const,65.62054867886866,3,0,0
721,0.5,symmetric_const,49.5877823812034,-1,0,0
722,0.5,symmetric_const,43.37868086979347,-17,0,0
723,0.5,symmetric_const,60.22717970194253,-9,0,0
724,0.5,symmetric_const,61.31391639514618,7,0,0
725,0.5,symmetric_const,52.67753494471589,-2,0,0
726,0.5,symmetric_const,76.37825047285902,0,0,0
727,0.5,symmetric_const,80.02992901824405,-16,0,0
728,0.5,symmetric_const,79.79172046246276,14,0,0
729,0.5,symmetric_const,71.06231125556667,2,0,0
730,0.5,symmetric_const,61.67042942417811,8,0,0
731,0.5,symmetric_const,73.81330862067892,-4,0,0
732,0.5,symmetric_const,78.42590049986157,3,0,0
733,0.5,symmetric_const,36.78027072641032,-6,0,0
734,0.5,symmetric_const,87.23273946639301,-19,0,0
735,0.5,symmetric_const,85.16573199948107,6,0,0
736,0.5,symmetric_const,71.4672178843701,2,0,0
737,0.5,symmetric_const,76.53310999212727,-2,0,0
738,0.5,symmetric_const,76.45568023249331,4,0,0
739,0.5,symmetric_const,66.6201768924841,14,0,0
740,0.5,symmetric_const,83.63537379765614,-10,0,0
741,0.5,symmetric_const,82.11845375886321,8,0,0
742,0.5,symmetric_const,60.24653714185092,-7,0,0
743,0.5,symmetric_const,75.63242881185533,-18,0,0
744,0.5,symmetric_const,75.07642210686055,5,0,0
745,0.5,symmetric_const,62.45496596499902,6,0,0
746,0.5,symmetric_const,101.22377501393203,-20,0,0
747,0.5,symmetric_const,66.61641744940653,21,0,0
748,0.5,symmetric_const,67.84833494192601,0,0,0
749,0.5,symmetric_const,83.94133339311713,1,0,0
750,0.5,symmetric_const,61.59891894142106,-8,0,0
751,0.5,symmetric_const,58.687142780162844,6,0,0
752,0.5,symmetric_const,60.49818386066204,15,0,0
753,0.5,symmetric_const,64.89408445777349,3,0,0
754,0.5,symmetric_const,55.814081498722544,8,0,0
755,0.5,symmetric_const,68.20484797095781,-5,0,0
756,0.5,symmetric_const,67.71283286256556,-2,0,0
757,0.5,symmetric_const,78.37750690009011,16,0,0
758,0.5,symmetric_const,78.3871856200451,-19,0,0
759,0.5,symmetric_const,74.29564500911653,2,0,0
760,0.5,symmetric_const,56.73627995270317,-11,0,0
761,0.5,symmetric_const,60.58369273097385,0,0,0
762,0.5,symmetric_const,81.13818298515625,1,0,0
763,0.5,symmetric_const,65.58183379905176,-17,0,0
764,0.5,symmetric_const,77.81182147514062,6,0,0
765,0.5,symmetric_const,66.40508521968968,19,0,0
766,0.5,symmetric_const,37.229811511908395,4,0,0
767,0.5,symmetric_const,63.25510050265143,-7,0,0
768,0.5,symmetric_const,67.22457719725048,4,0,0
769,0.5,symmetric_const,107.02205061966288,12,0,0
770,0.5,symmetric_const,78.67594760939699,-3,0,0
771,0.5,symmetric_const,80.59185500011529,7,0,0
772,0.5,symmetric_const,74.50481740503369,-1,0,0
773,0.5,symmetric_const,69.3071826609933,-2,0,0
774,0.5,symmetric_const,67.31168567683943,5,0,0
775,0.5,symmetric_const,64.8397715811247,-4,0,0
776,0.5,symmetric_const,67.55581350949637,-5,0,0
777,0.5,symmetric_const,75.423256415938,-3,0,0
778,0.5,symmetric_const,59.686770993778964,17,0,0
779,0.5,symmetric_const,58.46613183049115,-1,0,0
780,0.5,symmetric_const,62.58670860128211,7,0,0
781,0.5,symmetric_const,72.17432466555654,2,0,0
782,0.5,symmetric_const,79.79172046246345,8,0,0
783,0.5,symmetric_const,74.70055163791949,-12,0,0
784,0.5,symmetric_const,60.38419905501064,-8,0,0
785,0.5,symmetric_const,61.773135900598035,0,0,0
786,0.5,symmetric_const,67.6837967027027,3,0,0
787,0.5,symmetric_const,64.06491376025832,5,0,0
788,0.5,symmetric_const,65.07422069382824,7,0,0
789,0.5,symmetric_const,59.82227307313855,-3,0,0
790,0.5,symmetric_const,71.30643908822411,0,0,0
791,0.5,symmetric_const,72.58299073743683,-7,0,0
792,0.5,symmetric_const,55.20000247400168,-3,0,0
793,0.5,symmetric_const,59.64589628016142,2,0,0
794,0.5,symmetric_const,63.07872370967391,-2,0,0
795,0.5,symmetric_const,64.56660758860482,7,0,0
796,0.5,symmetric_const,59.324338687870295,-12,0,0
797,0.5,symmetric_const,80.06488445498348,5,0,0
798,0.5,symmetric_const,65.07422069382983,13,0,0
799,0.5,symmetric_const,58.77425125975151,7,0,0
800,0.5,symmetric_const,66.93205576482183,-15,0,0
801,0.5,symmetric_const,58.09618063842788,6,0,0
802,0.5,symmetric_const,70.66332390364028,16,0,0
803,0.5,symmetric_const,77.1299914107401,16,0,0
804,0.5,symmetric_const,49.53346950455466,6,0,0
805,0.5,symmetric_const,47.82673450975278,-7,0,0
806,0.5,symmetric_const,67.26329207706789,-2,0,0
807,0.5,symmetric_const,70.79506653992371,-7,0,0
808,0.5,symmetric_const,63.20670690288057,-12,0,0
809,0.5,symmetric_const,66.95141320473044,9,0,0
810,0.5,symmetric_const,67.30792623376243,-2,0,0
811,0.5,symmetric_const,67.73219030247401,10,0,0
812,0.5,symmetric_const,85.06302552306101,-2,0,0
813,0.5,symmetric_const,68.70654179930398,-13,0,0
814,0.5,symmetric_const,62.586708601282226,7,0,0
815,0.5,symmetric_const,53.50670564223071,10,0,0
816,0.5,symmetric_const,69.99869144534887,13,0,0
817,0.5,symmetric_const,34.73853997628498,13,0,0
818,0.5,symmetric_const,55.99797717785407,11,0,0
819,0.5,symmetric_const,68.74741651292084,-14,0,0
820,0.5,symmetric_const,70.0686023188284,1,0,0
821,0.5,symmetric_const,81.77161944978582,-6,0,0
822,0.5,symmetric_const,79.76644374567742,2,0,0
823,0.5,symmetric_const,73.28633807554665,2,0,0
824,0.5,symmetric_const,74.23757268939084,12,0,0
825,0.5,symmetric_const,59.735164593549825,12,0,0
826,0.5,symmetric_const,66.11256378726068,-4,0,0
827,0.5,symmetric_const,35.19184020485977,16,0,0
828,0.5,symmetric_const,65.20596333011122,-4,0,0
829,0.5,symmetric_const,73.73963830412157,-5,0,0
830,0.5,symmetric_const,73.24762319572952,2,0,0
831,0.5,symmetric_const,47.958477146035875,-14,0,0
832,0.5,symmetric_const,62.26139156591353,2,0,0
833,0.5,symmetric_const,68.70278235622709,10,0,0
834,0.5,symmetric_const,79.58630750962266,6,0,0
835,0.5,symmetric_const,57.517057050447306,4,0,0
836,0.5,symmetric_const,70.02988743901119,3,0,0
837,0.5,symmetric_const,62.43184908201306,-3,0,0
838,0.5,symmetric_const,42.379052656178146,-4,0,0
839,0.5,symmetric_const,76.78315710166294,-16,0,0
840,0.5,symmetric_const,69.85351064603412,-6,0,0
841,0.5,symmetric_const,68.23012468774314,1,0,0
842,0.5,symmetric_const,73.7202808642129,9,0,0
843,0.5,symmetric_const,64.24129055323584,4,0,0
844,0.5,symmetric_const,68.62911203966956,-5,0,0
845,0.5,symmetric_const,75.83192248781819,-2,0,0
846,0.5,symmetric_const,72.72065265059734,-6,0,0
847,0.5,symmetric_const,60.72887353028841,-11,0,0
848,0.5,symmetric_const,65.81036363487766,4,0,0
849,0.5,symmetric_const,65.66518283556331,-7,0,0
850,0.5,symmetric_const,54.541289292586626,0,0,0
851,0.5,symmetric_const,51.4203407354116,-1,0,0
852,0.5,symmetric_const,70.42887479093741,1,0,0
853,0.5,symmetric_const,71.17093700886426,2,0,0
854,0.5,symmetric_const,68.50704812334092,-1,0,0
855,0.5,symmetric_const,58.3150317542993,-12,0,0
856,0.5,symmetric_const,51.11222130615124,-9,0,0
857,0.5,symmetric_const,88.04847200087625,13,0,0
858,0.5,symmetric_const,59.9212201064816,-2,0,0
859,0.5,symmetric_const,100.49731079283708,-6,0,0
860,0.5,symmetric_const,81.05859339172173,-2,0,0
861,0.5,symmetric_const,62.48024268178507,0,0,0
862,0.5,symmetric_const,71.40322628776721,10,0,0
863,0.5,symmetric_const,71.60487979753012,-1,0,0
864,0.5,symmetric_const,68.02847117798069,18,0,0
865,0.5,symmetric_const,73.27665935559298,13,0,0
866,0.5,symmetric_const,65.51408275937115,6,0,0
867,0.5,symmetric_const,69.7567234464916,-18,0,0
868,0.5,symmetric_const,77.83117891504969,-2,0,0
869,0.5,symmetric_const,82.68789862688982,3,0,0
870,0.5,symmetric_const,79.4583243164169,-2,0,0
871,0.5,symmetric_const,61.95327213665263,2,0,0
872,0.5,symmetric_const,58.02842959874809,1,0,0
873,0.5,symmetric_const,80.96556563525621,7,0,0
874,0.5,symmetric_const,64.95215677749921,1,0,0
875,0.5,symmetric_const,91.53937175011515,9,0,0
876,0.5,symmetric_const,66.03513402762633,-6,0,0
877,0.5,symmetric_const,71.10694541226093,4,0,0
878,0.5,symmetric_const,74.01872157351897,-8,0,0
879,0.5,symmetric_const,84.56509113779191,9,0,0
880,0.5,symmetric_const,58.3983807908113,-6,0,0
881,0.5,symmetric_const,77.94732355450104,0,0,0
882,0.5,symmetric_const,73.61757438779267,-3,0,0
883,0.5,symmetric_const,77.57737236243781,-7,0,0
884,0.5,symmetric_const,63.67936457136341,-5,0,0
885,0.5,symmetric_const,47.60196411700372,-1,0,0
886,0.5,symmetric_const,93.31009834152064,14,0,0
887,0.5,symmetric_const,75.52004361548143,-9,0,0
888,0.5,symmetric_const,59.66149427699281,-3,0,0
889,0.5,symmetric_const,67.42999015009104,8,0,0
890,0.5,symmetric_const,71.19405389184982,-1,0,0
891,0.5,symmetric_const,68.02471173490312,3,0,0
892,0.5,symmetric_const,60.16910738221645,9,0,0
893,0.5,symmetric_const,63.479870895400396,1,0,0
894,0.5,symmetric_const,59.65181555703964,-2,0,0
895,0.5,symmetric_const,64.45046294915298,-1,0,0
896,0.5,symmetric_const,55.10697471753582,2,0,0
897,0.5,symmetric_const,79.34809895384342,16,0,0
898,0.5,symmetric_const,72.39909505830519,10,0,0
899,0.5,symmetric_const,74.69087291796558,5,0,0
900,0.5,symmetric_const,59.30122180488388,17,0,0
901,0.5,symmetric_const,69.04369738842745,2,0,0
902,0.5,symmetric_const,52.551711585310045,5,0,0
903,0.5,symmetric_const,66.59114073262128,-1,0,0
904,0.5,symmetric_const,70.438553510892,-12,0,0
905,0.5,symmetric_const,112.50252807617744,-15,0,0
906,0.5,symmetric_const,81.45006185749378,-10,0,0
907,0.5,symmetric_const,69.04745683150435,-5,0,0
908,0.5,symmetric_const,82.03510472235143,4,0,0
909,0.5,symmetric_const,80.35148661053427,22,0,0
910,0.5,symmetric_const,60.651443770654055,1,0,0
911,0.5,symmetric_const,65.0548632539194,-3,0,0
912,0.5,symmetric_const,69.4195678573675,3,0,0
913,0.5,symmetric_const,64.77202054144482,-1,0,0
914,0.5,symmetric_const,67.7262710255971,4,0,0
915,0.5,symmetric_const,70.316489594563,-8,0,0
916,0.5,symmetric_const,77.48058516289484,5,0,0
917,0.5,symmetric_const,50.29488916238985,1,0,0
918,0.5,symmetric_const,52.35597735242379,10,0,0
919,0.5,symmetric_const,66.25022570042091,5,0,0
920,0.5,symmetric_const,75.61091153814641,-7,0,0
921,0.5,symmetric_const,65.58183379905176,-21,0,0
922,0.5,symmetric_const,43.17326791695223,15,0,0
923,0.5,symmetric_const,74.12518749301643,-1,0,0
924,0.5,symmetric_const,68.0053542949945,-3,0,0
925,0.5,symmetric_const,47.90416426938674,-5,0,0
926,0.5,symmetric_const,70.38048119116615,8,0,0
927,0.5,symmetric_const,81.07419138855312,11,0,0
928,0.5,symmetric_const,67.74562846550555,4,0,0
929,0.5,symmetric_const,60.23685842189661,-10,0,0
930,0.5,symmetric_const,75.50068617557238,1,0,0
931,0.5,symmetric_const,117.40012250163409,-29,0,0
932,0.5,symmetric_const,68.98186562562441,-1,0,0
933,0.5,symmetric_const,67.06379840110503,8,0,0
934,0.5,symmetric_const,89.50515988614438,-10,0,0
935,0.5,symmetric_const,68.41993964375217,2,0,0
936,0.5,symmetric_const,64.46014166910788,-10,0,0
937,0.5,symmetric_const,81.37639154093677,19,0,0
938,0.5,symmetric_const,80.21598453117502,4,0,0
939,0.5,symmetric_const,26.373162684575163,-32,0,0
940,0.5,symmetric_const,66.62609616936186,-6,0,0
941,0.5,symmetric_const,69.61906153333075,-17,0,0
942,0.5,symmetric_const,66.69384720904128,-3,0,0
943,0.5,symmetric_const,51.74189832770355,-9,0,0
944,0.5,symmetric_const,54.0820697871344,-7,0,0
945,0.5,symmetric_const,64.75266310153597,5,0,0
946,0.5,symmetric_const,81.07419138855374,-5,0,0
947,0.5,symmetric_const,65.56247635914316,1,0,0
948,0.5,symmetric_const,62.98193651013128,8,0,0
949,0.5,symmetric_const,75.87063736763558,0,0,0
950,0.5,symmetric_const,52.29790503269794,10,0,0
951,0.5,symmetric_const,69.14640386484746,-8,0,0
952,0.5,symmetric_const,54.12670394382917,-9,0,0
953,0.5,symmetric_const,47.890726106355544,-3,0,0
954,0.5,symmetric_const,42.90602320130938,14,0,0
955,0.5,symmetric_const,61.544606064772324,9,0,0
956,0.5,symmetric_const,68.2919564505458,4,0,0
957,0.5,symmetric_const,82.62982630716351,13,0,0
958,0.5,symmetric_const,77.0950359739993,-19,0,0
959,0.5,symmetric_const,71.56024564083594,-5,0,0
960,0.5,symmetric_const,82.77124766340148,9,0,0
961,0.5,symmetric_const,55.63394526266785,2,0,0
962,0.5,symmetric_const,70.6246090238234,2,0,0
963,0.5,symmetric_const,71.86244579321942,-13,0,0
964,0.5,symmetric_const,63.071204823520105,0,0,0
965,0.5,symmetric_const,64.38271190947307,-6,0,0
966,0.5,symmetric_const,82.16684735863419,-13,0,0
967,0.5,symmetric_const,91.510335590252,24,0,0
968,0.5,symmetric_const,70.34552575442603,-1,0,0
969,0.5,symmetric_const,76.4906356692336,11,0,0
970,0.5,symmetric_const,65.92274883125191,-1,0,0
971,0.5,symmetric_const,89.86167291517557,5,0,0
972,0.5,symmetric_const,65.51784220244849,11,0,0
973,0.5,symmetric_const,73.58853822793037,8,0,0
974,0.5,symmetric_const,77.23645733023699,-5,0,0
975,0.5,symmetric_const,87.97856112739669,17,0,0
976,0.5,symmetric_const,81.3957489808447,-11,0,0
977,0.5,symmetric_const,81.64363625657984,6,0,0
978,0.5,symmetric_const,69.40396986053611,-14,0,0
979,0.5,symmetric_const,74.4467450853079,5,0,0
980,0.5,symmetric_const,77.81182147514079,-4,0,0
981,0.5,symmetric_const,60.87621416340292,-1,0,0
982,0.5,symmetric_const,68.88291859228093,-12,0,0
983,0.5,symmetric_const,71.81781163652477,-1,0,0
984,0.5,symmetric_const,73.92569381705312,9,0,0
985,0.5,symmetric_const,92.77344907643374,17,0,0
986,0.5,symmetric_const,59.80291563323016,-5,0,0
987,0.5,symmetric_const,44.43638140313442,-6,0,0
988,0.5,symmetric_const,86.39013060584591,-1,0,0
989,0.5,symmetric_const,35.298306124358305,-13,0,0
990,0.5,symmetric_const,67.23049647412779,-4,0,0
991,0.5,symmetric_const,64.23537127635802,6,0,0
992,0.5,symmetric_const,74.90972403383739,5,0,0
993,0.5,symmetric_const,59.21195349149514,3,0,0
994,0.5,symmetric_const,93.17243642835979,-13,0,0
995,0.5,symmetric_const,83.76495660013943,2,0,0
996,0.5,symmetric_const,64.61124174529914,5,0,0
997,0.5,symmetric_const,74.15422365287895,-6,0,0
998,0.5,symmetric_const,120.95501384747809,-21,0,0
999,0.5,symmetric_const,77.84677691188062,-7,0,0
